Mean_Rg,StdErr
2.2388534955357144,0.010902491622931745
