Rg,Rgx2,Rgy2,Rgz2
3.1787211789648993,0.5642640899999999,0.5400042436,9.0
2.7858438257016487,0.4878709476,1.1255548735999996,6.147499999999999
3.9237687919269657,1.0371727224999998,0.7112888100000001,13.647499999999999
4.42556393498049,0.18767556249999998,0.3504405800999999,19.047499999999996
3.896207362615599,0.6452562500000002,0.18767556249999998,14.3475
3.364375983997627,0.09009389609999996,1.3414318656000002,9.8875
3.5716920423379173,1.0183423844000006,1.6911416609,10.047500000000001
4.5582365094518735,0.44750576,0.9825143161,19.347499999999997
3.2842328672157213,0.3477325625000002,1.5484529635999997,8.889999999999997
2.799141406020782,0.1900363608999999,2.58515625,5.0600000000000005
3.37419451048691,0.18767556249999998,0.2475130321,10.95
2.1636930911753636,3.244067616400001,0.32750017639999995,1.1099999999999999
4.5711255282041865,0.18767556249999998,0.2475130321,20.46
4.509292897617097,0.5325282281000001,0.7136942084,19.0875
3.802172423457411,0.9971220176000003,0.6118931201,12.847500000000002
3.7114331797972597,0.4,1.1872362481,12.1875
3.2613408013422944,0.24751303209999995,0.3288307903999998,10.059999999999999
3.0066879609297668,0.44750576,0.9451667343999999,7.647499999999999
3.417991583518017,0.9674909025000004,0.1876755625,10.5275
3.799069527792299,0.44877234889999995,0.8566569280999999,13.127500000000001
3.341800546845966,0.2275970225,1.5500338723999996,9.389999999999999
4.262144801505458,0.44877234889999984,0.7696059600999999,16.9475
4.425510062467376,0.1475149769,1.1976243361,18.240000000000002
3.3129327678810503,0.3875561000999999,0.6279674243999999,9.959999999999999
2.9978720287063627,2.5495412601,0.8476954404000001,5.5900000000000025
2.5985884077514085,1.5419648729,1.4831968400000002,3.7275
1.6758302525613982,0.7905736025,0.9303334328999998,1.0875
3.6438469254484334,0.4,0.9301204161000003,11.947500000000002
3.8852873033149042,0.2400485809,0.4279088483999999,14.4275
2.358611068234863,1.3031764496000005,4.019869721600001,0.24000000000000007
2.7192459566762253,0.5546553329000004,1.0496432400000004,5.79
3.057469626341364,0.3275001764,0.6306203396000001,8.389999999999999
3.273205304483665,0.4101787568999999,0.7136942083999999,9.59
2.2934481029445597,0.7,1.2324042009,3.3275000000000006
3.4598813744549104,0.36000795240000016,0.5107711729000003,11.1
3.8939600412048403,2.368709,0.6542158024999994,12.14
