Rg,Rgx2,Rgy2,Rgz2
3.178552742680228,0.5631945103999996,0.5400030276,9.0
2.907614864248702,0.7108844223999998,1.5958397764000003,6.147499999999999
3.9802112366682247,1.4836371555999999,0.7109443328999998,13.647499999999999
4.452120930219663,0.4235502649000001,0.35033051239999996,19.047499999999996
3.896020925572654,0.6438477209000001,0.18763133159999987,14.3475
3.385198648233217,0.09007123360000001,1.4819986543999994,9.8875
3.6390603166889117,1.5148624361000007,1.6803975523999994,10.047500000000001
4.584619652577517,0.6993679684000002,0.9718693903999993,19.347499999999997
3.344406746345306,0.4330549225000002,1.8620015625000002,8.889999999999997
2.9381162577576814,0.19002714410000002,3.3825000000000003,5.0600000000000005
3.3741874582927367,0.18763133159999987,0.24750967210000008,10.95
2.2142093385450257,3.465222904899999,0.3275000900000001,1.1099999999999999
4.604849638859015,0.18763133159999987,0.5570088649000002,20.46
4.509039833146298,0.5312982568999999,0.71264196,19.0875
3.8546023013146247,0.9848919568999994,1.0255669443999997,12.847500000000002
3.7707617958444417,0.6414190288999999,1.3897254920999997,12.1875
3.2612899330939586,0.2475096721,0.3285023555999997,10.059999999999999
3.0064685742578448,0.4475043264000001,0.9438489616000002,7.647499999999999
3.417672694100475,0.9653553123999993,0.18763133159999995,10.5275
3.8567941655473397,0.44844556249999973,1.2989156729000002,13.127500000000001
3.4178872664410687,0.22757225,2.0643811161000007,9.389999999999999
4.2819324685590265,0.6203846243999999,0.7670610408999999,16.9475
4.463196059563147,0.14751122249999996,1.5326078436000015,18.240000000000002
3.312911252010835,0.3875427716,0.6278381920999999,9.959999999999999
3.0620561957776022,2.4557015235999997,1.3304866225000005,5.5900000000000025
2.7506274807759774,2.2083707583999996,1.6300807796000008,3.7275
1.707871703612423,0.8997845235999999,0.9295412324000001,1.0875
3.643733691819423,0.4,0.9292952169000003,11.947500000000002
3.8852723612380125,0.2400361201,0.42780520089999996,14.4275
2.44953020940751,1.7531959044,4.0070023424,0.24000000000000007
2.7509211677727157,0.5534245903999999,1.2241426809000004,5.79
3.057329233759426,0.3275000900000001,0.6297619536000002,8.389999999999999
3.273037812186104,0.4101345600000001,0.7126419599999996,9.59
2.337200537052822,0.7,1.4350063504,3.3275000000000006
3.493203452090931,0.3600063000999999,0.7424640576000004,11.1
3.8912254607642565,2.349262150399999,0.6523734361000002,12.14
