Rg,Rgx2,Rgy2,Rgz2
1.319637972324228,1.1913366336,0.21010774439999985,0.34000000000000014
2.0873850160667535,0.9141903809000003,1.8329858244000001,1.6099999999999999
1.4009998243040576,1.0252643876000005,0.4900361200999999,0.44750000000000006
2.1774965103301547,0.5285208024999999,2.7854702500000004,1.4275000000000007
1.1068198699427112,0.4475471969000001,0.2900030276000001,0.4875
2.0192832771307745,0.5882518564000001,0.9492530968999995,2.54
1.6388018956847714,1.2878411409000001,0.35033051239999996,1.0475000000000003
1.9094772705638579,2.3778405824,0.34076286440000014,0.9275
1.3483823576790077,0.9176403648999999,0.5404946175999996,0.36000000000000004
1.8687021787593656,1.1462026728999999,1.8358451600000003,0.51
1.3924367461755667,0.39124553209999996,0.16013456,1.3875
1.7563467239984252,1.9069233025000003,0.3503305124,0.8274999999999999
1.6025243367886803,0.3275000900000001,1.7530841600000002,0.4875
2.8973531253197287,1.6056090704,0.8015460623999994,5.9875
2.10438371151746,0.8132851204,3.1876456849000006,0.42750000000000005
2.2726193726403023,1.6650074529000005,2.4722913600000007,1.0275000000000003
1.5082926895002842,0.8275729316000003,1.0998739056000004,0.34750000000000003
1.4623120570179267,1.0582492224999998,0.5901073296000001,0.48999999999999994
1.7295384534898317,0.5285208025000001,1.1527824595999996,1.3099999999999994
1.7145781088361067,0.8457447729000002,1.7465333183999998,0.34750000000000014
1.7009452723706309,0.4,2.3032148196,0.18999999999999997
1.9396526486976995,0.4228174900000001,1.4119349076,1.9275000000000007
2.764151753160452,3.7574790655999997,3.5355558489000005,0.3475000000000002
2.4925873197141963,1.46473969,0.5882518564,4.160000000000001
2.398562306653717,0.3319835763999998,1.9936175625000003,3.4274999999999998
1.902574809698688,2.0623068809,0.8299840255999994,0.7274999999999999
1.5457921781403863,0.9876313316,0.9543421263999997,0.44750000000000006
1.8553240223745284,2.2818967156,0.35033051239999996,0.8099999999999999
1.5635801229869863,0.5333334760999999,0.7614493249,1.15
1.9360997186353806,0.9870327955999999,1.0114493249,1.75
1.9353504240834525,1.5105760656,1.3475051983999993,0.8875
1.8792237178420244,0.9933612735999997,1.1106205080999998,1.4275000000000007
1.8769717098027876,2.2351667225,0.5603560769,0.7274999999999998
2.353794962374591,2.9893884224000002,1.6009623024999997,0.95
1.3530348785230926,0.5105688224999999,0.4101345600000001,0.9100000000000001
2.501076723413338,0.8099394899999999,4.297945286399999,1.1475000000000006
