Rg,Rgx2,Rgy2,Rgz2
1.319852446336332,1.1918662399999997,0.2101442401,0.34000000000000014
2.0011950202066764,0.5418447025000002,1.8529368064000002,1.6099999999999999
1.3364616250757073,0.8485810944000003,0.49004858090000003,0.44750000000000006
2.2134832195885292,0.5288875625000001,2.9431204009000003,1.4275000000000007
1.1068277935162272,0.44756352090000007,0.29000424360000004,0.4875
2.019537901847846,0.5885323368999998,0.9500010000999994,2.54
1.6388781239006154,1.2879809249,0.35044058010000007,1.0475000000000003
1.7754181189229765,1.8835938001000003,0.3410156969000001,0.9275
1.1841291406768097,0.8021132409,0.24004858089999997,0.36000000000000004
1.8833643660481632,1.1603912704,1.8766700649,0.51
1.3553639559173762,0.2893326960999997,0.1601787568999999,1.3875
1.5895837450729042,1.3488359024999996,0.3504405801,0.8274999999999999
1.6118478999272852,0.32750017639999995,1.7830534760999996,0.4875
2.8810664867371596,1.5109308601000002,0.8021132409000001,5.9875
2.0261024385010744,0.4900485808999998,3.1875425103999997,0.42750000000000005
2.0377781519341105,1.1275007395999999,1.9975390568999996,1.0275000000000003
1.3743324420605083,0.8275954529000001,0.7136942083999999,0.34750000000000003
1.3349361215054447,0.7019070688999995,0.5901473795999997,0.48999999999999994
1.620654486619526,0.5288875625000002,0.7876334024999998,1.3099999999999994
1.4854616966115284,0.5135868121000005,1.34550964,0.34750000000000014
1.5874112263682654,0.4,1.9298744016,0.18999999999999997
1.8220149885772072,0.24750380249999998,1.1447348161000002,1.9275000000000007
2.4179657294717805,2.636617908899999,2.86244036,0.3475000000000002
2.494392108570744,1.4734596543999998,0.5885323369,4.160000000000001
2.2727368942532706,0.26003147210000005,1.477801518400001,3.4274999999999998
1.9034013515020947,2.0645319824,0.8309047225,0.7274999999999999
1.4265957950660026,0.9876755625,0.6,0.44750000000000006
1.6798999566045592,1.6616232840999996,0.35044058010000007,0.8099999999999999
1.533718209743889,0.44024398440000007,0.7620475625,1.15
1.8950445428538085,0.8291462569,1.0120475625000003,1.75
1.936688374855387,1.5157577809,1.3475040804000002,0.8875
1.8240902568952009,0.7889273283999995,1.1108779369000001,1.4275000000000007
1.7673301266316939,1.8354691328999997,0.5604866436000001,0.7274999999999998
2.093618636619382,2.2476359556000003,1.1856030399999997,0.95
1.3531259844522978,0.5107711729000003,0.4101787568999999,0.9100000000000001
2.373203621120615,0.5508443088999997,3.933751118399999,1.1475000000000006
