Rg,Rgx2,Rgy2,Rgz2
2.0637844015545808,2.0949304399999997,1.8742756160999996,0.2899999999999999
2.314880878922283,1.9833342899999997,2.2153391936,1.1599999999999997
1.9143773191562838,1.1434769600000005,2.0338635601,0.4875
1.6598583573305283,0.4475043264,0.64762544,1.6599999999999997
2.187917913016848,0.6475417316000002,2.3294430625,1.81
2.264534454518191,0.36000630009999995,3.6406099955999998,1.1275
2.4498614478578173,3.8717849935999995,0.24003612009999994,1.8900000000000001
2.496744602337211,2.439516544399999,2.6442170648999994,1.15
1.5349916378273858,0.7486978521,1.1475014761,0.46000000000000024
2.766110644442843,2.8740612164000012,3.167306880899999,1.61
1.8616430616527975,0.5879449441000002,1.6877699449,1.1900000000000008
2.1471318608087393,2.2346434641000004,0.34803176360000004,2.0275
1.9329702123933519,1.8294470576,1.4469267844,0.46000000000000013
1.8590230822934932,1.2483590761000003,0.46010774439999985,1.7475
1.9878559433218495,1.4019120025,2.0221592489000004,0.5275
2.730722744860781,1.6491327524,3.0602139569,2.7474999999999996
1.9395425205960295,0.1876313316,2.4141938575999995,1.16
1.6998799205237998,0.24750967210000002,0.8820820721000002,1.7599999999999998
2.0659603017483175,0.6601345600000001,2.648057408399999,0.9600000000000003
2.6660874127642553,1.8733521321000004,4.484669960400001,0.75
2.716727671979656,1.2400361200999996,0.4405731236,5.7
1.8858872311196129,0.8275174724000001,1.5815531761,1.1474999999999997
1.9185621784034,2.4533633599999995,0.8275174724,0.4
2.0681765987700373,0.6278381920999997,2.8220162516,0.8275
2.200588456799681,1.4900361200999999,1.1250534361,2.227500000000001
1.6015878796993939,1.2137088100000002,0.6113749263999997,0.74
1.8706606064168885,2.389371104400001,0.5,0.6100000000000001
2.3616017173520176,3.364566622499999,1.565096048900001,0.6475000000000002
2.31563842179646,2.9479680089000007,1.3042132916,1.1099999999999999
2.0667570822426136,0.3475000169000001,1.5839848201000004,2.3400000000000003
2.7159726575391,3.0146858121000006,3.9343216643999988,0.42750000000000005
1.8445879091276725,1.5402676495999992,1.4347369049,0.42749999999999994
2.544370654837852,1.1842141635999996,2.7496078655999994,2.5400000000000014
2.2604320132443707,0.9876719329,3.5318809535999995,0.59
2.3552327300078013,4.488861107600001,0.8482601049000003,0.2099999999999999
2.0165861232538522,1.0291056048999998,0.9475139875999998,2.0900000000000007
