Rg,Rgx2,Rgy2,Rgz2
2.152266259666773,2.276204987600001,1.9285450649000004,0.42749999999999994
2.0514692222161166,3.2084035055999998,0.7526224641000001,0.2475
1.925875353495132,2.5299760516,0.9315198255999999,0.2475000000000001
2.0140390806784256,1.5423060223999996,1.0540473960999999,1.4599999999999995
1.8995229637464244,0.9141903809,2.3664971088999995,0.3275
2.224782548025762,1.5109405504000009,2.8987168355999997,0.5399999999999998
1.2309067477270568,0.18763133159999992,0.32750008999999997,1.0
1.3658847215266743,0.22757224999999998,0.5105688224999999,1.1275000000000004
1.9520076594368165,1.1124039999999995,1.1079299025,1.59
1.3243251321710994,0.7475549080999999,0.5787821475999999,0.4275000000000002
1.259092332793747,0.5102005056000001,0.12761299689999994,0.9475
1.9822924869201317,0.6302154521000001,1.3092680516000001,1.9899999999999998
2.228324280821802,2.2684832041,0.9569458964000006,1.7400000000000002
1.982783186861337,2.3568453635999997,1.2470838025,0.32750000000000024
1.2661964734195084,0.4657360369000002,0.5475174724,0.59
1.9711676570500034,2.8104941481,0.28750778409999994,0.7875
2.2200568502630738,1.00826629,3.7103861284000006,0.21000000000000002
2.3395017022648226,0.35033051239999996,4.575437702500002,0.5475000000000003
2.0850872493974926,0.7420202500000004,3.1580685876000003,0.44750000000000006
1.4645807048094004,0.5476108809000001,0.40738575999999993,1.19
2.227484501517351,2.2846072409000002,1.7295799636000004,0.9475000000000001
2.2868368492745605,1.5313365635999996,1.770786211599999,1.9274999999999995
2.1396646221312348,2.2406219236,0.3875427716,1.95
2.302688526918046,0.35033051239999996,4.7245439396,0.22749999999999995
1.6536002458877417,1.9868510015999994,0.3875427716,0.36
2.548716205308076,2.0775367236,0.5909175716,3.8274999999999992
2.0698349927711632,1.5662270408999999,1.2704898564000002,1.4475000000000011
2.1462038940650534,0.4235502648999999,0.6326408899999998,3.55
2.054478300810208,3.2732733441,0.46010774439999985,0.4875
2.2331788422784236,0.7281604899999999,3.3189272516000003,0.9399999999999998
1.9218800039804773,1.9129632441000002,0.7331595055999998,1.0474999999999999
2.5304444398563666,1.7133953076000001,3.662253755599999,1.0275000000000005
1.829452916038016,1.3994205123999999,1.2199774595999997,0.7275000000000003
2.0255618973509546,2.4629009999999996,0.25,1.39
2.214315789628932,3.428096176100001,1.1750982401,0.3
1.7727601205464885,2.3626423249000004,0.24003612009999994,0.5399999999999999
