Rg,Rgx2,Rgy2,Rgz2
1.2669273858434034,0.7101022121000002,0.24750278889999996,0.6474999999999997
1.7905969164499307,0.7475799236000003,1.1111573935999999,1.3475
2.283610520995207,0.16013456000000015,1.807242451600001,3.2474999999999987
2.486016156423767,1.0776236963999997,3.2126526336,1.89
1.2966025183146916,0.6523734361000002,0.6013046544,0.42750000000000005
2.00942741794771,2.2794322276,0.6308663203999993,1.1275
2.063092418991452,0.34076286440000003,3.7255874649000007,0.1899999999999999
2.2160181185405503,2.4447121296,0.43852417209999983,2.0275
2.113791515571013,2.1161173169,2.1119972544,0.23999999999999994
2.1180057531791547,2.0106597103999997,1.9277886600999998,0.5474999999999997
2.3041571276716346,2.236531284099999,1.7851087848999998,1.2875
1.8930452775620557,0.22757224999999992,1.8960481728999998,1.4600000000000004
2.056326585199929,2.6978108025,0.8906682224999999,0.6399999999999999
1.6155304459217104,0.6938489616000002,1.6285896601,0.2875
1.3247778531512369,0.24003612009999994,1.0875002401000002,0.42749999999999994
2.2173681534873726,1.9321976881000005,1.1970238399999997,1.7875
2.5165780384085052,0.42780520089999996,3.857859822499999,2.0475
2.129609901296479,0.5276359555999999,1.4601023760999998,2.5474999999999994
2.3899843770200677,0.9384894323999999,3.846035890000001,0.9275000000000002
1.4798770624953952,0.25,0.49003612009999997,1.45
1.753193629722627,1.0274201023999996,1.8862678009,0.15999999999999998
2.1805274859079398,0.4606822544,3.0840178624000005,1.21
1.7575485775363366,0.36165649000000016,2.0173205124,0.7099999999999999
1.1640630831703238,0.32750009000000013,0.3875427716,0.6399999999999999
1.320981865734727,0.40738575999999993,0.5901073296000001,0.7475000000000003
1.5686489427529666,0.7331595055999997,0.5,1.2275000000000005
1.2711736660661281,0.6532064964000002,0.5126759929,0.45
1.66307177968962,0.22757224999999992,1.7482354943999998,0.7899999999999998
1.7469045492241413,2.2516483600000003,0.19002714410000002,0.6099999999999997
1.9443724900594537,1.4019120025,1.2286723776000001,1.15
1.6471201831074744,0.6892139600000001,1.7962909375999998,0.22749999999999995
1.3276004489679867,0.6278381920999998,0.38718476,0.7475000000000002
1.3177863597715678,0.8410291264000002,0.34803176360000004,0.5474999999999998
1.25563604858255,0.49003612009999997,0.7265857663999998,0.3600000000000001
1.780003464069663,0.5416491720999999,2.06676316,0.5600000000000002
2.094592824990098,2.812206105599999,0.12761299689999997,1.4475000000000011
