Rg,Rgx2,Rgy2,Rgz2
1.26694503783708,0.7101459264000003,0.24750380249999998,0.6474999999999997
1.765343050231314,0.7476129968999998,1.0213230881000002,1.3475
2.154981081425078,0.1601787568999999,1.2362647044000004,3.2474999999999987
2.2069062987358565,0.6903179088999999,2.2901175024999985,1.89
1.2974762806695155,0.6542158024999994,0.6017288963999997,0.42750000000000005
1.8714647201590524,1.7428751043999995,0.6320050944000005,1.1275
1.8647137994341112,0.3410156968999997,2.9461418568999993,0.1899999999999999
2.098225426640331,2.0246093608999995,0.35044058009999995,2.0275
1.968430780342555,2.1543079001,1.4804118369,0.23999999999999994
1.997790639306331,1.5157577808999998,1.9279096575999997,0.5474999999999997
2.0651036193130845,1.6421464689,1.3350064896000007,1.2875
1.7885674246446512,0.2275970224999999,1.51137641,1.4600000000000004
1.8768587131694277,1.9916289296000003,0.8909696995999999,0.6399999999999999
1.6161136174167954,0.6951667344,1.6291564900000002,0.2875
1.3247830458229755,0.24004858089999997,1.0875015376000001,0.42749999999999994
2.175466133429799,1.9951518976,0.9500010000999994,1.7875
2.6058209947154856,0.4279088483999998,4.314894208100003,2.0475
2.0187086684561493,0.5276846880999999,1.0,2.5474999999999994
2.1256613298688953,0.5505184729000001,3.0404176164,0.9275000000000002
1.4798812725688504,0.25,0.4900485808999999,1.45
1.5004991836052428,0.7431404815999998,1.3483573184000002,0.15999999999999998
2.0236072012621427,0.4609066121000002,2.424079492900001,1.21
1.5381989835518683,0.16017875689999994,1.4958773561000012,0.7099999999999999
1.1640688452578738,0.32750017639999995,0.3875561000999998,0.6399999999999999
1.2904139895785383,0.3275208849,0.5901473796,0.7475000000000003
1.4747900731968602,0.44750576,0.5,1.2275000000000005
1.1504758861010518,0.36000795240000016,0.5135868121,0.45
1.6631694366179293,0.2275970224999999,1.7485355524000006,0.7899999999999998
1.6186618209187489,1.8200297296000003,0.19003636089999992,0.6099999999999997
1.9464253932272872,1.4093537089000003,1.2292181024999995,1.15
1.471666021419262,0.6898280625000002,1.2484728160999996,0.22749999999999995
1.2982555411012118,0.6279674243999999,0.31000002560000006,0.7475000000000002
1.318008267235073,0.8414371680999999,0.34820862439999994,0.5474999999999998
1.1834555563264724,0.4900485809000001,0.5505184729,0.3600000000000001
1.607686877380045,0.5422458121000001,1.4824112835999999,0.5600000000000002
2.0935555666138885,2.8078253375999997,0.12764957289999995,1.4475000000000011
