Rg,Rgx2,Rgy2,Rgz2
2.160078530632625,1.6817692808999989,0.6566699776000002,2.3274999999999997
2.2657381715017295,1.1506438449,1.3729256169000004,2.6100000000000008
2.147823340524076,1.6036978520999994,2.78194725,0.2275000000000001
2.739233049322383,1.6850004761000001,1.9908972224000003,3.8275000000000006
2.2458862219177536,1.9814244609,1.5350804609000002,1.5275000000000005
2.2410845337023764,3.111085875599999,1.6238740116000003,0.2875
2.4491556637543477,3.7100002808999997,0.9608631843999996,1.3275000000000001
2.2948490826195957,3.1331430144,1.1856892976000002,0.9475000000000003
2.123114191229478,2.3512696329000002,1.6063442361000004,0.55
1.9965843387144957,3.0888062499999998,0.3875427716,0.51
2.447411679387021,4.5075,0.7923239283999999,0.69
2.76412130073917,3.2964281075999984,0.9339384575999994,3.410000000000001
2.3329278460338205,1.3144869824,3.300565352400002,0.8274999999999999
2.155074404840817,2.19540321,1.4489424804000006,1.0
1.5443849267588698,0.5475174723999999,0.5901073296000001,1.2475
2.423691227879492,1.4587890625,3.2754901056000008,1.14
1.7715553180750525,2.0508721249,0.24003612010000003,0.8475000000000001
1.5411926863309469,1.4,0.4877748964000001,0.4875
2.3897407034446227,2.2929384016,2.770422228100001,0.6474999999999996
2.5535400301933784,1.7913481289000004,4.2817185569000005,0.44749999999999995
2.292431178029125,2.9018797924000017,1.9433609136000007,0.41
1.7115372034519145,0.5475174724,0.9543421263999999,1.4275000000000004
2.2924429436738443,1.3741617523999996,3.5411328976,0.33999999999999986
2.091474473116992,2.3398885395999995,0.9068769321000001,1.1275000000000004
2.1713726011442627,0.9395560209000002,2.927802952100001,0.8474999999999998
2.2899988197813554,3.0347069225000003,1.6193876721000002,0.59
2.1733682519306297,0.8613749264000001,3.2746546321,0.5875
2.785706815765076,3.4858222409000006,3.5468402224999984,0.7274999999999998
1.5733923953356328,0.34007123359999997,1.0479923961,1.0875
2.482800426635214,2.3749746561,1.9618233024000002,1.827500000000001
2.6594126275551906,3.825105563600001,2.519869960000001,0.7274999999999999
2.041900174837154,0.6637283236,2.4456280004,1.0599999999999998
2.1133031554653963,1.9454886243999998,1.5930616025000002,0.9275000000000002
2.2340869296650028,0.8275174724,1.9236269368999994,2.24
2.2503643609424677,2.1960507240999996,2.4405890329000006,0.42749999999999994
1.6617638686648597,0.9285995856,1.2428595696000009,0.5899999999999999
