Rg,Rgx2,Rgy2,Rgz2
1.1338320234055836,0.48807504040000016,0.34750001689999993,0.45
1.90070844594851,2.8972837481,0.4279088484,0.2875
2.2103305496011227,3.6305218256000003,0.4275393129,0.8275000000000002
2.378053450808035,2.1555231524000003,2.8721150625000007,0.6275000000000003
2.121725603418123,0.2101442401,0.5015752961000002,3.789999999999999
2.048596055839218,0.3116160399999999,2.6451297600000006,1.2399999999999998
1.4592780652432218,0.9944903401000007,0.6875021315999998,0.4475000000000001
1.8902740340225808,0.3290570916000001,0.8540788321000002,2.3900000000000006
2.0210318383439683,1.59613801,1.4984316815999994,0.9900000000000005
1.837117355097382,0.5,0.3275001763999999,2.5475000000000008
1.5578857683732783,0.7506190144,0.44888905290000025,1.2275
1.5231917905831822,0.7284284209000002,1.20418481,0.3875
1.586438236364719,0.4280139289000001,0.44877234889999984,1.64
2.17303802198673,1.9245451049000006,1.8875491400999997,0.9099999999999998
2.4899927547083345,1.7301790975999993,3.5098848209000004,0.9599999999999997
1.2186208789036892,0.5475238144000001,0.2475130321,0.6899999999999998
1.9822085752009047,1.2191508356,0.85,1.8600000000000005
1.9177722169225415,0.6306203396,2.0372299364,1.0099999999999998
1.8102220253328043,0.9040683320999999,1.7228354488999997,0.65
1.2172104127881918,0.4108300160999998,0.5107711729000001,0.56
2.39173222090183,2.4025651076,0.6903179089,2.6274999999999995
1.5786855875062646,0.28933269609999973,1.4554154881000003,0.7474999999999998
1.332879629824089,0.9611971600000002,0.4878709476,0.32750000000000024
2.064710004940161,0.9477208195999998,1.6678065848999997,1.6474999999999997
2.245708815763967,0.6896399875999999,1.8060680976,2.5474999999999994
2.1873286801256002,1.3741372100000007,1.1627695449,2.247500000000001
1.5799795302471484,0.6279674243999999,1.1408678916000004,0.7274999999999999
2.0758717541553473,3.0842958240999994,0.6649477155999993,0.5600000000000003
1.4240434432277689,0.26003147209999994,0.9403682560999999,0.8275
1.8839751829575675,0.2,2.59936249,0.75
1.5818880481563797,1.0546910400000002,1.1601787569000002,0.2875
1.4959590885448704,1.442880562499999,0.2475130321,0.5475
1.9832719774151,3.14586756,0.32750017640000006,0.4600000000000003
2.0278862556859547,2.5248147136,0.36000795240000005,1.2275000000000005
1.6073888929565243,1.075235571600001,1.0484634816000002,0.46000000000000013
1.3200279094776743,0.5604897368999998,0.6344839448999995,0.5474999999999999
