Rg,Rgx2,Rgy2,Rgz2
1.231515526536308,0.48793056250000005,0.5786999295999999,0.45
2.0498424438234273,3.4865488436,0.42780520089999996,0.2875
2.2839105745409563,3.96121781,0.42752970250000005,0.8275000000000002
2.482110857415518,2.090277683599999,3.4430966248999995,0.6275000000000003
2.1771917570347354,0.2101077443999999,0.7400562025000001,3.789999999999999
2.237603742220682,0.31122220159999986,3.4556483055999996,1.2399999999999998
1.739822676050637,1.4811848815999997,1.0982980625,0.4475000000000001
1.967886722171782,0.39732316889999997,1.0852549823999995,2.3900000000000006
2.217017575482883,1.7952509104,2.1299160196000004,0.9900000000000005
1.916669593331099,0.7986222399999998,0.3275000900000001,2.5475000000000008
1.5577248489062503,0.7504439449000001,0.4485627600000003,1.2275
1.6959818373143032,0.7281604899999999,1.7606939024999995,0.3875
1.6395938523915,0.4278833763999999,0.6203846244,1.64
2.2567997634260775,1.8989427760999997,2.2842023961000004,0.9099999999999998
2.463917262653111,1.7293627856000007,3.3815254916,0.9599999999999997
1.3405055621294528,0.8594454900000003,0.24750967210000002,0.6899999999999998
1.981494849879757,1.2163218401000002,0.85,1.8600000000000005
2.1217729556198988,0.6297619536000001,2.862158521600001,1.0099999999999998
1.9087315745541589,1.2942934115999993,1.698962812099999,0.65
1.2170418341618336,0.4106220036,0.5105688224999999,0.56
2.4627287427160955,2.7473051521,0.6902277081000003,2.6274999999999995
1.6100130715307872,0.39124553209999996,1.4533965583999997,0.7474999999999998
1.5039197055694165,1.4464995844,0.4877748964000001,0.32750000000000024
2.2252296095684145,1.3880951048999992,1.9160517104,1.6474999999999997
2.244162235334157,0.6890342889000001,1.7997298495999998,2.5474999999999994
2.2709943040439358,1.3693876720999996,1.5405274568999996,2.247500000000001
1.7016383582007075,1.0275038024999996,1.1405692996,0.7274999999999999
2.203953210143083,3.6336814289,0.6637283235999998,0.5600000000000003
1.5173137653102604,0.2600230400000001,1.2147180223999998,0.8275
2.143177128120772,0.2,3.6432082025,0.75
1.7500611340464653,1.0525794129000001,1.7226345600000006,0.2875
1.6950064954742794,2.0780373475999983,0.2475096721,0.5475
2.149277213134685,3.831892448899999,0.3275000900000001,0.4600000000000003
2.0108569168640518,2.45603924,0.36000630009999995,1.2275000000000005
1.6048920193271572,1.0675250801000002,1.0481533135999999,0.46000000000000013
1.3580988902138165,0.6642917056,0.6326408899999998,0.5474999999999999
