Rg,Rgx2,Rgy2,Rgz2
2.2465604249385325,0.7904092528999999,2.52912449,1.7274999999999998
1.7849485174648596,1.01232021,0.8137209999999999,1.36
2.5036496992390926,0.6799196561,1.4283421604000002,4.159999999999999
2.0273248014070164,0.7281604899999999,1.4343853604,1.9474999999999991
2.407065022179501,0.36000630009999995,3.086455720900001,2.3475000000000006
2.5554940973713873,3.5306292321,2.672420849600001,0.3275000000000001
1.9672368175946688,0.46010774439999996,2.4824129521,0.9275000000000002
2.104679282004743,1.1750982400999999,1.2070766400000001,2.0475000000000003
2.3406574824181345,2.6010369599999996,2.5876404899999996,0.29000000000000004
2.088110669337236,0.9928921049000005,1.2198140625,2.1475
2.1717946366311893,0.5416491721,0.3875427716,3.7875
2.3256708886899715,3.7778209225000006,0.9409241600000001,0.6900000000000001
2.90157607429135,2.8537884025000024,0.9653553123999996,4.6
3.2573949791205856,2.1292589636000003,0.5413630864000001,7.94
1.7625235398428016,0.9200893955999998,1.5863998328999998,0.6
2.917015842672096,3.0691350163999997,3.1998464099999993,2.2399999999999998
2.3032502499077254,3.617425593599999,0.7400361201000003,0.9475000000000001
1.5937377450509227,1.05,0.65,0.8400000000000001
2.084046645951093,2.044857840100001,1.4083925824,0.8899999999999999
2.614412562163822,3.5655889136000005,2.6220641315999997,0.6474999999999999
2.5156900352984666,2.4218670015999995,3.7468293520999993,0.15999999999999998
2.086365040447141,1.6803975523999999,1.6225215295999995,1.05
2.4998021414503993,1.4637088100000004,3.8578019364000005,0.9275000000000004
1.757241406437943,0.48777489640000005,0.7526224640999999,1.8475000000000001
2.2840641167883184,1.3,1.4669488896000002,2.45
1.5313740687696131,0.44750432639999993,0.7101022121,1.1875
2.998352680423035,5.2356353281,3.0644834681000006,0.6900000000000002
1.9293701527959843,0.7619456921,0.9505234944000002,2.01
2.468125119944287,3.3525254121000003,1.0916161956000001,1.6475000000000009
2.4093158375356274,2.3266589601000014,1.1506438449,2.3275
2.002293409493224,1.6191427775999998,0.49003612009999997,1.9
2.3210689751922495,1.0523580899999998,2.1250030975999996,2.21
2.4667150974524805,1.0482337475999997,3.7764496244000005,1.2599999999999996
1.7494064277920096,2.0204228496000005,0.4,0.6399999999999999
1.9990309524617171,2.0486247488999996,0.6,1.3475000000000001
1.782257717166628,1.4489424804000006,0.3275000900000001,1.4
