Rg,Rgx2,Rgy2,Rgz2
2.4203615031023773,3.050851924099999,2.3197978816,0.4875
1.9052424320804953,0.6942322025000005,1.3957165225,1.5399999999999998
1.6275618490552055,0.8662173224999998,0.9352402499999997,0.8474999999999999
1.4698149969639038,0.8103560769,0.31000004840000006,1.0400000000000003
1.7960871188503078,1.0890342889,1.6893946495999994,0.44750000000000006
1.9129605161110879,1.1636108080999998,0.5483071280999996,1.9474999999999998
1.8029072811434312,0.32750009,1.8754745743999996,1.0474999999999999
2.1483237105473654,3.0645878084000002,0.9907069568999999,0.56
1.524573616228485,1.2827786489000004,0.8015460623999999,0.24
1.9044792474584753,0.29000302759999996,2.5495381764,0.7875
1.376715666541207,0.6403297856000002,0.3275162409,0.9275
1.282127774482715,0.5485176099999997,0.8553340201000001,0.24000000000000013
2.337301536494596,1.2695408880999997,0.5659375844000003,3.627499999999999
2.267564755084185,0.8600309136000002,3.8918190049000017,0.39
1.5177345988017799,1.19600084,0.5475174724,0.5599999999999997
1.3620331711085452,0.18763133159999992,0.5400030275999999,1.1275
1.2710536770726877,0.4475043264000001,0.4405731236,0.7275000000000003
1.2028297703332753,0.6492994563999998,0.25,0.5475000000000003
2.2904135235804035,0.6278381920999998,4.1081559169,0.51
2.020643020476403,0.2475096721,1.6079885441000006,2.2275000000000005
1.7584671923297293,0.4475043264000001,1.2172025401,1.4275000000000007
1.4895840071979822,1.200952070399999,0.6279084440999998,0.38999999999999985
1.8798331076188652,0.14751122249999998,3.0462612900000003,0.33999999999999997
2.082871497956607,1.4274603848999996,1.1108932921000003,1.8
2.216918907335133,3.6772022976,0.19002714409999996,1.0474999999999999
1.3699822127677423,0.8015460623999999,0.42780520089999996,0.6475
1.8327882286014388,0.32750009000000013,2.0441126009,0.9875
2.1228639180597515,0.44844556249999973,0.8981056521000005,3.1599999999999993
1.848254469059929,0.6285445824000002,0.7,2.0875
1.6774688728557676,0.4828391025,1.4810627168999992,0.85
1.3491236266554671,0.7,0.4101345600000001,0.71
2.009571343769611,1.2397235136000004,2.1711534721,0.6275000000000002
1.9435169260904317,2.9396507124,0.5901073296000002,0.24750000000000005
1.166737888730798,0.5899790441,0.5312982568999999,0.23999999999999994
1.8845305814446205,0.6476254400000002,2.6638300723999997,0.23999999999999994
1.7319284887084685,2.29957629,0.3,0.4
