Rg,Rgx2,Rgy2,Rgz2
2.148643577725259,3.4566692241000014,0.25,0.9099999999999998
2.2348903552523556,0.4878709476,3.1593639523999997,1.3474999999999997
1.6155351966763214,1.5922692836000008,0.5276846880999999,0.4899999999999999
2.472696317403332,1.9723543225,3.051872755599999,1.0899999999999999
2.475596874796057,0.7913241855999997,4.249755700900002,1.0875
2.247972137660963,1.5178075236000002,2.8255712080999986,0.7100000000000001
2.4826466066679727,1.5387232836000002,3.724810889999998,0.9
1.7947674617621083,1.691141660900001,0.7400485809,0.7899999999999999
2.256850504685678,0.5901473796,2.4157268209000007,2.0875
2.3540737168788914,2.7539843076,0.16017875689999994,2.6274999999999995
1.5027418715468068,1.0427657080999997,0.6279674243999999,0.5875
2.00098990514695,1.8868206128999998,0.6896399875999999,1.4274999999999998
2.4800521682013064,3.4074319361,2.4157268209000007,0.3275
2.341766039765715,0.7324350625000001,3.2239331225,1.5275
2.134562736042209,0.9920171840999998,2.7168408900000003,0.8475000000000001
2.3566248000477295,2.9197167001000004,2.2464637480999996,0.3875
2.4855782567442932,2.6,2.5280992704000007,1.05
1.9543646367297989,0.6279674243999999,2.941573708899999,0.25
1.9405689775166457,0.3875561000999999,0.9507518564000004,2.4274999999999993
1.8682231886206744,1.8060341823999995,1.0942237001000004,0.59
2.499292787029963,2.5913148624,0.12764957289999995,3.5275000000000007
2.098346241138483,1.5448011041000005,1.1307558436000003,1.7274999999999996
2.5149455824132656,2.0374301224999996,0.94752116,3.339999999999999
1.8830241859572596,1.5482800849,1.45,0.5474999999999999
2.465177372462274,3.1071385241000002,2.7299609536000005,0.24000000000000007
1.7132807537003387,0.2475130321,0.9403179089000002,1.7475000000000005
1.948214502871796,1.6921990095999995,1.7758407396,0.3275
2.036648165123274,0.42753931290000013,2.8803964356,0.8399999999999999
3.0827594392037785,1.8283999999999998,0.44750576000000014,7.2274999999999965
2.224451659398334,0.2475130321,0.7606721529000007,3.9400000000000013
2.1530169702071555,2.6197426884,1.3882393856,0.6275000000000006
2.1853288553670818,0.18767556249999998,0.5604866436000001,4.0275
2.1104087528249122,1.0875015376,2.5388235664000005,0.8275000000000006
2.9193129246793665,0.4601442401,0.9347437120999998,7.127499999999998
2.4053832674233018,1.4896399876,3.2862286755999994,1.0100000000000002
1.9842456627141707,1.3985336899999994,2.1111971599999997,0.42749999999999994
