Rg,Rgx2,Rgy2,Rgz2
2.203188974849865,1.0275038024999998,2.5790378564,1.2475000000000005
2.414072205589551,1.0426142769000002,2.5376303369000004,2.2475
2.429091303368402,3.219816337600001,1.1406682225,1.5399999999999998
1.4722561217736538,0.7914753280999999,0.44856276000000017,0.9275000000000002
2.3249840252784533,2.7631663129,0.6323844048999999,2.0099999999999993
1.7971428159720642,1.2515045408999999,1.1507177601,0.8275000000000002
2.027731156983095,2.8816575249000005,0.49003612009999997,0.7399999999999999
2.5232901784178527,0.7919913364000001,0.6875019880999999,4.8875
1.9629823952343535,0.4405731236,3.0852267603999994,0.3275
2.594255042974765,2.4061684644,3.7964907636000005,0.5275
1.8606746093823066,0.6747116275999996,1.0598983743999997,1.7275000000000003
1.2945153700902898,0.8001274208999998,0.5281426225000001,0.34750000000000003
1.866861519475936,0.9876719328999999,1.45,1.0475
1.6986548580862446,0.8103560768999996,0.22757224999999998,1.8475000000000001
2.2103204209571063,0.6404875263999997,3.9975288369,0.2475
1.7151900509273017,1.1287616703999999,1.0231152404000001,0.7899999999999998
1.4591263535417351,0.5276359555999999,0.47391375999999985,1.1275000000000006
1.6036058955366808,0.28750778409999994,1.7440440840999998,0.5400000000000001
1.9904638284832006,1.2108631843999997,1.4110830681000004,1.3399999999999999
2.1767082948801386,1.8655901609000007,0.8324688400999994,2.04
1.6663343735577203,0.6890342888999996,0.5276359556000001,1.5600000000000005
2.367772477329695,1.13558381,0.9307626944,3.54
2.0477188338490224,1.4382542480999994,2.164898174400001,0.59
2.210018888833306,0.24750967210000002,4.109173816900001,0.5275
1.6084421055480984,1.9119730100000005,0.1276129969,0.5475
1.6199504292724516,0.21010774439999985,1.5866316488999999,0.8275000000000006
1.6611084513962355,0.7821069529000002,1.3296743343999997,0.6474999999999997
1.7207130193033353,1.9542930564000005,0.6065602384,0.4
2.065446161801367,0.4908928144,0.3476750328999999,3.4274999999999993
1.9963246682090565,0.7,2.5253121809,0.7600000000000003
1.5953805426919307,0.21010774439999996,0.5876313315999999,1.7475
1.7355604307830947,1.0346233600000008,1.1900466489000003,0.7875
1.5095239096152135,1.3415085455999995,0.7496538881,0.1875
1.8512697863088459,0.8324056016,2.2447942200999997,0.35
1.8973851049536572,0.34750001690000004,2.6525702196000003,0.6
1.2933604957628788,0.42267362759999993,0.2101077443999999,1.0399999999999998
