Rg,Rgx2,Rgy2,Rgz2
1.9938574232878339,0.6279674243999999,2.1,1.2475000000000005
2.250377956633063,1.0438551681000003,1.7728457795999997,2.2475
2.3936619548298794,3.0486478544,1.1409696995999998,1.5399999999999998
1.3478252992506115,0.4402439844,0.44888905290000025,0.9275000000000002
2.305455813608233,2.7651222648999996,0.5400042435999998,2.0099999999999993
1.567930075768687,0.8309047225,0.8,0.8275000000000002
1.8180352591190303,2.0752036225,0.4900485808999999,0.7399999999999999
2.473307086412846,0.5422458121000001,0.6875021315999998,4.8875
1.9660348381959056,0.44077006249999984,3.0970229225000003,0.3275
2.5524502722090396,2.5375023921000004,3.45,0.5275
1.6848705520009544,0.4601442401000001,0.6511445369000001,1.7275000000000003
1.2516486948820744,0.6907700624999998,0.5283543929000004,0.34750000000000003
1.7567106582758585,0.5885323368999996,1.45,1.0475
1.6987005816505742,0.8104866435999997,0.22759702249999997,1.8475000000000001
1.9888391930218994,0.6406651241000002,3.0673162115999992,0.2475
1.633514976148061,1.1292081689,0.7491630084000004,0.7899999999999998
1.3657704522356606,0.5276846881,0.21014424010000007,1.1275000000000006
1.61256216491024,0.2875109561000001,1.7728457795999997,0.5400000000000001
1.9906834113188365,1.2111971599999998,1.4116232841,1.3399999999999999
2.0515435696323876,1.3346740900000003,0.8341569280999999,2.04
1.666530730499741,0.6896399875999998,0.5276846881000001,1.5600000000000005
2.2803532918607154,0.7277859480999999,0.9322251876000003,3.54
1.757278830578688,0.96249924,1.535529648400001,0.59
1.9078427142980106,0.2475130321,2.8648507904000002,0.5275
1.5592330399911363,1.7560581001000002,0.12764957289999998,0.5475
1.6285083630426958,0.2101442401,1.6143952483999997,0.8275000000000006
1.502769046926373,0.4279088484,1.18290596,0.6474999999999997
1.673304224013075,1.9591769635999996,0.44077006249999984,0.4
2.065529090790057,0.4911778624,0.34773256250000006,3.4274999999999993
1.9293738862387457,0.7,2.2624835929,0.7600000000000003
1.5954058425993054,0.2101442401,0.5876755625,1.7475
1.7364050281544336,1.0375340288999992,1.1900683929000002,0.7875
1.5100344222897701,1.3422857961,0.7504181603999999,0.1875
1.8175802657929585,0.8342322025000002,2.119365820100001,0.35
1.7006504264545375,0.34750001690000004,1.9447118561,0.6
1.2610464449020107,0.34009389610000007,0.21014424009999993,1.0399999999999998
