Rg,Rgx2,Rgy2,Rgz2
2.292553308540501,1.4039075523999984,0.8618931201000002,2.9899999999999998
2.347955965856259,1.0533362175999996,1.7995609999999993,2.6599999999999997
1.7593452983425397,2.0602720644,0.5475238144000001,0.4875
1.862804709087885,1.2923566961000001,0.5276846881,1.65
2.1074084042017107,1.13692841,2.416741772100001,0.8875
1.6011968600081625,0.2475130321,1.0063183523999997,1.3099999999999998
2.5834820821712703,0.44077006249999995,2.0936096064000003,4.1400000000000015
1.9429930935801087,0.8540788320999997,1.1311433296000002,1.790000000000001
2.258711595932513,2.11839056,2.6233875136,0.36000000000000015
1.8906808681001668,0.8081018001000004,1.9665723448999999,0.8
2.0746324596178476,0.7875026895999996,1.8890971528999991,1.6275000000000006
1.8707620022333147,1.375719768100001,1.8965307008999996,0.22749999999999995
2.0506946448459846,3.1475795663999997,0.51026896,0.5475000000000001
2.062662645659731,2.7150168889000006,1.0520603009000002,0.4875
1.6683530571494751,1.0071295744,0.44877234890000006,1.3275000000000001
1.7208270514203337,0.7400485808999999,0.9611971600000002,1.2599999999999998
2.3625954336068626,0.44077006250000006,1.8535871203999998,3.2875
2.7004347048762356,3.850962566400001,3.3513850289,0.09
2.898415377771102,0.5901473795999999,0.9631643224999993,6.847500000000001
1.8633882854896344,1.5822159024999993,0.7,1.19
1.9240399114623377,0.2400485809,2.071881,1.3900000000000003
1.786071897908928,0.29000424360000004,1.4900485809000004,1.4099999999999997
1.8865318345842987,2.6825810729,0.6289212899999999,0.2475
2.2680210329933006,2.342877002499999,1.6610424035999998,1.14
1.8998732106380154,0.7400485809000003,1.8219696356,1.0475
2.209296816636461,0.6536027343999997,2.7998896896,1.4274999999999998
2.3235508368443334,0.18767556249999998,3.5637129289000016,1.6475000000000002
1.8853441677582372,1.6700942209,1.1369284100000003,0.7474999999999997
1.952667726701089,1.4524984899999993,1.4129127609,0.9475
2.348117148632069,0.8423097636000001,2.2213443800999992,2.45
2.279406350368446,1.7660533225,1.4896399876,1.94
1.9134917290910876,2.6734939203999994,0.6404566769000002,0.3475000000000001
2.1191871130695374,2.5415609001,0.8618931201000001,1.0875
2.7732526075530877,3.2828200249000004,2.8806100004,1.5274999999999994
2.0471944053508935,0.7136942083999999,1.9498107248999994,1.5274999999999999
2.280027887570676,0.25,3.4610271681,1.4875
