Rg,Rgx2,Rgy2,Rgz2
2.581721982321102,3.1452549824000005,2.4725334116,1.0474999999999999
2.4671136339658135,1.5754455928999995,0.50120409,4.0100000000000025
2.0015181660429664,2.3059178369,1.2526571321000006,0.4475000000000001
2.1147267005454866,1.0577594676,2.5668095503999995,0.8475000000000004
2.8840798139614656,2.9524137568999995,0.5380026163999999,4.827500000000001
1.678294209368548,1.2286723776,0.8879990756000001,0.7
3.082861691675447,2.8769230064,1.2996132035999997,5.327499999999999
2.0594902882266766,1.6598213184,1.7541789289,0.8275
1.910103176899091,2.0351354099999996,1.2533587364000005,0.3600000000000001
1.7413751345703774,0.4475043263999997,1.4573830329000004,1.1275000000000006
1.8261791392138944,1.9672165041000003,0.7277137443999999,0.6399999999999999
1.7808921904483717,0.2900030276000001,1.1340739663999995,1.7475
2.0469538426647538,1.1506270015999998,2.189393032400001,0.85
1.6394053567376192,1.4001138036,0.24003612010000003,1.0475
1.7737042283312063,0.9628113599999999,1.6732153296,0.51
2.074956460266095,0.7970567104,2.1608876016000007,1.3475000000000006
2.3755177834316457,3.4900553369000002,1.4130294024999994,0.74
2.6440918710967662,2.8435219844,3.4376998383999977,0.71
2.2342241308561683,1.1298765624999998,2.8718809044,0.9900000000000008
2.9488752165190038,3.4498111025,3.7560539401,1.4900000000000007
2.2958449924156463,2.2559703796,0.8874338495999998,2.1275000000000004
2.5349126033258034,2.8369069801,0.8613749263999999,2.7275000000000005
1.8378850154729485,0.4900361200999999,1.7877852100000002,1.1
2.1119158375276226,2.8392098644000003,1.2309786403999998,0.3899999999999999
1.9768612535279253,0.9475139875999998,2.6004664281000003,0.3600000000000001
2.00229623227933,1.4403087049,2.2288814969,0.3400000000000002
1.7819426528370659,0.8223034116000001,0.9255162063999997,1.4275000000000002
2.5308482341894782,3.2342484480999993,2.823444336400001,0.34750000000000014
2.3999089954621193,2.9640605504,2.6080026360999997,0.1875
2.0637121466183213,2.9373937616,0.8340140624999994,0.4875
2.227571793410933,1.9198753604000003,1.8322007344,1.2099999999999997
1.6805186376830221,0.6475417316000002,1.53660116,0.6399999999999999
1.914841873288758,1.8591079075999997,0.7600114921000002,1.0474999999999999
2.651239034659078,1.0014380025,0.8401304163999999,5.1875
1.5892662748891389,1.0479923961000002,0.48777489639999994,0.9899999999999999
2.25846504088507,1.2611560000000004,2.7920083409,1.0475
