Rg,Rgx2,Rgy2,Rgz2
0.9032012713122143,0.34076286440000003,0.24750967210000002,0.22749999999999998
1.953915361242651,1.2529140163999994,1.1048712224999997,1.46
1.9150261786722396,2.3775528361000005,0.7422724289,0.5474999999999998
1.8059715174941158,1.741608688399999,1.1724244336000003,0.34750000000000003
1.3150913752283526,0.7543293695999999,0.5276359555999999,0.44749999999999995
1.9912673420964848,0.5276359555999999,0.24750967210000002,3.189999999999999
1.391992264418161,0.43465123609999995,0.8629912281000001,0.6399999999999999
1.3799727865432712,0.7891935600000002,0.5876313316000001,0.5275000000000003
1.95745736306056,2.594129656100001,0.24750967210000002,0.9900000000000004
2.011483628991298,0.6902277081000001,1.6283386816000007,1.7275000000000005
1.0992429451672638,0.5883350041000003,0.31000004839999995,0.31000000000000016
1.79419320932836,1.3019202723999996,1.089709,0.8275000000000006
2.3245288415719862,2.6082593023999996,0.3476750328999999,2.4475000000000007
2.0482255047723625,0.26002304000000004,2.9752046784,0.9600000000000003
1.868463036000445,1.5870762944,0.7765778225,1.1275000000000006
1.7287411901438572,2.2781650721,0.5503810303999999,0.16
1.4269064878260245,0.3475000169000001,0.3610621080999998,1.3275000000000006
2.0634751615902722,0.4475043263999998,1.0604254161,2.75
2.132272602647232,3.0767204836,1.0798659684000005,0.3900000000000001
1.5400012462657295,0.7331595055999997,0.7109443328999999,0.9275000000000004
1.2906061275230332,0.7281604899999999,0.7500036864,0.1875
2.1278905470206873,2.2279181800999996,1.65,0.65
2.122819470091604,3.758856202499998,0.3600063000999999,0.3875
1.426664788238639,0.5475174724000001,0.7278549455999997,0.7600000000000005
1.7245945805898846,1.7134727448999996,1.1332537225000003,0.1275
1.7502042976749885,0.7126419599999998,0.4405731236,1.9100000000000001
1.7218389003910906,1.98157025,0.7356589489,0.2475000000000001
1.626088240932822,0.3275162409,1.0766467263999997,1.2399999999999998
2.156978280697328,0.3275162408999998,1.3775390625,2.9475000000000007
1.3440771161283864,0.6475417315999998,0.5490015625,0.61
1.5498530002551856,0.6338838323999999,0.7281604899999999,1.04
1.771577628245514,0.6516418703999997,1.7393454225,0.7475000000000004
1.2064063279840669,0.2875077840999999,0.6279084440999999,0.54
1.669700005180571,0.8454656449,1.5424324623999994,0.4
1.4800110489452432,0.8523121968999995,1.1106205080999998,0.2274999999999999
2.3663389972698328,3.4120602499999984,0.1,2.0875
