Rg,Rgx2,Rgy2,Rgz2
0.9033430848797149,0.3410156968999999,0.2475130321,0.22749999999999998
1.8566028685747524,1.25551025,0.7314639615999999,1.46
1.8304981988518862,2.0600831744000003,0.7431404815999999,0.5474999999999998
1.6844296522265334,1.7497546724000006,0.7400485808999997,0.34750000000000003
1.315979148201065,0.7566164304000006,0.5276846880999999,0.44749999999999995
1.9912804222911447,0.5276846881,0.2475130321,3.189999999999999
1.3194807824671035,0.3410156968999999,0.7600138384000001,0.6399999999999999
1.3284870388904817,0.64970225,0.5876755625,0.5275000000000003
1.8043282509011493,2.0180874049,0.2475130321,0.9900000000000004
2.011664868336672,0.6903179088999998,1.6289776336,1.7275000000000005
1.0049901159712964,0.39000510759999985,0.3100000256,0.31000000000000016
1.6937837984819668,0.9507518563999998,1.0906516996,0.8275000000000006
2.3368992702724696,2.6658656369000004,0.3477325625000002,2.4475000000000007
1.8359453047680916,0.26003147210000005,2.15066369,0.9600000000000003
1.667112961859514,1.0875015376000001,0.56426409,1.1275000000000006
1.54007127036381,1.6613010448999996,0.5505184729,0.16
1.4270247107180731,0.3475000169000001,0.36139950809999977,1.3275000000000006
2.0647305280835075,0.44750575999999986,1.0656063936,2.75
2.0554617878471984,2.8933742969000003,0.9415488644000007,0.3900000000000001
1.4444011111876094,0.44750576,0.7112888100000001,0.9275000000000004
1.151567270201789,0.7284284208999999,0.41017875690000005,0.1875
2.1424559511224492,2.2901175024999985,1.65,0.65
1.91169571061924,2.9070725376000004,0.36000795240000005,0.3875
1.4267125480628537,0.5475238144000001,0.7279848804000002,0.7600000000000005
1.603470667801566,1.7151897616000003,0.7284284208999999,0.1275
1.7505611302950834,0.7136942084,0.44077006250000006,1.9100000000000001
1.5395473514315825,1.6951667344,0.42753931290000013,0.2475000000000001
1.502447652133012,0.3275208849,0.6898280625,1.2399999999999998
2.1606299641076907,0.32752088489999986,1.3933009569000003,2.9475000000000007
1.3442568984386876,0.6475579121000001,0.5494686969,0.61
1.4818797973519988,0.4275393129000002,0.7284284209000003,1.04
1.6778739656183954,0.6522600516000003,1.4155009928999998,0.7475000000000004
1.2064647168483627,0.28751095610000005,0.6280461568999999,0.54
1.5824344073610128,0.5604866436000001,1.5436120099999997,0.4
1.480694691352677,0.8540788320999994,1.1108779369000001,0.2274999999999999
2.1763390274725123,2.5489515625,0.1,2.0875
