Rg,Rgx2,Rgy2,Rgz2
2.1810561616107003,2.209505980100001,0.3,2.2475
1.664859591677328,0.5275432964,1.1842141635999996,1.0599999999999998
2.0332655016254026,2.8541646399999996,0.39000396010000016,0.89
2.701122957382725,1.4970606899999992,1.2515045409000003,4.5474999999999985
2.581037349787872,3.664149384100001,2.2701044169000006,0.7275000000000004
2.113726630692815,0.5475174724,3.0303227968999993,0.8900000000000003
3.48308683372953,3.0750854369000002,2.2468084543999995,6.810000000000002
2.7805684905428962,0.5105688224999999,1.2334923081000004,5.9875
2.6088434361801016,0.6285445824000002,3.9175194921000007,2.26
1.7873926413913648,1.3250000255999999,0.7422724288999999,1.1274999999999997
1.8277916794044116,0.4475043263999998,2.0458180968999997,0.8474999999999996
2.5226165028596803,3.9909004884000026,1.0826935321,1.2900000000000005
2.550659722738413,3.5578295615999984,1.2480354596,1.7
1.9446080459053952,1.6639894401000004,1.1300110120999995,0.9875
1.9992640421915262,0.7970567104,0.25,2.95
2.4034769788787242,1.4469267844000002,3.0822748036,1.2475
1.8517739274814295,1.5283844240999993,0.4606822543999999,1.44
1.91214129002017,1.5395303409000003,1.7292539720999993,0.3875
2.547485099956426,2.2835128209000004,3.066167513600001,1.14
2.4901304322866302,1.9814244609,2.6793251089,1.5399999999999998
2.4132551239353046,1.2840383396,0.6297619535999998,3.9100000000000024
2.2939453338299063,1.2671755225,0.24750967210000002,3.747500000000001
2.288546783463253,2.9049823224999995,0.7424640576000004,1.5900000000000012
2.103819536771156,0.4475043264,2.7510523169000005,1.2275000000000003
2.324927144019786,3.2919228224999997,1.5633634025,0.55
1.8674701746748195,1.6575140049000006,1.1899308484000002,0.6399999999999999
1.8598907980846617,1.1611702864000002,0.9505234944000002,1.3474999999999997
3.124073318745897,1.1599900625,1.7098440384,6.890000000000001
1.7923707684795578,1.9350568516000002,0.4900361200999999,0.7875
2.4741519501639346,0.7652200624999999,3.01620781,2.3400000000000007
2.143340082791343,1.1190389295999998,1.7473677809000001,1.7274999999999998
2.8767099178227893,0.7504439449000002,0.8975160063999998,6.6275
2.285417203685139,0.5475174723999999,1.3156143225,3.3599999999999994
1.8813590960260613,0.9402277080999998,1.3517843400999996,1.2474999999999998
2.541629368043264,1.0689482280999996,0.6434316163999997,4.7475000000000005
2.0880463141415233,1.6012748736,1.7486625364,1.0100000000000002
