Rg,Rgx2,Rgy2,Rgz2
1.7296664165381717,1.0482107556000002,1.4560351569000003,0.4875
2.5713743776043194,0.8275223729000001,3.674443816900002,2.11
1.7738333316295531,0.8285758399999998,0.4279088483999999,1.8900000000000006
1.9299463520523052,1.8245141649000005,0.41017875690000005,1.4899999999999998
2.0536747265572513,2.5225798656,0.3475000169000001,1.3474999999999997
1.5595045522536957,0.45190706889999993,0.5901473795999999,1.3900000000000001
1.8883488983765688,0.2900042436,1.3483573184000004,1.9275000000000007
1.7702942965789616,1.8337631396000003,0.41017875690000005,0.89
2.0677401704517906,1.1039122024999997,2.6241372099999998,0.5474999999999997
1.781329076841222,1.5385037056000002,1.0071295744000002,0.6274999999999998
1.9792082135288342,0.3600079524,1.0297572001,2.5275
2.8024205788924688,0.9303334329000001,1.7757276681,5.1475
2.3154276305684873,1.2111971599999996,0.6100079524000003,3.539999999999999
1.9921659825677176,1.0906516996000002,0.7905736024999995,2.0875
2.7358613704827954,1.5070972001000005,3.017840238399999,2.9600000000000004
1.7257735307391873,1.9806155225000008,0.4101787568999999,0.5875
2.398057240205079,1.9975390568999998,2.6531394704000006,1.1
2.2539449427614686,0.5422458120999999,2.1505219929,2.3875
2.2980493992297033,2.9409126724,0.5926183689000004,1.7475
1.977522195526513,2.5330547209,0.42753931290000013,0.95
1.7251741187775802,1.4411696400000003,0.38755610009999997,1.1475000000000004
1.7191812168878535,0.7973128836000001,0.5107711729000001,1.6475000000000004
2.4058970324184696,3.1627500625,0.9380904680999999,1.6875
2.5839632982300653,2.3665662641000003,3.8203000624999968,0.48999999999999994
2.195061030973854,2.4306990335999994,0.34009389610000007,2.0475000000000008
2.487410407029769,0.8275954529000001,3.149615080100001,2.21
1.476898899078742,0.7277859480999999,0.8934444099999999,0.5600000000000004
2.681016254053675,3.593815532100001,3.2440326224000002,0.35
2.3716900637520073,0.9290429183999999,3.448370840100001,1.2475000000000003
2.0147625504262283,2.6217102225,0.6475579120999999,0.7899999999999998
2.3142549557038867,1.5,2.5657759999999983,1.29
2.305435951853792,2.3417208656000006,0.7333140625000005,2.2399999999999993
2.11807838695833,0.7279848804000002,0.5107711729000002,3.247500000000001
2.536879370112028,3.2655815769000016,2.4801753615999984,0.69
1.6586445309649684,1.9134574400000002,0.2101442401,0.6275000000000001
2.249847209501125,0.44077006250000006,1.6610424035999998,2.9599999999999995
