Rg,Rgx2,Rgy2,Rgz2
1.728197004423975,1.0479923961000002,1.4511724900000003,0.4875
2.642007644746699,0.8275174724,4.042686922500001,2.11
1.870937842099518,0.8283014561000002,0.7821069529000002,1.8900000000000006
2.1661767633321154,2.4523180835999994,0.7500036863999998,1.4899999999999998
2.1377057132589603,2.8747856996000007,0.3475000169000001,1.3474999999999997
1.6719914012039656,0.8154479160999998,0.5901073296000001,1.3900000000000001
1.945957402411471,0.5111655395999997,1.3480846723999995,1.9275000000000007
1.8844668703906684,2.2510808256,0.4101345600000001,0.89
2.158777783955542,1.4516749556000004,2.6611465649,0.5474999999999997
1.9096952680990755,2.0170950289000005,1.0023409880999998,0.6274999999999998
2.0915033311472397,0.36000630009999995,1.4868798841000004,2.5275
2.8895787079261224,0.9295412323999999,2.2726238769,5.1475
2.3768545630096933,1.4994313136000004,0.6100063000999999,3.539999999999999
2.1853530467409605,1.5150736164,1.1731943224999992,2.0875
2.7781474058264077,1.5000843523999996,3.258018656099998,2.9600000000000004
1.8757038418684338,2.5206303424000023,0.4101345600000001,0.5875
2.6277678285000747,2.8472619840999998,2.9579017764,1.1
2.2513101883569933,0.5416491721,2.1392483921000003,2.3875
2.4142682882604407,3.3674787315999994,0.7137126361000001,1.7475
2.0533821798437817,2.5307194276,0.7356589488999999,0.95
1.8906714328248577,1.7200032899999997,0.7071351768999998,1.1475000000000004
1.718371998433401,0.7947335024999996,0.5105688224999999,1.6475000000000004
2.5346684636259633,3.8019019641000007,0.9351422564,1.6875
2.7222336698013265,3.0917375800999993,3.828818572899999,0.48999999999999994
2.355339018846332,3.1600506601000005,0.3400712335999999,2.0475000000000008
2.446153425932233,0.8275729316,2.946093651600001,2.21
1.4763094514701178,0.7277137444,0.8917758520999998,0.5600000000000004
2.673597920443536,3.5729937201000004,3.2251321201000005,0.35
2.4667240143964224,0.9285995856,3.908627777600001,1.2475000000000003
2.042696180345966,2.7350659536,0.6475417316,0.7899999999999998
2.514868870875776,1.7289304361000002,3.3056350016000002,1.29
2.494019927306115,2.7857535929,1.1943818049000003,2.2399999999999993
2.1720540976688403,0.7278549456,0.7424640575999999,3.247500000000001
2.825009812266145,4.1220875225,3.1685929169000007,0.69
1.8371089755373793,2.5373616435999997,0.21010774439999985,0.6275000000000001
2.314968915385258,0.44057312359999995,1.9585079556,2.9599999999999995
