Rg,Rgx2,Rgy2,Rgz2
2.288749931731293,4.000803999999999,0.22757224999999992,1.0100000000000002
1.7202219938717211,1.7716275881000005,0.2400361201,0.9475
1.5974750537645337,1.0419228225,1.2100037248999997,0.3
1.916371558362313,2.404976377600001,0.9275035720999998,0.3399999999999999
1.4991359667821995,1.5498009025000001,0.21010774439999985,0.4875
2.268365606708936,3.4008312896,0.4346512361000001,1.3099999999999998
1.5723498159442766,0.8752486681000006,1.0070352756,0.5899999999999999
1.2500740090090667,0.3875427716000001,0.9351422564,0.23999999999999994
1.9438096672514005,1.6789805729000005,1.2719154495999994,0.8275000000000003
2.718787601560666,0.4101345599999999,2.2341714624,4.747499999999999
1.7814582423677523,2.2757629569000013,0.35033051239999985,0.5475000000000001
1.6168832438367342,1.5784764200999999,0.5883350041,0.44750000000000006
1.583244523533873,1.4472767969000002,0.6718864244000001,0.3875
1.9460476827919713,2.5495985561000007,0.2900030276,0.9475000000000001
2.3383766812256743,1.3875242303999995,1.740481272899999,2.34
1.7695135038761356,2.213677950399999,0.3275000900000001,0.5899999999999999
1.229680351066894,0.6625573249000001,0.36205644090000005,0.4875
2.1181313459745597,1.0929615364,2.943518862399999,0.45
1.3423657072869524,0.7619456921000001,0.5,0.5399999999999998
1.4929333367903603,0.7986222399999999,0.9402277080999999,0.48999999999999994
2.4388389572499447,1.1514768368999995,1.6689586224999995,3.1274999999999995
2.563374434802688,1.2736048648999998,2.6097836280999998,2.6875
1.8973761145592614,0.4900361200999999,0.25,2.8599999999999994
1.23416372289093,0.5281426225000001,0.5475174724,0.44749999999999995
1.7623506430333322,2.4089110921,0.4494686969,0.2475000000000001
1.8831059165378883,2.1485878929,0.25,1.1475000000000004
1.603623042394939,0.8389352521,0.9851716100000001,0.7475000000000003
1.4968274498418312,0.8387576921,0.6117347224999997,0.7899999999999999
2.3839603640371205,0.2569419124000002,3.5388251049000004,1.8875
1.6674555400369748,1.6299844415999996,0.7904235363999997,0.36
1.8908690375856283,2.7975552049000005,0.35033051239999985,0.42750000000000005
1.5525427915841805,0.2900030276000001,0.7928860921000002,1.3275000000000003
1.5392673953865195,0.9543421263999996,0.6875019880999999,0.7275000000000003
2.4413601931095705,3.6400465124,1.5726930801000003,0.7474999999999998
1.67706233125069,1.0231152404,1.0419228224999997,0.7474999999999998
1.4781148948914626,0.5476108808999998,1.2272127616,0.41000000000000003
