Rg,Rgx2,Rgy2,Rgz2
2.0953144925046456,2.19051476,1.6998280625,0.5
1.4836798013385502,1.1738057528999997,0.7,0.3275
1.4691634624166232,1.1234412624000005,0.3475000169000001,0.6875
1.2427371711267028,0.5068782041,0.5475174724,0.48999999999999994
1.7998915929855333,2.0918609529000003,0.7077487936000001,0.43999999999999984
2.1766555882362284,3.3863295369,1.1115000129000003,0.2399999999999999
2.4329310591547797,3.796648536099999,0.9125050024999999,1.2100000000000002
2.691240961136702,2.4720325025000003,4.210745408399999,0.56
2.1308120041195564,2.0298363025000006,0.9505234944,1.5599999999999996
2.383724677159676,2.4563551361,2.8157882004,0.41000000000000014
1.4395618231253564,0.4275297025000001,1.3973085400999998,0.2475
1.7428805651851191,0.5882518564000001,0.8218808080999999,1.6275000000000002
1.2393969853118085,0.4405731236000001,0.34803176360000004,0.7474999999999995
1.226600050383172,0.44057312359999995,0.5364745600000002,0.5275000000000001
2.2990862620832653,1.3314012516000002,3.8268963889000007,0.1274999999999999
2.5094832807572156,2.6232327599999996,2.6142735763999996,1.0599999999999998
1.6486925851110021,0.7101022121,1.7605850280999995,0.24749999999999997
1.220087028125453,0.36000630009999995,0.9186060561,0.21000000000000002
1.4906196549421988,0.2900030276,1.5919439280999998,0.3400000000000002
1.709890706595015,0.9787257524000003,1.6850004760999997,0.25999999999999995
1.0247476491312386,0.21010774439999996,0.4,0.4400000000000001
1.6572623716539274,1.1514768369,0.6475417316000001,0.9475000000000003
2.587628261497389,2.5243976000999995,1.4439224196,2.7275
2.2414136821657893,1.2108369225000002,3.6855983721000003,0.1275
2.1563426556092606,1.40081884,2.038994808399999,1.2099999999999995
2.133608166885382,0.9502384289000005,1.7145453809,1.8875
2.639717433457604,3.2533593088999995,0.7672488195999999,2.9475000000000007
2.016935775725147,1.4587890625,2.3617408609000003,0.24750000000000005
1.2063858169756474,0.5603667225,0.34750001690000004,0.5475000000000001
1.3914799770029032,1.1482290000000002,0.6404875264,0.14749999999999996
2.065258599328423,1.6817249920999995,1.8935680899999998,0.69
1.9147970950730002,1.6085493823999997,1.5303985329,0.5275000000000001
1.3525325624545976,0.4514175224999999,0.73042681,0.6475
2.35368148042593,1.2198173743999996,1.4724991369000002,2.8474999999999984
1.4612110154594373,0.9876313316000003,0.36000630009999995,0.7875
1.8989517245575256,2.9659815321000003,0.24003612009999994,0.4
