Rg,Rgx2,Rgy2,Rgz2
1.9306190790780036,1.0580257476,2.141764280899999,0.5275
2.1705128867850565,2.1698978680999996,1.6937283235999998,0.8475000000000001
2.0137021369855077,1.4900485809000004,0.6649477155999993,1.9
2.1120833600263036,0.5325282281000006,1.1408678916000001,2.7875
2.630772814383637,3.0360747600000004,0.7948908408999995,3.0900000000000007
2.355599429211172,0.6934398225000005,0.4279088483999998,4.4275
1.6253102303868021,1.4266332608999999,1.0275000840999997,0.1875
2.4256161543409958,3.2358516121000003,2.1477621161,0.5
2.290882059513322,1.565353688100001,2.492786922499999,1.19
1.9068686321034283,1.1039122024999997,1.8847357776000002,0.6474999999999999
2.226902454666571,2.1998731224999997,2.2492214201000005,0.51
1.945399391204798,0.5926183688999999,2.5044604223999993,0.6875
1.865854271721133,0.7019070688999997,1.4320050944,1.3475000000000001
2.3345272426981873,0.6289212899999999,3.811096156900002,1.01
2.282465748549143,2.7720368963999995,0.7476129969000002,1.6899999999999995
1.9625870568461419,2.0738770080999998,0.4878709476,1.2900000000000014
2.199823985345191,2.6053186816,2.0064068848999987,0.22749999999999995
2.292835411820919,2.302993057600001,2.144101168100001,0.8099999999999999
1.813379442615362,0.6487974404000003,1.0120475624999998,1.6275000000000006
1.7478476256241564,1.2961825124000002,0.7112888100000001,1.0475000000000008
2.118912433537545,3.1521111440999996,0.41017875690000005,0.9275
1.9971421215326666,2.3780900099999998,0.5604866436000001,1.05
2.2352666422823027,0.7333140625000001,3.3031028996000003,0.96
2.399377046901966,3.317881283600001,1.9916289295999996,0.4475000000000001
2.1691656855574677,0.7019070688999995,3.4758727024999994,0.5274999999999999
1.6369504608264724,1.0484634816000002,1.1311433295999997,0.5
1.8267137528633215,1.82186225,0.3275208848999999,1.1875
2.356429186799383,3.6585640000000006,1.1666945124000003,0.7274999999999998
1.790684577975697,0.5107711729000001,1.5482800849000002,1.1475000000000002
1.7016687974456135,0.9100450241000002,0.8581316720999999,1.1275000000000006
1.9311012728751435,2.4314765636,0.18767556249999998,1.1099999999999999
1.6907671622668807,1.1993004769,0.6118931201000002,1.0474999999999999
1.742105165711875,1.7995609999999993,0.8478694084,0.3875
2.2550045094633404,0.9100450240999999,1.1475003136000002,3.0275000000000003
2.3380495871986975,1.1568296281,1.1221462441000003,3.1875
2.4969437224134627,3.1769039529000005,1.8103239999999992,1.2474999999999998
