Rg,Rgx2,Rgy2,Rgz2
1.243076459193078,0.4475635209,0.5876755625,0.51
1.412490369843278,0.3275208848999999,1.14010816,0.5275000000000003
1.855616191619377,0.6610949481000001,2.3547165025,0.4275000000000001
1.4200132512761985,0.7400485808999999,0.4488890528999998,0.8275000000000003
1.7786188733115365,1.9358912003999997,0.34009389610000024,0.8875
1.9296982316673248,0.5926183689000001,2.0911168964,1.0399999999999998
1.3533734961569182,0.3504405800999999,0.9536792399999998,0.5275
1.6486312141895167,1.5,0.7279848804000001,0.49000000000000005
1.8662542973828615,2.402091039999999,0.7333140624999996,0.34750000000000003
1.9580117029527684,0.44750575999999986,1.6363040689000001,1.75
1.4556521593430212,0.9638800441000004,0.22754316489999993,0.9274999999999999
1.8274947073247572,1.7481543363999996,1.1415825688999999,0.45
1.3135332446497119,0.8478694084,0.32750017640000006,0.55
2.0528805643290604,3.3159743025000012,0.5508443089000001,0.34750000000000025
1.2550088706061007,0.42753931290000013,0.36000795240000016,0.7875
1.665446812960414,1.9137051344,0.6100079524000003,0.25
1.5036022591762757,0.24004858089999997,0.5107711729000003,1.51
2.0311494367721936,2.6475495615999995,0.5505184728999998,0.9274999999999999
2.1757256177422737,1.0482107555999993,2.8255712080999986,0.86
1.4586104049059847,0.6100079524000002,0.19003636090000003,1.3275000000000006
1.4726527119793047,0.4878709476,0.5908350625000004,1.0900000000000005
2.013905299114137,1.1981357969000004,0.4101787568999999,2.4475000000000007
1.2845794020223118,0.4601442401,0.8,0.3900000000000001
1.656475492121752,0.8232618256000004,1.2106492303999996,0.71
1.8692239163888313,1.3350064896000005,1.9114915600000004,0.2475000000000001
1.0125589994662039,0.22754316489999987,0.3477325625000002,0.45
2.009370941986571,3.1800477680999997,0.5475238144000001,0.3100000000000002
2.188706499853281,3.5603422464,0.09009389609999996,1.1400000000000001
2.0614085655444434,1.3637564641,2.1456488099999995,0.74
1.2689861548890125,0.9403179089000003,0.36000795240000005,0.31
1.3941779139335122,1.1461759555999997,0.3875561000999998,0.41000000000000025
1.7550753609175875,2.1427657080999998,0.5475238144000002,0.3899999999999999
2.0868908193051214,2.2518972675999995,1.2432160241000005,0.86
1.4962977794877597,0.2275970224999999,1.7638100224000002,0.2475
1.6587967832739492,0.5015752961000002,0.2600314721000001,1.9900000000000007
1.2590319049968512,1.1475117649000004,0.12764957289999995,0.31
