Rg,Rgx2,Rgy2,Rgz2
1.887833085842072,0.7,0.47391375999999985,2.3900000000000006
1.8365479442149066,1.7422401289,0.8906682225000001,0.7399999999999999
1.9567612404174406,0.6483573183999999,2.6330572336000007,0.5474999999999999
1.4387869002739773,0.2,0.46010774439999996,1.4099999999999997
1.9523442793984878,0.9295412324000001,0.7821069529000002,2.1
2.4269186016222295,3.8877613363999997,1.6621725624999997,0.33999999999999997
1.7692193080565224,2.07013696,0.5,0.56
1.3096341310839452,0.24750278889999996,0.9276387684000003,0.5399999999999999
2.1243722265412908,1.2628227969000003,0.41013455999999976,2.8400000000000007
1.8017147887776244,1.0275038024999996,1.2286723776,0.9900000000000004
1.602818054615058,1.2491060600999997,0.6799196560999998,0.6399999999999999
1.89479237187086,2.2629232675999997,0.9998148648999999,0.32749999999999985
1.6862790856201708,0.14751122250000007,2.1060259320999997,0.59
1.3984297154308472,0.34750001690000004,0.8981056521000005,0.7099999999999995
1.8898140270407564,0.3100000484000001,2.8738970084,0.3875
1.7288819284439294,1.3125,0.8290327225,0.8474999999999999
2.500353798745289,5.048337502499998,0.6434316163999998,0.5599999999999999
2.342050129203045,1.2357973880999997,2.721901419600001,1.5275
1.8768133670666352,0.6285445824,0.6338838324000001,2.26
1.6296712050287936,0.6475417316000001,1.2482865049,0.76
2.134510751741485,2.3981360484,1.0705001009000001,1.0875
1.8809778334685394,0.3579338516,2.1526437584,1.0275000000000003
1.249059115534569,0.28750778409999994,0.63264089,0.6399999999999998
1.274253114573396,0.8137209999999999,0.4,0.41000000000000014
1.4267696774532321,0.7281604899999999,0.1475112225,1.1600000000000001
1.3499353765273359,0.9847177764000001,0.2101077443999999,0.6275000000000002
1.3098548929175322,0.4877748963999998,0.5879449441,0.6399999999999999
1.9397231574892329,0.5416491721000001,1.6933767556,1.5274999999999996
1.082452111550437,0.3275162408999999,0.6166863328999999,0.22749999999999995
1.9840606654283532,0.4514175225,2.8450792016,0.6399999999999999
2.6483770984132904,1.4573830328999997,2.3665182225,3.1899999999999995
2.024018296977574,2.5752751401000005,0.6113749264,0.9099999999999996
1.5380220967203302,0.43880899239999993,1.5392029776000002,0.3875
1.185820740289189,0.6484703225,0.5102005056,0.2475000000000001
1.6973369332575075,1.5430077209,0.5879449441000001,0.75
1.214514595466024,0.7964888025000001,0.3910569000999997,0.2875
