Rg,Rgx2,Rgy2,Rgz2
2.3351666933433255,3.4104026841,1.3026008015999995,0.7399999999999999
2.3830930683042992,1.0607080921,2.9784244800999997,1.64
1.8446259525985205,0.49003612009999997,1.7851087848999991,1.1274999999999997
2.487192701360311,2.7280900041000002,3.0305375296,0.42750000000000005
1.8334276870659503,1.6933767556000003,1.3280803280999998,0.3399999999999999
1.646190202133399,0.3875427716,1.5823994100000005,0.74
2.683351524139169,1.6275579121000003,0.4228174899999999,5.15
1.9526155613689036,0.7500036863999997,2.615203844099999,0.44750000000000006
2.0285403583118575,1.9432079763999996,1.6317680088999995,0.5399999999999998
2.397679132578002,3.0688977923999996,1.3324674304,1.3475000000000008
2.309229029026788,0.5570088649000001,4.1880298436,0.5875
2.6274040251358373,1.4403087049,2.4629432064,3.0
1.6937531468310252,0.8012822500000001,0.8275174724000001,1.2400000000000004
1.5532653889467827,1.0776236963999999,0.2475096721,1.0875
2.4901228499815025,3.1406635776000007,1.1500482304,1.9099999999999997
2.4251407243704435,0.7901967248999996,1.1636108080999998,3.9274999999999998
1.8349381168039423,2.351692691599998,0.42780520089999996,0.5875
1.6684238833701703,1.2083000624999998,0.6278381920999999,0.9474999999999998
2.4114308085657363,0.7475799235999998,2.1199186209000005,2.9475000000000007
2.0473584211124347,1.4721851681000004,0.7919913364000001,1.9275000000000007
2.162198592266677,2.1204117123999997,1.0071910399999997,1.5475000000000003
2.284268237226093,0.25,3.9078813796000005,1.06
1.9776595915374315,1.787785210000001,1.9958522499999998,0.12749999999999995
2.3154427956008754,3.5237723120999975,0.2900030276,1.5475
2.6052622914593457,0.6483573183999998,0.6890342889000002,5.45
2.355399613908434,1.8610017776000003,2.0594055636000004,1.6275
2.278301499999506,2.6357376224999993,1.0274201023999998,1.5275
1.8349924517010965,1.9506855929,0.9565117049000003,0.4600000000000003
2.2506075607488745,1.8606544288999998,1.3045799635999995,1.9
2.2429864427811417,1.0346233600000008,3.2688648224999994,0.7274999999999998
2.7965010618449617,2.800368062499999,1.9600501264,3.0599999999999987
2.039042196743363,0.9,2.8976930801000003,0.3600000000000002
2.323678471755505,1.0419228224999997,1.4700588176,2.8875
2.3091506902971917,2.415300060899999,2.1568768495999993,0.76
2.2229994647997557,2.8441848889,0.6475417316000001,1.45
2.275806863620022,3.5245967089000003,1.4447001716000005,0.21000000000000002
