Rg,Rgx2,Rgy2,Rgz2
2.718202869857215,2.782129440099998,4.0464974016,0.5600000000000002
2.1888516970548735,2.8975794435999997,1.2334923081000004,0.6599999999999996
2.11884881294065,1.3128760896,2.1491442025000014,1.0275000000000005
2.4707071975448645,0.8510856144,4.425808441599999,0.8274999999999999
2.591260475135605,2.1270596164000013,0.34007123359999986,4.2475000000000005
2.570959471714791,4.133977627599998,1.0283549775999998,1.4474999999999998
2.077314721509478,0.6278381920999998,3.3598982601000005,0.3274999999999999
1.8787797052874506,0.7071351768999999,1.4626780041000005,1.3599999999999999
2.0049520364587274,0.9521967128999996,0.5276359556,2.5399999999999983
2.259896365853974,0.46010774439999985,2.19702384,2.45
2.486464709582664,4.065166649600001,1.6898401023999998,0.42750000000000005
2.303315475244327,0.7071351768999999,1.1506270016000004,3.4475000000000002
2.1214721017255918,0.6483573183999999,2.10478656,1.7474999999999998
2.234535645229228,2.1483672769,2.4972822729000015,0.34750000000000014
2.362576679644494,1.4500544036000012,1.1842141635999996,2.9475000000000002
2.4318760545101803,2.9585184916000005,2.4155026529,0.5399999999999999
1.5346496264620144,0.46010774439999985,0.6475417316000001,1.2475
2.361391595140459,0.8299840256,2.35618624,2.390000000000001
2.398510529849723,1.9224254449,3.6429273169,0.1875
2.4384747798777826,2.2475585224999994,1.7386007296,1.9599999999999997
2.1203990441659797,0.7278549456,2.9782371609000005,0.7899999999999999
1.9160549496295771,1.1153956096000006,1.5158709604000002,1.0399999999999998
2.0746810339182264,1.0604254160999997,1.7963759764000002,1.4475000000000002
2.0016907685504273,1.3792659328999997,0.4,2.2275
2.1598048590787084,1.1105650129,2.4541920164,1.1
2.3556433190107535,0.5413630863999996,3.78019236,1.2274999999999998
2.247077738864412,0.6565512836,3.632807080899999,0.7600000000000001
2.531568263665825,3.107775000000001,1.8735628735999996,1.4275000000000002
2.007419510241942,0.9475139875999998,2.0722191024999996,1.0099999999999998
2.6529662865931787,4.1734033169,2.2548268009,0.6099999999999998
2.1762636408762615,0.9375100024999998,2.458613432100001,1.3399999999999999
2.9076760369752335,3.6786865856000004,4.1283933504000005,0.6474999999999999
2.240796096323804,0.5882518564000002,2.8854152888999995,1.5475
2.1450796821097344,1.2015170224999998,2.7523498201000005,0.6475
2.3464107416435,1.7962315236000002,1.1619118449,2.5475000000000003
2.267375047781024,2.547565016900001,0.5534245903999999,2.04
