Rg,Rgx2,Rgy2,Rgz2
1.9283189494738675,1.2600675683999998,1.2683464025000002,1.1900000000000004
2.2794871638155807,0.8099394899999999,0.7986222399999998,3.5875
2.349318860031562,3.18273129,1.5890678160999996,0.7474999999999995
1.5663573673016002,0.8519236996,1.4115517025,0.19
1.7636604442182173,0.6601345599999998,1.7028636024999997,0.7475
1.495309295396775,0.4484455625,0.4475043264000001,1.3399999999999999
1.8554263562049558,1.8314086609,1.1011983023999998,0.51
2.151588123433479,2.2887472928999997,1.7530841599999998,0.5875
1.7478015184797158,0.6501563715999994,1.5946537764000006,0.8099999999999999
1.7422842580933802,1.8880116643999998,0.3875427716,0.76
1.9355997950247874,2.3886904896,0.8103560768999996,0.5474999999999997
2.659421450955076,0.9003286568999996,3.0821937969000004,3.0900000000000007
1.5658950399691545,0.5879449441,1.3165823320999996,0.5475000000000001
1.4297458398260858,0.5404946175999998,0.8036785488999998,0.7
1.6955964133307195,0.7,0.4475471969,1.7275000000000003
1.8273280866335964,0.24003612010000003,2.6715918161,0.42750000000000005
1.6854111655616857,1.3919129449000003,0.7486978521000001,0.7
1.8784176935122818,0.5570088649000001,1.8114441663999998,1.1600000000000004
2.428380707405658,4.507032860100003,0.1,1.2900000000000003
1.7269305447527414,1.05235809,1.3824310164000004,0.5475
1.6668635879699332,1.4884809999999997,0.7499532209000003,0.5399999999999998
1.4266501940209448,0.6297619535999995,1.0155688225,0.38999999999999996
1.4427876030102282,1.0180858024999995,0.42355026490000025,0.6399999999999999
1.4422330325228305,0.4900361200999998,0.7,0.8899999999999999
1.3952214147582453,0.5879449441,0.7486978521,0.61
1.3543112493441083,0.5,0.8941589600999997,0.43999999999999995
1.8737971808336142,2.3360984025000002,0.5475174724,0.6275000000000002
2.307811684886789,1.7905267024999993,0.5879680704,2.9475000000000007
1.6808415944401185,1.8445689599999997,0.7331595055999997,0.2475000000000001
1.8746767984108619,1.7495174968999994,1.4148956016,0.35
1.571932710550932,0.7278549455999996,1.0156175009000001,0.7274999999999999
1.3585067878004877,0.3275000900000001,1.2705406024999992,0.2475
1.4861556890514533,0.4385241721,0.4101345600000001,1.3599999999999997
2.8938127212554723,3.0490953136000005,1.6650567521000006,3.66
1.2827475030184232,0.5276359555999999,0.42780520089999996,0.6899999999999998
2.585439123727341,2.4005209025000003,0.5364745599999998,3.747500000000001
