Rg,Rgx2,Rgy2,Rgz2
1.6455404452641083,0.6280461568999997,1.0297572000999997,1.05
1.6128304900701746,0.31000002560000006,2.0812221641,0.21000000000000002
1.2589746922396814,0.2475130321,0.2900042436000001,1.0475
1.4955393475933692,0.6406651241,1.2484728160999998,0.34750000000000014
1.5888040395215512,0.7889273283999995,0.4878709476,1.2474999999999998
1.499162487857804,1.2292181025000004,0.6907700625000002,0.3274999999999999
1.9558094099630465,0.44750576,0.5276846880999999,2.85
1.1027878354878604,0.4407700625000001,0.4878709476,0.2875
1.81821642553905,1.34834681,1.3100641600999998,0.6475000000000002
2.1278452128855614,2.58515625,1.1550690000000001,0.7875
1.9565689003201499,0.9040683320999999,2.5365935296,0.3875
1.5050139720946116,0.3875561000999998,0.2875109561000001,1.5900000000000005
1.5084710406235846,0.0,0.7279848804000003,1.5474999999999999
1.3059437654432138,0.24004858089999975,1.2154405376,0.25
1.3635359187054812,0.4,0.4317302016000001,1.0275000000000003
1.7907916820222276,0.25,1.6294348483999994,1.3275000000000001
1.8859871356931361,0.39000510759999985,2.5194423683999996,0.6474999999999997
2.090204605606829,1.7481543364,1.3933009568999992,1.2274999999999998
2.0458408308077147,0.4101787568999999,0.7277859480999999,3.0475000000000003
1.4647777233764856,0.7905736025,0.32750017639999995,1.0275
1.4920642120900829,1.2279844400999997,0.5107711729000002,0.4875
1.9252922496078353,1.7092502464,1.05,0.9474999999999996
1.9950345239368668,0.5400042436,2.6901585081000006,0.75
1.3674639900926093,0.9920171840999995,0.35044058010000023,0.5275000000000001
1.191698049045982,0.4601442401000001,0.45,0.5099999999999999
1.3771169677264166,0.5475238144000001,0.7889273284,0.5600000000000002
1.9566379953634756,0.29158404000000004,2.4468482049,1.0899999999999999
1.802882077397188,0.6275779688999996,2.0953058161000007,0.5275000000000001
1.9280291784617782,0.42753931290000013,1.0297572000999997,2.26
1.7447618546093904,1.4555797048999999,1.0486142244,0.5399999999999998
2.3562811161658956,3.2368184484,1.4877422499999997,0.8274999999999997
1.938314104834405,2.9176545001000003,0.45190706890000004,0.3875
1.9611811353875501,0.4286950849000002,0.19003636089999998,3.2275
1.3741725033270022,0.5508443089000004,0.44750575999999986,0.8899999999999999
1.2984398284094647,0.4878709476,0.48807504040000005,0.71
2.0149924224671416,0.4601442401,1.8900502225,1.7099999999999997
