Rg,Rgx2,Rgy2,Rgz2
1.8915113028475408,0.9902388644000002,1.5375761444000005,1.05
1.686919272668375,0.6123634099999999,2.0233332225,0.21000000000000002
1.2589728748865083,0.2475096721,0.2900030276,1.0475
1.5694278775400927,0.6404875264000003,1.4751163364000004,0.34750000000000014
1.677235191259711,1.0778429903999995,0.48777489639999994,1.2474999999999998
1.623621042146227,1.6180721648999998,0.6905731235999999,0.3274999999999999
2.0275096698166446,0.7331595055999998,0.5276359555999999,2.85
1.102654986838585,0.4405731236000001,0.4877748964000001,0.2875
2.0347605878825155,1.8898755983999993,1.6028750515999999,0.6475000000000002
2.0968522571941017,2.4565519716000006,1.1527374168999998,0.7875
1.9592841593041068,0.9003286569,2.5509657600000004,0.3875
1.5050084902418326,0.3875427716,0.28750778409999994,1.5900000000000005
1.5084279716313935,0.0,0.7278549456000001,1.5474999999999999
1.4156989184145052,0.5404946176,1.21370881,0.25
1.4334191180879376,0.4,0.6271903681000005,1.0275000000000003
2.0619749903672453,0.5625,2.3617408609000012,1.3275000000000001
2.0438869742967687,0.39000396010000016,3.1399700036,0.6474999999999997
2.221624035564974,2.3305742929000006,1.3775390625,1.2274999999999998
2.126233687627021,0.4101345599999999,1.0632351344000002,3.0475000000000003
1.5111782069961173,0.7904235363999997,0.4657360369000002,1.0275
1.4919353989365625,1.2278024121000004,0.5105688224999999,0.4875
1.9185004800885508,1.6831440920999996,1.05,0.9474999999999996
2.152733643022285,0.6323844049000001,3.2518777328999997,0.75
1.6007649307128142,1.3469003009000005,0.6880480625,0.5275000000000001
1.413227380006487,0.6747116275999999,0.8125,0.5099999999999999
1.3769747531454597,0.5475174723999998,0.7885419983999998,0.5600000000000002
2.1035663564527742,0.2912222016000003,3.0437692144,1.0899999999999999
1.7888302020314841,0.6275556516,2.0448578401,0.5275000000000001
2.055506226431825,0.4275297025000001,1.537576144400001,2.26
1.8783077205026872,1.7129356224999999,1.2751042704000006,0.5399999999999998
2.4719204592785746,3.1955405168999995,2.0873502401,0.8274999999999997
2.020098295875723,3.2418796025,0.4514175224999999,0.3875
2.02774735768537,0.6942322025000001,0.19002714410000002,3.2275
1.3738487980851457,0.5499561935999995,0.4475043264000001,0.8899999999999999
1.4652056868576508,0.8475103684000003,0.5893173364,0.71
2.2012134044658187,0.46010774439999985,2.6752327076,1.7099999999999997
