Rg,Rgx2,Rgy2,Rgz2
1.8479922039878842,0.31000004839999995,2.357575137599998,0.7474999999999998
2.103364147502757,1.3211324369000002,2.1130083000999997,0.9899999999999999
1.4161206899484238,0.8103560768999998,0.6475417316000002,0.5475
1.3602957087707068,0.9483479743999996,0.3620564409,0.54
2.034367622088004,1.3624730729000003,1.7286785488999996,1.0474999999999999
2.2145272655128907,1.3415085455999998,0.7526224640999999,2.81
1.9011522232846056,1.6645331535999996,1.6998466224999995,0.25
2.5461616329290644,2.3074664641,3.0879725968999994,1.0875
1.9950505541464356,1.68226704,0.8879596735999999,1.41
1.7389102046971832,1.8088086099999994,0.32750009000000013,0.8875
1.7698137006193617,0.7614493248999994,1.4432912099999995,0.9275000000000008
1.7230211937175934,1.0484467216,0.6303553124,1.2900000000000003
1.4981685335435395,0.5570088649000001,0.3275000900000001,1.3599999999999997
1.7202078089870423,1.9641036836000005,0.1475112225000001,0.8474999999999998
2.2373336874503096,1.6100450080999997,2.9056170208999994,0.48999999999999994
1.570525006518521,0.5285208024999999,1.5105279936000002,0.42750000000000005
1.4901597737155572,0.4405731236,0.29000302759999996,1.4900000000000007
1.8921796262511652,1.4811848815999997,1.9116588563999997,0.1875
1.520412715679529,0.4877748964000001,1.3738799296000002,0.45
1.3765899959319767,0.8,0.3475000169000001,0.7474999999999998
1.8661401508193323,0.12761299690000003,2.2073660656000005,1.1475
2.2493735693521426,2.6246362961,1.6250451583999996,0.8099999999999996
1.9477747981992168,0.6338838324,2.6999428321,0.45999999999999996
1.432792643336781,0.7265857663999997,0.4388089924,0.8875
1.750930319830004,0.7648725625000001,0.7108844223999998,1.5900000000000005
1.5085631843910285,0.34076286440000036,0.34750001690000004,1.5875
1.93804205449727,1.6104212025,1.4180858025,0.7275000000000001
1.4080257043108269,1.0569012416,0.5356351424000001,0.3899999999999999
1.7171304006685109,1.1919551600000007,1.5290816529,0.22749999999999995
2.259421668060214,2.30900321,1.8684830640999988,0.9275
2.052879491665305,3.2391391744000004,0.34767503289999996,0.6275000000000004
1.6540270629285363,0.2600230399999999,2.1857824849000003,0.29
0.9594390665904742,0.44856276000000017,0.2119605625,0.25999999999999995
1.9429677237154506,2.0470377729,1.4180858024999998,0.31
1.8815214487217518,1.2743586276000003,1.0382643344,1.2274999999999998
1.7903310698583097,1.0651628755999998,0.7526224640999999,1.3875
