Rg,Rgx2,Rgy2,Rgz2
2.323984284047549,2.9585275920999985,1.8548753604,0.5875
2.7765972503948064,0.7626243224999999,0.6993679684,6.2475000000000005
2.8792387755273094,2.3644651489,1.4980507776000007,4.427500000000001
1.9906971232460255,1.6818827284000004,1.2334923081000007,1.0475
1.9090711156214164,1.7010797796,1.2534727448999998,0.69
1.97357448273431,0.5380026164,2.4294936224999995,0.9275
2.480038338917365,2.3568207225000006,2.6037694399999998,1.1900000000000008
2.31580525938603,0.5603560769,3.0925979224999987,1.7100000000000004
1.9860229316400149,0.8276595169000001,2.389127568099999,0.7274999999999998
1.5701682479594345,0.8103560768999998,0.22757224999999998,1.4275000000000007
2.5326726701451174,2.9488880024999986,1.5555428515999996,1.9100000000000001
2.5990334772180215,1.1842141635999996,3.6107608520999994,1.9599999999999997
1.7845190050262842,1.0852549823999997,0.9492530968999999,1.15
2.015122628154426,1.6106151809000004,2.2626040256000004,0.1875
2.3743389383152524,1.9016943395999992,3.1882910544000005,0.5475000000000001
2.3187592753453297,0.7614493249000001,2.3676952521,2.247499999999999
1.5220536575627024,1.0291056049,0.6475417316,0.6399999999999999
2.1101845488250555,1.2382033076000005,1.2671755225000005,1.947500000000001
1.9550477980090408,0.48777489639999994,2.3469369960999997,0.9875
2.104729808027624,1.0348832384000002,0.4475043263999997,2.9475000000000002
1.668722805321483,1.2491701561000002,0.8454656449000002,0.6899999999999998
2.010938697350071,0.9475139875999998,2.5688604569,0.5275000000000001
3.26593276521425,3.668777809999999,1.0100390169,5.9875
2.1435784059604632,2.9572278769,0.5102005056,1.1275
2.456973241083427,2.6657128025,2.7710047049,0.6
1.8398761458587367,1.41013456,0.24750967210000002,1.7274999999999996
1.9722958117381886,2.0299444689000006,0.36000630009999995,1.5
2.305805546918473,0.7475549080999999,3.6216843121,0.9475
2.7710424466074133,3.2278514024999994,0.9108248384,3.54
2.283844421146064,2.3115326275999992,1.0144127124,1.8900000000000001
2.5342080807423844,4.954405395599999,0.42780520089999996,1.04
1.634313176138527,0.7331595055999995,1.0278200521000005,0.9099999999999998
1.931970763883346,1.5639411124000002,0.9410699201000003,1.2274999999999996
2.3869735542942236,4.5887678224999995,0.8613749263999999,0.24750000000000005
2.186592964591261,1.0998049604,0.6338838324000002,3.0474999999999994
2.195645936575385,0.48777489640000005,3.9855861824,0.34750000000000014
