Rg,Rgx2,Rgy2,Rgz2
1.5677307653101666,1.6027241009000004,0.6275556515999998,0.2275000000000001
1.843732337406924,0.5876313315999999,2.4842176004,0.3275000000000002
1.6548555526389606,0.8500765775999997,0.6484703225000003,1.2399999999999998
2.1899151529910923,1.7134727448999996,1.2347556324000004,1.8474999999999997
2.3380361407172474,1.185296134400001,3.5336168608999996,0.7474999999999998
1.4714656479170694,0.4900361200999999,0.34767503290000007,1.3275000000000006
1.2722993091643178,0.5,0.39124553209999996,0.7275000000000003
1.5701294825905283,1.3277768896000004,0.42752970250000005,0.71
1.3783860266630679,0.3900039601,0.8999440783999996,0.6100000000000001
1.6133201974809588,1.5477616099999996,0.9275404496000004,0.1275
1.6752032660247536,1.2428595696000009,1.1234464129,0.43999999999999995
1.2490858612601456,0.46010774439999985,0.21010774439999996,0.8899999999999999
2.247010972403116,2.7149223075999993,1.5341360025,0.8
1.2173823132032107,0.3319835763999999,0.4900361200999999,0.6600000000000004
1.6784310542884984,0.6532064964000003,1.3164243076,0.8474999999999998
2.2390597320303898,1.0071910400000001,1.2661974436000007,2.7400000000000007
2.6352806437455576,2.8275258064000006,3.2071782649,0.9100000000000001
2.242142437156926,2.526723748100001,1.3529789604000002,1.1475
1.6916378085748733,1.3466087728999994,0.4275297025000001,1.0875
1.5379509568253469,0.9285995856000001,0.78919356,0.6475
2.4524551152875356,3.5644283481000003,0.21010774439999996,2.24
2.5688031551677915,2.04012769,3.198621959999999,1.36
2.670226884086819,4.1914205203999995,2.3786910921,0.56
1.5007969963989136,0.3616564900000001,1.0632351344000004,0.8275000000000003
1.5225356928821079,0.9624723136000002,0.5281426225000001,0.8275000000000002
1.6895310664500964,0.6323844049,1.7221308196000003,0.5
1.6272522618205205,0.41013456000000004,1.8503153636,0.3875
2.006797848613557,2.2403595775999996,0.6368780276000002,1.15
2.51683859015631,1.7143675625000003,3.510108926400001,1.11
2.2366066813143526,0.46010774439999985,1.1948017025000002,3.347500000000001
1.5759168799464014,0.46010774439999985,1.3959062681,0.6275000000000006
1.7426629819044186,0.6100063001,0.6993679684,1.7274999999999996
1.7621753614495916,2.0177192328999993,0.3875427716,0.7
1.5192435793183396,0.9505835809000001,0.5475174723999999,0.8099999999999999
1.5271964421776263,1.5973193009,0.24750967210000002,0.4875
1.8564567414836255,0.9907069569000001,1.4682246761,0.9875
