Rg,Rgx2,Rgy2,Rgz2
1.499694499889894,1.3940056240999996,0.6275779689,0.2275000000000001
1.7692572643343873,0.5876755625000001,2.2150957049,0.3275000000000002
1.6552501857121178,0.8510557369,0.6487974404000003,1.2399999999999998
2.191104112200057,1.7151897615999991,1.2382474689000005,1.8474999999999997
2.0588877877388074,0.7620475625000003,2.72947136,0.7474999999999998
1.4714894302712476,0.49004858090000003,0.3477325625,1.3275000000000006
1.231597619395231,0.5,0.28933269610000006,0.7275000000000003
1.5701713644694961,1.3278988008999995,0.4275393129,0.71
1.2655963037240587,0.39000510759999985,0.6017288963999998,0.6100000000000001
1.6144033245753677,1.5512359999999998,0.9275620944000004,0.1275
1.4590128805805658,0.8581316720999999,0.8305869136000004,0.43999999999999995
1.2491150788458203,0.4601442401000001,0.21014424009999993,0.8899999999999999
1.9363927655566162,1.9216691969,1.0279477456000004,0.8
1.187467916619224,0.2600314721,0.4900485808999999,0.6600000000000004
1.5313171117701256,0.3600079524,1.1374241444,0.8474999999999998
2.152583089244176,1.0100701225000002,0.8835438335999996,2.7400000000000007
2.522290304386075,2.8278111696,2.6241372099999993,0.9100000000000001
2.0704489496966594,1.7836282243999997,1.3556306288999997,1.1475
1.5526829800381017,0.8957851235999998,0.42753931290000013,1.0875
1.4920607120355391,0.9290429184000002,0.6497022499999996,0.6475
2.3400248043557146,3.025571844900001,0.2101442400999999,2.24
2.4075643851826682,2.0403429904,2.3960232783999995,1.36
2.526369364325019,3.4210649360999996,2.4014772288999997,0.56
1.3097574985469638,0.16017875689999994,0.7277859480999999,0.8275000000000003
1.4885909825402006,0.8600487204,0.5283543929,0.8275000000000002
1.6644352519698686,0.5400042435999998,1.7303404644000004,0.5
1.6278073081602746,0.4101787568999999,1.8520778755999996,0.3875
1.8180775233746223,1.6048874081000002,0.5505184729000001,1.15
2.2235750480701113,1.2502708099999995,2.5840151843999983,1.11
2.2373600597579286,0.4601442401,1.1981357969000004,3.347500000000001
1.496906414242387,0.4601442401000001,1.1530845728999999,0.6275000000000006
1.6688360352053762,0.6100079524000002,0.44750576,1.7274999999999996
1.6241583457902125,1.5503342320999995,0.3875561001000002,0.7
1.519658735144177,0.9518388569,0.5475238144000001,0.8099999999999999
1.5341530548481792,1.6186125636,0.2475130321,0.4875
1.858015872510243,0.9920171841000001,1.4727057983999998,0.9875
