Rg,Rgx2,Rgy2,Rgz2
1.8612441437114045,1.3289475224999998,1.14778224,0.9875
1.936428091151334,1.2147522760999994,1.1475014760999998,1.3875
2.9850396715119216,3.836949336400001,1.9335125040999999,3.1400000000000006
2.2211632880317467,4.07822816,0.6278381921000001,0.22750000000000004
1.9311310244517328,0.16013456000000004,2.8291324735999996,0.74
2.5513925177635843,1.2840383396000004,3.2355654401000002,1.9900000000000013
2.4546858435653225,3.0358287025000004,0.7496538880999996,2.2399999999999998
2.111527873957623,0.7126419599999999,2.5359080025000003,1.2099999999999995
2.3209548508534152,4.519195464099999,0.5276359556,0.33999999999999997
2.4749420583318713,0.85,0.6278381920999998,4.6475
2.1055002451911515,0.4101345599999999,1.6229967224999995,2.4
2.426741808433687,2.9005338064000004,0.7885419983999999,2.2
1.8483489754102176,0.8594454900000003,2.0569484449000006,0.5
3.036355756577283,4.298049748900004,4.5339065316000005,0.3875
2.083749390521807,0.4,1.592011522500001,2.35
2.380975525388701,1.5555428515999994,2.1660016009,1.9475000000000002
2.20135733528203,0.42267362760000016,2.47580049,1.9474999999999998
1.8958535302074369,0.9466699776,0.7875906303999999,1.8600000000000005
1.8628985390514425,0.7904235363999997,1.3324674303999995,1.3475
2.488588512108822,1.0155688225000001,0.3900039601000002,4.7875
2.2882972322668227,0.7877666195999999,2.961037603600001,1.4875
1.828946068012942,0.6875019880999996,0.6475417316000001,2.0100000000000007
2.212314774935972,2.9672259608999996,1.6871107025000005,0.2399999999999999
2.003887629708812,0.5882518564000003,2.827313776100001,0.6
1.623847246079507,0.5285208025,1.2483590760999996,0.8599999999999997
1.8668317462481725,0.5275432964,0.5475174724,2.410000000000001
2.2694594030517488,2.5876404900000005,1.6753054921000001,0.8875
2.1900696923385796,3.2867983044,0.7821069529000002,0.7275000000000004
2.9014156250354763,1.6652302116000013,4.7029824176,2.05
2.3911889228582504,1.6170326083999995,1.0532518564000002,3.0475000000000003
2.21624175172746,0.3616564900000002,2.390071012100001,2.1599999999999997
2.0270846329889634,1.2515045409000003,1.0100675683999998,1.8475000000000001
2.0329380221738194,0.4405731236000001,2.8822638784,0.8099999999999999
2.544549864985947,3.5921949225000005,2.072539092900001,0.8099999999999999
2.5752140975848983,0.25,2.594227648400001,3.7875
1.9352156605660256,2.0175596528999984,0.5,1.2275000000000005
