Rg,Rgx2,Rgy2,Rgz2
1.7046260194247889,0.5105688224999999,1.047681043600001,1.3475
2.105275703939985,1.6987254995999994,1.64596029,1.0875
2.3824578844756106,2.1374446369000006,0.6986609344000002,2.84
1.5763297643894187,1.3324420899999996,0.6523734361000004,0.5
1.7787873429108945,1.0156978448999996,1.5483865664,0.6
1.8597717061241683,0.22757225,0.8036785488999998,2.4274999999999998
2.467481134943082,1.6281165824000001,0.5128465688999998,3.9475000000000002
1.7653790908753852,2.421553662400002,0.24750967210000008,0.4474999999999999
2.153624888995296,2.6879656025000003,0.6601345600000001,1.2899999999999998
1.9379625032750247,2.9806874415999998,0.14751122249999998,0.6275000000000005
1.2308803095346033,0.2600230400000001,0.5275432964,0.7275000000000006
1.1756790940133282,0.4,0.6222213321,0.36
2.3420046936118637,2.8815132400000003,1.7134727448999996,0.89
1.9853584333565562,2.0940135488999987,0.6601345600000001,1.1875
2.1703637240333706,2.5158637721000003,1.1671149224999997,1.0275000000000005
1.8909989828923761,0.42780520089999996,2.658071952400001,0.48999999999999994
1.5344958930215489,1.4090719936000005,0.8981056521000003,0.047500000000000014
1.7028342047598173,1.7242137663999997,0.48793056250000005,0.6875
2.5841545107055808,3.8027232035999994,0.1876313316,2.6875
1.4791669207361284,0.5281426225000001,1.2597921569,0.4
1.7485253291273763,1.9672165041,0.7626243224999996,0.3275000000000001
1.4595523825132142,1.0525794129000001,0.7277137444,0.35
1.4288261344894277,0.6117347224999997,1.0023094001000001,0.42750000000000005
2.3141201421706694,0.5475174724000001,0.16013456,4.647499999999999
1.5765829106012788,0.6275556515999998,1.3705580223999998,0.4875
2.345460785645328,3.4456766840999995,1.5680096129000005,0.4875
2.367918881760944,2.2268121224999993,0.9402277080999998,2.44
1.73836436255464,0.5219066968999998,0.3900039601000001,2.1100000000000003
1.6930679334864271,0.4275297025000001,1.0114493248999998,1.427500000000001
1.7291887150337293,1.4721851680999998,0.6279084440999998,0.8900000000000003
1.6637206419949233,1.7274292520999999,0.6805371225,0.36
1.3654372971689324,1.0144127123999995,0.3600063000999999,0.48999999999999994
1.7511022905587212,0.5503810303999999,0.6884782016,1.8275000000000006
1.6454592662840366,0.9505835809000001,1.3469526160999998,0.41000000000000003
1.328387112855285,0.5646123216000001,0.5,0.7
1.9788230218996345,0.047524206400000005,3.0807163456000013,0.7875
