Rg,Rgx2,Rgy2,Rgz2
2.2654528855838074,1.1888235044,1.8334532724,2.1100000000000003
2.5010266397021845,0.7071351768999998,0.8879990756,4.660000000000001
2.2982787859613554,2.8997934016,0.7722919764000002,1.6100000000000005
2.0813940321332725,1.2601585001000004,2.8245426169,0.2475000000000001
2.4179248793128374,2.5171283504000006,2.8892323715999995,0.43999999999999995
2.115037470022694,1.4637088100000004,2.4696746895999997,0.5399999999999999
2.1893575536444474,2.2968947135999995,2.0488917841,0.44750000000000006
2.6561409834758396,1.5875140015999998,3.0175709225,2.45
1.7814694892980907,1.8135257969,0.21010774439999985,1.15
2.679780461642334,3.6712170225000014,2.610006300100001,0.9
3.2264492212492666,3.149805464900001,1.3326691123999994,5.927499999999999
2.2357124989139368,1.6128058328999995,2.8756045449000007,0.51
1.8874998266754888,0.5276359556000002,1.9750196401,1.0599999999999996
1.862925103862203,0.24003612010000003,2.4829538225,0.7474999999999997
1.7197520509945614,0.5603560769,2.00719104,0.38999999999999996
2.0421290275592283,1.0578958416,2.2648951235999997,0.8474999999999999
2.0110176340599306,2.2690559689000005,0.5276359556000002,1.2475000000000007
1.742363238965974,0.6607879248999999,0.6475417316000003,1.7274999999999996
2.5580500171028713,3.762236057599999,0.6338838324000005,2.1475
2.651226981701114,1.2534727449000003,0.3480317636,5.4275
2.9081870683468765,0.8286329955999998,0.6414190288999996,6.9875
2.251994756876667,0.7936469520999997,1.8903334328999999,2.3875
1.88444193630369,1.0525794129000003,0.7885419983999998,1.7100000000000002
1.9923835728092119,0.9100352835999999,2.4995570176000004,0.5600000000000002
1.9523483512170672,2.7522776601,0.6718864244000001,0.3875
2.050001836340641,1.9814244609,1.6610830681000004,0.5600000000000002
2.765768617672129,1.8708753168999999,1.7386007296,4.04
2.8171542168827033,0.2475096721,4.201348209599998,3.4875
1.9303887671658266,1.2789007923999998,0.7,1.7475
2.145400598116818,0.41013455999999976,2.6526091664,1.5399999999999998
2.6910842912848345,2.8447729844,3.2096616784,1.1875
1.798784020053547,0.46010774439999985,0.9255162063999997,1.85
2.1177585194964985,2.3126505625000005,1.0822505844,1.0900000000000005
2.2009311557838425,2.4335266529,2.2505712996,0.16000000000000006
1.7329687655869626,1.8130734129000003,0.5901073296000001,0.6
1.3910684505444006,0.6475417315999998,0.4275297025000001,0.86
