Rg,Rgx2,Rgy2,Rgz2
1.7065045931669802,0.5107711729000003,1.0538867536000003,1.3475
1.9364283105243014,1.5509187409,1.1113358609000004,1.0875
2.263476632991823,1.7914175080999992,0.49190896000000006,2.84
1.5776215935705242,1.3346740900000005,0.6542158024999994,0.5
1.535907096474263,0.6610949481000002,1.0979156609000007,0.6
1.7595076257294255,0.2275970225,0.4407700625000001,2.4274999999999998
2.3015740845343213,1.1221462440999996,0.2275970224999999,3.9475000000000002
1.5584014915932285,1.7336021768999994,0.2475130321,0.4474999999999999
1.9512733300334937,1.8572888516,0.6601787568999999,1.2899999999999998
1.7110277428785312,2.1526009600000005,0.14751497689999998,0.6275000000000005
1.2308897336886033,0.2600314721,0.5275580644000001,0.7275000000000006
1.1409840938856246,0.4,0.5418447025,0.36
2.3349094307916953,2.8466122884000002,1.7151897615999991,0.89
1.8656731920140783,1.6330577025,0.6601787568999999,1.1875
1.9224080220910442,1.8279635409000008,0.8401890625,1.0275000000000005
1.8922263694653447,0.42790884839999965,2.6626117849,0.48999999999999994
1.336571769041977,1.1108779369000001,0.6280461568999998,0.047500000000000014
1.5447408426011142,1.2106492304,0.48807504040000016,0.6875
2.555699865496729,3.6564262399999996,0.18767556249999998,2.6875
1.4809107701006161,0.5283543929000001,1.2647423161,0.4
1.7112672111917533,1.9885880655999997,0.6123474025000004,0.3275000000000001
1.4603003075052747,1.0546910400000002,0.7277859480999999,0.35
1.3015618329530103,0.6123474025000003,0.6542158024999998,0.42750000000000005
2.3141310618242863,0.5475238144000001,0.1601787569,4.647499999999999
1.5553300465817537,0.6275779689,1.3039735849,0.4875
2.0750706139791966,2.6615884248999997,1.1568296281000001,0.4875
2.3784158050685753,2.2765438329000003,0.9403179089000002,2.44
1.7147154551120136,0.44024398440000023,0.39000510759999985,2.1100000000000003
1.6932474347832338,0.42753931290000013,1.0120475625,1.427500000000001
1.629409269305904,1.13692841,0.6280461568999998,0.8900000000000003
1.5223036317371117,1.4654405375999997,0.49196780960000003,0.36
1.265158870181923,0.7506190143999997,0.3600079524,0.48999999999999994
1.7221190537822875,0.5505184729,0.5876755625000002,1.8275000000000006
1.6096233346345348,0.9518388568999999,1.2290484224999996,0.41000000000000003
1.2689281921763738,0.4101787568999999,0.5,0.7
1.8237651252559908,0.047531809599999995,2.4910874224999993,0.7875
