Rg,Rgx2,Rgy2,Rgz2
2.2870066153161868,0.5901073296000002,3.3802919288999993,1.2600000000000002
1.9405440081070051,0.8454656449,2.3302454025,0.5899999999999999
1.352040609597212,0.6297619536000003,0.5882518564000001,0.61
1.4298319385508211,0.9869193555999998,0.3475000169000001,0.7099999999999997
2.7303954382103703,4.6476408721,2.8074183769000003,0.0
1.373081754922117,0.5901073296000002,1.0477461761000004,0.2475000000000001
1.1030182510276065,0.32750009000000013,0.5416491721,0.3475000000000001
2.106445606157444,1.0441693921000001,1.9654436996000022,1.4275000000000004
1.5094952099625887,0.8232794863999997,0.9677963025,0.4875
1.8015088821596188,0.4235502648999999,1.6743839875999995,1.1475
2.105199292822416,2.189104000000001,1.4827600625000001,0.76
1.7433235643735217,0.5400030276000001,2.1516740225,0.34750000000000003
1.6457320215636568,1.7092920164000003,0.6516418704,0.34750000000000014
1.7567217709415457,1.2966945124000002,1.2618768680999999,0.5275000000000002
1.9329051508028012,1.1484909904000002,0.18763133159999995,2.4
2.4622114139122986,4.3134897684,1.5389952783999998,0.21000000000000002
1.524997080980813,0.49003612009999997,1.3880799769000003,0.4475000000000001
1.4406050946737623,0.31000004840000006,1.0778429903999995,0.6875
1.9466854400236318,0.7142288900000004,0.9653553123999998,2.1100000000000003
2.212985538249177,0.32750009000000013,2.379804902499999,2.1900000000000004
2.261492903902199,1.5042424099999996,0.21010774439999996,3.4
1.3023019141504786,0.6403297856000002,0.7281604899999999,0.3275000000000002
2.4940392810058145,0.34803176360000004,1.4447001716,4.4275
1.8413262546599396,2.5328478161000003,0.4101345599999998,0.4475000000000001
2.539335205856052,0.6501563715999994,0.8105669161,4.9875
2.196418473173999,2.476751320400001,0.24750278889999996,2.1
1.6478580944972172,1.9778017395999998,0.4101345600000001,0.3275
2.2599191737980364,2.6322249999999996,0.24750967210000002,2.227499999999999
2.402124495212519,0.09007123360000002,1.1526308568999994,4.527500000000001
1.472590677683381,1.200952070399999,0.34007123359999997,0.6275000000000003
1.1215734037502854,0.7304268100000003,0.32750009,0.2
1.4053951963771614,0.5876313316000003,0.4475043264000001,0.9399999999999998
1.4340970853118695,1.0419228225000001,0.6747116275999997,0.33999999999999997
2.117508584728761,2.3053958464000006,1.78844676,0.3899999999999999
1.9991611672148897,1.7702454884,1.9388998841,0.2875
1.5124645345263472,1.6100450080999997,0.39000396010000016,0.2875
