Rg,Rgx2,Rgy2,Rgz2
2.15639446048259,0.5901473795999999,2.7998896896000005,1.2600000000000002
1.6926239286090692,0.5604866436000001,1.7144891200999997,0.5899999999999999
1.352461709809191,0.6306203396,0.5885323369000001,0.61
1.394874165830022,0.8881739216000003,0.3475000169000001,0.7099999999999997
2.422756311724314,3.0566745104,2.8130736356000003,0.0
1.3731341681350735,0.5901473796000001,1.0478500641000004,0.2475000000000001
1.103288714933675,0.3275001763999998,0.5422458121,0.3475000000000001
2.1090348394467076,1.0507135696,1.9698143843999987,1.4275000000000004
1.2923322936845616,0.5546553328999999,0.6279674243999999,0.4875
1.6012159562657373,0.18767556249999998,1.2287169760999999,1.1475
1.9510471220603562,1.6982380624999993,1.3483468099999996,0.76
1.5780311320122935,0.5400042436000001,1.6026780100000004,0.34750000000000003
1.5048263579895191,1.2647423161000002,0.6522600515999999,0.34750000000000014
1.625686276807429,0.8414371680999999,1.2739187025000003,0.5275000000000002
1.9329749550627915,1.1487166144000007,0.18767556249999998,2.4
2.1681270721293067,2.9391712399999994,1.5516037609000002,0.21000000000000002
1.3805663784476283,0.4900485808999999,0.9684149443999999,0.4475000000000001
1.3365729886541926,0.31000002560000006,0.7889273284,0.6875
1.895013908814392,0.5135868121000005,0.9674909025000004,2.1100000000000003
2.1783492661416815,0.3275001764,2.2277053489000003,2.1900000000000004
2.2665589122279615,1.5271450625000003,0.2101442401,3.4
1.302453491607282,0.6404566768999999,0.7284284209000002,0.3275000000000002
2.4115822159943043,0.34820862439999994,1.0400201601,4.4275
1.8016053747977112,2.3881031696000012,0.4101787569,0.4475000000000001
2.53957818485669,0.6511445369000001,0.8108128200999998,4.9875
2.111553081051954,2.1111526116000006,0.24750380249999998,2.1
1.4924204315473575,1.4896399876000006,0.4101787568999999,0.3275
2.2874172947890377,2.7572648484,0.2475130321,2.227499999999999
2.4025764084623824,0.09009389609999993,1.1547795023999996,4.527500000000001
1.327586056344371,0.7948908408999995,0.3400938961,0.6275000000000003
1.12203571155289,0.7314639616000005,0.32750017639999984,0.2
1.4054114424253132,0.5876755624999999,0.44750575999999986,0.9399999999999998
1.357538194011498,1.0427657080999997,0.4601442401000001,0.33999999999999997
1.9760784786541246,2.3156544289,1.1992317249,0.3899999999999999
1.8487886734832621,1.7758407396,1.3546788196000001,0.2875
1.5214195141380304,1.6372122304000005,0.39000510759999985,0.2875
