Rg,Rgx2,Rgy2,Rgz2
1.824813551927977,1.3685163009,1.5339281983999997,0.42749999999999994
1.9250563508635274,1.9780623955999999,1.1877795584000002,0.5399999999999999
2.676488574251719,3.410012622499999,2.9635784655999995,0.7899999999999999
2.7640571028833683,3.953294067599999,3.0992176004000003,0.5875
2.2554002806153943,0.6890342889000001,2.270296136899998,2.1275000000000004
2.308219884239801,1.2474543876000002,1.4304246463999999,2.65
2.7159139581363765,3.7789609395999975,0.8872276883999998,2.710000000000002
1.893525245065404,2.697866620099999,0.34007123359999997,0.5475
2.692586983274635,3.6098196224,3.0302050401000002,0.6099999999999999
2.4648439788351717,1.4697367744,4.3657190656000004,0.23999999999999994
2.616463039295606,0.9797143315999992,4.206164504399999,1.6599999999999997
2.4184044675777456,2.7145516484,2.2066285204,0.9275000000000004
2.6560208330696504,2.906669392100001,3.6877772735999996,0.46000000000000013
2.1546082610302966,1.4178304801,2.4770062783999984,0.7474999999999995
2.3954281508949506,0.22757224999999998,4.083003776100002,1.4274999999999998
1.6929127142295317,0.6642917056000003,1.3741617523999998,0.8275000000000002
2.6580855387477653,4.053122404899998,2.5522963264,0.46000000000000013
2.4547188698504763,2.8375600576,1.3480846724,1.8399999999999999
1.7692605412431488,0.9927785364,0.4475043263999998,1.6900000000000002
2.205787100356696,0.5416491721000001,2.2363475599999996,2.0875
1.7923329901555685,1.8173321076000015,0.64762544,0.7474999999999998
2.2235968143977902,1.3336091841,2.6107736088999998,1.0
3.1304700663159197,1.4448390335999992,1.0275038024999996,7.327499999999999
2.595575305977463,2.8318760201,3.4951351489,0.41
1.6168134824400742,1.4965497168999997,0.49003612009999997,0.6274999999999998
1.9207231136735976,0.6484703225,0.9907069568999998,2.05
2.2295504714628014,0.8132851204000003,3.8301101843999996,0.3275
2.47631996757285,1.6817692809,1.7028913009,2.747500000000001
2.6054895371503606,3.7985396080999996,0.7400361200999999,2.25
1.9223429318412466,1.6203883599999993,0.9475139875999998,1.1275000000000004
1.9699517690796393,1.5903884841000004,1.3428214884000003,0.9475000000000001
1.8273804338451258,1.7632196644,0.9285995856,0.6474999999999997
2.7120029366503275,2.3278064883999994,3.23715344,1.7900000000000005
2.128275928844754,2.2417023524,0.5603560769,1.7274999999999998
2.3088558145756957,3.880606947599999,0.8027082248999997,0.6475
1.542771353668456,0.7400361201,0.5901073296000002,1.05
