Rg,Rgx2,Rgy2,Rgz2
1.6596210791623491,0.9543421263999999,0.5,1.3
1.4372356369781543,0.7412895281000004,0.8243567481000001,0.5
1.5638527126619053,0.32869024999999996,1.9569450569,0.15999999999999995
2.6893776244328356,2.8553704784000007,3.4498815284,0.9275000000000005
1.5601000573681167,1.838912172100001,0.34750001690000004,0.24749999999999997
1.6186369798073934,0.4101345599999998,1.2823511124000002,0.9275000000000002
1.611755810195825,1.2480354596,0.6222213320999999,0.7275
2.011619194579332,0.6285445824000002,2.1705672016,1.2475
1.870259449648631,0.8283258288999997,1.4795445801,1.1900000000000006
2.3465300110588823,2.5044515583999996,1.7742515343999994,1.2275
1.6628082251420335,0.47391376,1.7435174335999999,0.5474999999999998
1.3746619984563477,0.22757224999999992,1.03462336,0.6274999999999997
2.3049124495303506,1.8440478144000003,3.0585735856,0.41
1.9265969460424255,0.7460824401000005,0.9056933524000002,2.0599999999999996
2.1850397111723168,1.2653031024999999,2.4615954369000006,1.0475
1.9857543000582925,2.0321093321,1.1636108080999998,0.7474999999999998
2.3333093957938793,0.46010774439999985,2.256724992099999,2.7275
1.9958201917006453,0.29000302759999996,0.98329521,2.710000000000001
1.4035778972326403,0.6,0.8600309136000004,0.51
1.9990044494447732,0.8276724864000002,2.5408463025000008,0.6274999999999997
1.9243638491719806,0.7840089984000003,1.8716672256,1.0475
1.3411816424705492,0.2614891880999997,0.7972790100000001,0.7399999999999999
1.2356869605608047,0.7484199089000001,0.3285023555999997,0.45
1.5452661364308737,0.22757224999999992,1.7502751823999998,0.40999999999999986
2.635619604058977,2.271315664399999,0.3476750328999999,4.327500000000001
1.5444039864297163,1.3880484963999997,0.7071351768999998,0.2899999999999999
1.4009698397895651,0.46010774439999985,1.2151087475999998,0.2875
1.521492262254396,1.0309641441,0.5364745599999998,0.7474999999999999
1.8892390750246515,0.8148180624999999,2.664406220100001,0.09000000000000007
1.6695728992769376,0.5475174724,0.5499561935999997,1.69
1.1554654051506692,0.2475096721,0.7875906303999999,0.3
2.460605620350405,2.5295403289000014,2.1775396899999997,1.3475000000000006
1.3783080930256486,0.42780520089999996,0.8319279984000001,0.6399999999999999
2.343877389391348,1.536153472099999,1.2101077444000004,2.747500000000001
2.103750899702719,0.7278549455999996,3.3879129024,0.31000000000000005
1.8254686491145227,2.7923357889,0.3,0.24
