Rg,Rgx2,Rgy2,Rgz2
1.737596613716774,0.5475238144,1.7617181776,0.71
1.2391882848461728,0.1601787568999999,0.4279088483999997,0.9475000000000001
1.298340840650097,0.8906651241000001,0.5475238144000003,0.24750000000000005
1.4333051199587616,0.1601787568999999,1.2041848100000005,0.69
1.589787748411718,0.2275970224999999,0.6898280625,1.6099999999999999
2.37946376232125,1.8304955601000006,3.103852236099999,0.7275000000000001
1.3442494474241005,0.5288875624999998,0.7506190143999998,0.5275
2.0179892871122975,1.7503705128999993,1.8819102500000002,0.43999999999999984
1.786176063214374,1.3404169763999998,1.3600079524,0.48999999999999994
1.9234571357064343,2.632148040000001,0.42753931290000013,0.6399999999999999
1.7521445281140484,0.2275970225,2.314913424900001,0.5275000000000001
1.4096611596408548,0.2275970225,1.0120475624999998,0.7474999999999998
1.637496885035205,0.2101442401,2.2112518083999992,0.25999999999999995
1.6234123585213958,1.5346965129000008,0.5107711729000001,0.59
1.8499260881721733,0.39000510759999973,1.3047214240999998,1.7275000000000003
1.9930413419194295,0.8296855624999997,0.5325282281000001,2.6100000000000003
1.3267695884742008,0.51026896,0.2400485809,1.01
1.3295076804968071,0.9121818240999998,0.4279088484000001,0.42749999999999994
2.3440665535986813,1.1176545001,3.2269935075999996,1.15
2.11272479424084,0.5422458120999998,3.3213602441,0.6
1.8092661506809882,0.39000510759999985,1.1934388964000002,1.69
1.7905845950973667,0.9013509361,1.1648422561000005,1.14
1.9485974506038954,1.8813471556000003,0.8881848689000001,1.0275
1.487014738662667,0.9393197128999997,0.8618931201000002,0.41000000000000003
1.2667525647102513,0.3875561000999998,0.7696059600999996,0.4474999999999999
1.77202737690477,0.4878709476,1.4922100769,1.1599999999999997
1.4223574518734734,1.5055643600000002,0.19003636090000012,0.32750000000000024
2.348076151959301,2.714799692899999,1.5586619224999991,1.24
1.7956322332259462,2.2320603008999993,0.6447348160999997,0.34750000000000003
1.6202151240190297,0.31000002560000006,0.2275970224999999,2.0875
1.0422012170881398,0.6486833599999999,0.3475000169000001,0.08999999999999997
1.6213085322972924,1.3935283600000001,0.7476129969000003,0.4875
2.0546915220781927,0.7905736024999998,2.9836836484,0.4475000000000001
1.484955132588187,0.22754316489999987,0.4900485809000002,1.4875
1.8700847351122891,0.3875561000999998,2.4196608164000004,0.6899999999999997
1.9730999172368338,0.7400485808999999,1.5930747025000005,1.56
