Rg,Rgx2,Rgy2,Rgz2
2.6494143463225983,2.0310390601,1.3483573184,3.6400000000000006
2.031321605876332,1.4484388096000003,1.0378286569,1.6400000000000001
1.9315636034311683,0.7487460899999997,2.0421918641000003,0.9399999999999998
1.876597521606591,0.6289212900000001,2.3651969681000002,0.5275
1.601665052687359,0.6903179089000002,0.2475130321,1.6275000000000002
1.7175052019135197,1.1275893024999997,0.8947348161,0.9275000000000002
2.1695385266457015,2.4505098560999996,0.5288875624999998,1.7275000000000005
2.2442011194186677,0.5476512899999999,1.2487873744,3.240000000000002
1.9043743704692102,2.3372970404,0.5418447025000002,0.7475
2.063249752041667,1.5962283664,0.5107711729,2.15
2.127935905355234,1.9070976804000004,1.9110135368999983,0.7099999999999999
2.227735747390161,0.7626532800999994,3.0126532801,1.1875
1.9455407341148117,0.44750576,2.3476229881000004,0.9899999999999997
1.7880251284587696,0.6476716100000001,1.82186225,0.7274999999999998
2.2713348320756235,3.5836927025,1.1477692169000004,0.4275000000000001
2.0803804360981673,1.44873201,2.4517507489000003,0.4274999999999999
1.8675125121936933,2.1079629955999994,0.6896399875999998,0.69
2.4303242987922413,0.6487974404,0.4101787569,4.847499999999999
2.5721024267707535,3.839350656899999,1.9863602369000002,0.7900000000000003
2.1140659055005826,2.8244951503999993,1.1547795023999994,0.48999999999999994
1.522028991379599,0.5288875625,0.5276846881,1.2599999999999998
2.419317520397023,3.2655991361000005,2.0274981284000004,0.5600000000000002
2.0846899917733572,0.6275779688999998,0.5283543929000001,3.1900000000000013
1.948569702243161,3.0193658201000004,0.5275580644000002,0.25
1.736892592217492,1.3280085024999997,1.2487873743999998,0.44000000000000006
2.3205657257229326,1.7666902249000007,0.5908350625000001,3.0275000000000007
1.978043678486398,1.4320050944,1.0906516996,1.3900000000000001
2.0114804241901036,0.5885323369,0.9475211599999998,2.51
1.6438428904551676,0.4101787569,1.7445406916000004,0.5475
1.5987134447736404,0.7600138384000001,1.4483708400999997,0.34750000000000014
2.1200287704651557,3.447021987600001,0.5,0.5474999999999998
2.559304834129768,0.6536027344,3.6064384995999994,2.290000000000001
2.1693807905713554,2.2918836735999997,1.3668293409000003,1.0474999999999999
2.305597061175261,0.8104866435999997,2.4052911649000004,2.1
1.703092708134234,0.5288875625000002,1.6241372099999996,0.7474999999999997
2.136260759481389,1.375553516900001,2.9405565156000004,0.24749999999999997
