Rg,Rgx2,Rgy2,Rgz2
1.8303838516824822,1.9904901795999994,0.9998148649,0.36
1.2468613215991584,0.5345946929,0.6925684624,0.32750000000000024
2.0626788552753434,1.2137088099999997,2.5134352500000006,0.5275000000000003
2.131910617122585,1.5405274569,2.5570154225,0.44750000000000034
1.2270124253649592,0.7904235363999997,0.5276359555999999,0.1875
2.041871492773235,1.0316589601000001,2.9275802328999996,0.21000000000000002
2.117244270933328,1.8440478144000008,2.078675488399999,0.56
1.582603630982818,1.0766467263999995,0.6404875263999997,0.7875
1.6569511687735399,1.0577594676,0.9402277081000001,0.7474999999999998
1.0236497769256827,0.24750278889999996,0.5603560769,0.24000000000000005
2.1695391912800286,1.26110224,1.0982980625,2.347500000000001
1.8252598312843027,2.2515373316000016,0.2400361201,0.8399999999999999
1.6935771541031133,0.34750001690000004,0.9932035599999998,1.5275000000000003
2.1490404944765467,2.8191630369,1.5517120099999995,0.2475000000000001
2.5194171751617476,2.1207269025000004,3.379236,0.8475000000000001
1.4304584244919532,0.8981056521000003,0.8981056521000005,0.25
1.5585821862834184,0.9738742225000004,1.1153042089,0.3399999999999999
1.8710699913418527,1.7259028225000002,0.3275000900000001,1.4475000000000002
1.9967459694212484,3.3275108900000006,0.33198357640000004,0.3274999999999999
1.5636586387380078,0.3275162409,1.3775120975999997,0.7399999999999999
2.081322771412449,1.1340739663999995,0.35033051239999996,2.8474999999999993
1.802749099403464,1.1671149225000004,0.7552893929000002,1.3275000000000003
2.6568179517610915,1.6049132944,1.5637683344000008,3.8899999999999992
1.6097210646879168,0.6799196561,0.8012822500000001,1.1099999999999999
2.702183048573875,3.451793179599999,0.31000004840000006,3.5400000000000005
1.6587468319487457,0.34803176360000004,1.3134092889000004,1.0900000000000003
1.1114790953499756,0.4275297025000001,0.5603560769,0.2475000000000001
2.126590607733421,3.285673652900001,0.6892139599999999,0.5475000000000001
2.2140056088682347,1.14347696,3.4708438761000027,0.2875
1.6205027694206513,1.8910214416,0.2875077841,0.44750000000000006
1.4983647521548282,0.7875906303999999,0.6100063001,0.8475000000000004
1.6143279637359937,1.0309641441,0.7875906303999999,0.7875
1.7056366983915416,1.1188678899999993,0.9003286569,0.8899999999999999
1.2722314835359172,1.0010699201000006,0.2900030276,0.32749999999999996
2.1825633749332454,1.1355838099999995,3.4404990755999996,0.1875
1.524325666680188,0.5483071280999998,1.5477616099999998,0.2274999999999999
