Rg,Rgx2,Rgy2,Rgz2
1.8220737745766498,1.4320050944,1.0279477455999995,0.8600000000000001
1.8410183999352097,2.4142517264,0.2275970224999999,0.7475000000000003
2.423854414646226,1.3475497025,1.2275205209000002,3.3
2.0710481672090584,2.7138711024999997,0.8478694083999999,0.7274999999999998
2.46744606607723,1.6129734649,1.7278166240999995,2.7475
2.994559253663216,3.8219696355999977,1.4554154880999999,3.6900000000000013
2.241793519060129,3.150405619599998,0.34773256249999995,1.5275000000000003
1.8261389314616783,0.8947348161,0.7400485808999999,1.7
2.194956461094388,0.7475776161000002,2.9102562499999998,1.1599999999999997
1.9025937536426425,1.4481671889000003,1.1241958024999996,1.0475
2.890881767021958,0.7889273283999995,0.44077006250000006,7.1275
2.391933672094609,1.9204800161000004,2.9108666755999995,0.8900000000000002
1.7182134561805762,0.8021132409,1.2101442401000002,0.9400000000000004
1.7319156435866037,1.4139413284000002,0.9380904680999999,0.6474999999999999
2.18548456009188,2.6241372099999998,1.4122055524000001,0.7399999999999995
1.99954333526433,2.1417522595999996,0.6289212900000002,1.2275000000000005
2.9237263802209674,1.7481543364,1.1000216100000002,5.7
2.3826840227986588,0.4878709476,2.4493122049000005,2.7399999999999998
2.119373592857097,0.7475776161000003,3.50416681,0.24000000000000007
1.632847400402132,1.3285118760999999,0.4101787569,0.9275000000000004
2.0070983448999202,0.34773256249999995,1.3532112036000001,2.3274999999999997
2.618224020686542,0.2275970225,0.5,6.1275
1.8136972383780046,1.4594490916000002,0.49004858090000036,1.34
2.117112766812387,2.4661131449,1.7660533225000006,0.25
2.160092253446597,1.0100701224999997,0.7284284208999999,2.927499999999999
1.9587178460666559,2.3783669760999997,0.3482086244,1.11
1.6738278204462966,0.8104866436,1.7637129288999998,0.22749999999999995
2.331658336227673,1.0546910399999998,2.6944395568999995,1.6875
2.957609804977661,1.2514922768999996,1.0484634816000002,6.4475
2.1678363645349252,2.5619659225,0.4900485808999999,1.6475000000000004
1.7416193529586192,0.9380904680999999,0.6351475025000001,1.4599999999999995
2.5336586041927585,2.2813523200999994,0.7905736024999995,3.347499999999999
2.9088455843684797,0.5276846880999999,2.8461979456,5.0875
2.0820025975247964,0.6447348160999998,1.05,2.6399999999999997
1.9632974830116803,0.7670593603999997,1.7399776463999994,1.3475000000000001
1.6085129922073989,1.0663696361,0.8934444100000001,0.6274999999999997
