Rg,Rgx2,Rgy2,Rgz2
1.955648396031352,1.4304246463999997,1.5341360024999995,0.8600000000000001
1.8336226423122073,2.3870997444000004,0.22757224999999992,0.7475000000000003
2.5421607453503015,1.9350568516,1.2275244036000004,3.3
2.034036037463447,2.5620388641000007,0.8477637376,0.7274999999999998
2.603492691923678,1.6049132944000004,2.4257609024999987,2.7475
3.0613860410768194,3.809611689999999,1.8724728025000001,3.6900000000000013
2.540441469056116,4.240995408099998,0.6853474495999998,1.5275000000000003
1.8257786658026212,0.8934316163999995,0.7400361200999999,1.7
2.2188231324060057,0.9264326224999996,2.8367434704,1.1599999999999997
2.0484535709163634,2.0314722001,1.1171898321,1.0475
2.968485005655242,1.0778429903999998,0.6065602384,7.1275
2.5071808834824827,2.6454062721000016,2.7505497104,0.8900000000000002
1.7180377780479683,0.8015460623999997,1.2101077444,0.9400000000000004
1.9406075546075772,1.8448606241000007,1.2735970569000001,0.6474999999999999
2.3815507101046576,2.9161682723999998,2.0156155123999997,0.7399999999999995
2.128306828443681,2.2834226355999996,1.0187673203999998,1.2275000000000005
2.923037443003425,1.7478944196000004,1.0962534736000002,5.7
2.5224511753451244,0.48777489640000005,3.1349850356,2.7399999999999998
2.4187990308002028,0.9264326224999998,4.6841561289,0.24000000000000007
1.7736444401288554,1.6537022784000002,0.5646123216000003,0.9275000000000004
2.0059499486527574,0.3476750328999999,1.3486601636000004,2.3274999999999997
2.618219289899148,0.22757225,0.5,6.1275
2.006847192613329,1.9348131903999994,0.7526224640999999,1.34
2.3286967310708366,2.7978892003999998,2.3749392649000005,0.25
2.2682731096585345,1.4894024099999992,0.7281604899999999,2.927499999999999
2.0181802390272283,2.6150197135999997,0.3480317636,1.11
1.6724877538864071,0.8103560769,1.759359209999999,0.22749999999999995
2.5501990324286457,1.5643215489,3.2516935560999998,1.6875
3.0467457843574675,1.7870065609,1.0481533136,6.4475
2.3207813019972394,3.2484897316000003,0.49003612009999997,1.6475000000000004
1.7794923403319274,0.9351422564000001,0.7714507329000002,1.4599999999999995
2.6138136024781873,2.2673190084000003,1.2172025401000002,3.347499999999999
2.9430804345107524,0.5276359555999999,3.0465864884,5.0875
2.114874213493559,0.6434316164000004,1.1892613224999997,2.6399999999999997
2.134093564232834,0.7652200624999999,2.4416352784,1.3475000000000001
1.7055360229851493,1.3895772736,0.8917758521,0.6274999999999997
