Rg,Rgx2,Rgy2,Rgz2
2.052185970910044,2.5141938575999996,0.7372734016000003,0.9600000000000002
1.3615119055667488,0.7400361201,0.8036785488999996,0.31000000000000005
2.270307366261229,3.1458566408999995,1.7209388963999999,0.2875
1.7029227460163894,2.0823736289000006,0.22757224999999992,0.5899999999999999
1.7758969870181096,0.5035278435999999,2.2402822649000003,0.41
1.7413614745078059,0.44256846240000003,1.3997713224999995,1.19
1.5064532717611918,1.6743839875999995,0.5475174723999999,0.0475
1.3982193995578804,0.5475174724,0.34750001690000004,1.0599999999999998
2.2068883245193898,0.8103560768999996,0.3,3.7600000000000002
1.0492084470208958,0.21010774439999985,0.5907306208999998,0.3
1.7801175359509267,0.7484199089,1.5303985328999992,0.89
2.550423834463597,0.8290327225000003,3.5656290128999983,2.1100000000000008
1.9469087452934204,1.0181281648999998,1.7248254976000006,1.0474999999999999
1.1726138025795194,0.3275000900000001,0.26002304,0.7875
1.4355137730095102,0.54567009,0.4275297025000001,1.0875
2.4031299758648097,2.4144787583999996,0.43305492250000005,2.9274999999999998
1.9749310341629656,0.5416491721000001,2.7987034176,0.5599999999999999
1.2708826458017277,0.1276129969,0.4275297025000001,1.0599999999999996
1.8401304795312752,0.8879596736000007,1.1106205081,1.3875
2.229464413261625,2.569748705600001,0.3407628644000001,2.06
2.1787832568890364,4.079023356899997,0.4405731236,0.22750000000000004
1.5534593772931433,0.46573603690000026,0.4,1.5475000000000003
1.2943660133053556,0.4278833763999999,0.7,0.5475000000000001
2.121377356718978,0.5901073296000001,0.16013456000000006,3.75
2.0786049716336192,1.3547522255999997,1.8183464025,1.1475
1.702704106414265,1.7490935296000008,0.21010774439999996,0.9399999999999998
1.3549022824174446,0.8482601048999999,0.32750009000000013,0.6600000000000005
1.7202190094287413,1.3215811903999999,0.22757224999999992,1.4099999999999997
2.3501950193547767,2.803141512099999,2.2327751169,0.4875
1.9250448652434051,2.0849364595999997,0.9933612735999997,0.6275
1.4902717058308528,1.1456460195999998,0.8477637376,0.22749999999999995
1.4691690049140025,1.1834575480999998,0.34750001690000004,0.6275000000000003
2.102458459660975,0.8354247721,1.2749068024999999,2.3100000000000005
1.2552969085041197,0.2475096721,1.0007606564000002,0.3275000000000001
1.620356929228866,2.0105564881,0.3275000900000001,0.2875
1.7481339034810806,1.4531896849000003,1.1527824595999998,0.45
