Rg,Rgx2,Rgy2,Rgz2
1.728708393917262,2.1107763395999997,0.6501563715999998,0.22749999999999987
1.6787656590483377,1.7311974275999993,0.7970567104000004,0.2899999999999999
2.226294972572143,1.3144869824000007,3.1144023224999993,0.5275000000000001
2.058040799984296,0.2882145600000002,1.2198173743999996,2.7275
2.023584583777016,2.3432020680999996,0.9016924996000002,0.85
1.373454570417238,0.9483105408999999,0.8105669161000002,0.12749999999999995
1.6225303024905267,0.4900361200999999,0.6925684624,1.45
2.448786021685031,0.6637283235999999,2.8328246564000006,2.5
1.2167247125377207,0.4828391024999997,0.7475799235999998,0.25
1.6818388870519079,0.7040984004,0.8144836415999995,1.31
1.4538639694620676,0.8079047681000002,0.8158156735999998,0.48999999999999994
2.4996247616792404,0.9157762516,4.672347697599999,0.6600000000000001
2.33882354582384,0.6642917055999997,3.958303872900001,0.8474999999999998
2.1841316355247455,2.5370050163999993,1.6234259848999997,0.61
1.8427732981026177,0.5483071280999997,0.36000630009999995,2.4875
2.621420505622858,0.6065602383999997,0.5377852288999999,5.7275
2.058483464130815,0.4,2.8873541721000007,0.95
1.102302736819609,0.3400712335999999,0.32750009,0.5475000000000003
2.5097274090227413,3.5111062276,0.6476254400000002,2.1400000000000006
2.3788652809690594,0.42780520089999996,3.1411948241000003,2.0900000000000003
1.7154445490309502,0.9351422564,0.46010774439999996,1.5474999999999999
2.0453412883917443,2.7299893695999997,0.8934316164000002,0.5600000000000002
1.956691474019346,0.5876313315999999,1.8510101929000005,1.3900000000000001
1.7401721858770185,0.6905731236000001,2.0476261129,0.2899999999999999
2.2212891905602925,3.583201508099999,0.9409241600000001,0.41
2.3575819008891292,1.5525148968999996,1.6656775225,2.3400000000000003
1.990294796456043,3.0412733284000018,0.3100000484000001,0.61
2.1804795457192436,0.5570088649000002,3.6874821843999994,0.51
1.9736101257593914,1.0252643876000005,2.5223725409,0.34750000000000003
1.4806189934280864,0.38754277159999995,1.1171898320999998,0.6875
1.3558089153343107,0.7281604899999999,0.6625573249000001,0.44750000000000006
2.0642161437456106,1.3770530481,0.9564352399999999,1.9275000000000007
2.437576579412429,2.3999315155999996,2.714348064899999,0.8275000000000003
2.5882028369121306,2.1737731681000003,2.877520756900001,1.6474999999999997
1.8448029858226054,1.2682952676000003,0.24750278889999996,1.8875
1.2146499522907825,0.5603667225000001,0.28750778409999983,0.6275000000000002
