Rg,Rgx2,Rgy2,Rgz2
2.482856483689704,1.3280085025,2.0265678161,2.8099999999999996
2.4261890836453786,0.7487460900000003,0.5901473795999999,4.5475
1.8451436192611133,2.0604866436,0.9040683320999999,0.43999999999999995
2.0294568852035266,0.3,1.6086952488999997,2.21
2.2787720646216463,0.9876755625000001,3.0951265599999997,1.1099999999999999
2.958660914839685,0.42753931290000013,3.638635096100001,4.6875
2.6685490814673054,3.6606103721000003,1.4730438281000007,1.9875
2.2390952645209183,3.587941210000001,1.0656063936000002,0.36
2.0967374550477227,2.8242603929000003,1.0120475625000005,0.5599999999999997
2.641334406791386,2.5886377648999996,3.8405096836000028,0.5475000000000001
2.2729604082781556,1.8,2.3188490175999994,1.0474999999999999
2.6662223007468824,3.3903129361000004,0.7284284209000002,2.9899999999999984
2.2669354703872804,3.035084224400001,1.1039122024999997,1.0
2.882287399913478,3.477940668099999,1.4896399876000006,3.3399999999999985
2.3112493647376087,1.2524674303999999,1.1894061956000006,2.9
2.321699998061765,1.4101787569000002,3.552612124099999,0.42749999999999994
2.221896179797787,0.8881848689000001,2.5886377648999996,1.4599999999999995
2.185456770677471,0.9920171841000002,3.0967041124000008,0.6875
1.9124850297191869,1.05469104,2.2629079488999997,0.3400000000000001
2.2051399919279504,1.1214140175999998,0.9537283664000004,2.7875
2.1258568696175195,2.2945933400999996,1.3346740899999998,0.89
2.0976463063633966,1.0024216241000001,2.9101984025000003,0.4875
2.392710698475685,3.2623448641,1.1027196225000002,1.3599999999999997
2.5651657081950865,2.6824621135999993,0.7476129969000002,3.15
1.7030175977070818,1.54361201,0.8566569281000003,0.5
2.2600602373609426,3.5658819363999994,0.9944903401000001,0.5475000000000001
2.0504599489139017,0.6476716100000002,2.7967143920999997,0.7600000000000001
2.217472569616139,1.4958773561000016,1.3313072408999997,2.0900000000000003
1.8864410350180576,1.2387890625000002,1.5298707161,0.7899999999999999
2.065390642420944,0.42753931290000013,1.7907991928999998,2.0474999999999994
2.177403330070017,0.4900485809000001,2.4910366809,1.7599999999999993
2.579231211136373,3.2916817841000006,0.9507518563999998,2.41
2.1500158884064087,1.2502708099999997,2.7447975103999993,0.6275000000000002
1.8871507009775343,1.2279844401,1.6433533280999995,0.69
2.5073983467331242,1.8847357776000007,3.792310691600003,0.61
2.137092061774597,1.3175224928999998,1.0896399875999998,2.1599999999999997
