Rg,Rgx2,Rgy2,Rgz2
2.1873341174361083,0.4475471968999999,4.109383344399999,0.22749999999999995
1.427750538049277,0.7904235363999997,0.6880480625,0.56
1.5117266696066454,1.1477822400000002,0.9100352835999999,0.2274999999999999
1.897510799890214,2.8010327396,0.5520144960999998,0.2475
2.6319668853729903,3.300786873599999,1.6989628120999996,1.9275000000000007
1.7736331253390594,1.5276026168999994,1.3281718464,0.28999999999999987
1.4058262825825956,1.3480846723999995,0.3407628644,0.2875
2.865881157078918,3.6569144384,3.166360368099999,1.3900000000000003
2.1646697036268603,2.0080262928999995,2.5177686329,0.15999999999999998
1.6204979995668,0.5879449441000001,0.5105688224999999,1.5275000000000005
1.4554157344209249,0.9275404496000001,0.5631945103999999,0.6274999999999998
1.6782696973371116,0.7914753281000001,1.3376138489,0.6875
1.4129746799217602,0.7475799236000001,0.7014175225000001,0.5475000000000001
1.1829196473556438,0.26002304,0.8917758521000003,0.24750000000000005
1.268991934568538,0.2600230400000001,0.4228174900000002,0.9275000000000004
1.4016213989519424,1.0315398735999999,0.7055026724000001,0.2275000000000001
1.9281575552065244,1.2282946761000006,1.8619968816,0.6275000000000002
1.6316756629918827,0.5111655396000002,2.0611999296,0.09
1.168473911775526,0.47391376,0.4514175224999998,0.4400000000000002
1.8107012858558422,1.6196728225000008,0.8689663241,0.7899999999999999
1.9362343991624567,1.3930539808999998,2.1684496675999996,0.1875
2.1380800159488884,3.116066102499999,1.0278200520999996,0.42749999999999994
1.9746577799710006,2.6137707316,0.5380026164000001,0.7475000000000003
2.424568833297995,2.7509767025,2.117557324900001,1.01
2.149304899845529,0.5475174724000003,1.1819940801,2.8899999999999997
1.6834448003127396,1.7664502755999998,0.24003612010000008,0.8275
1.0201176677717134,0.5105688224999999,0.09007123359999998,0.44000000000000006
1.650293069245581,1.5259672144000003,0.25,0.9475000000000001
1.688415140183243,1.7725851956,0.7281604899999999,0.35
1.8197630841953025,0.9115015625000001,0.4900361200999999,1.9099999999999997
1.6845894912411152,1.2783141763999992,1.0320275776,0.5275
2.266270817576752,0.45141752250000006,4.157065896100001,0.5275000000000002
1.6890442637775958,0.5105688224999999,1.1948017025000002,1.1475000000000002
1.8660204018177293,2.0173205124000004,0.6747116275999999,0.7899999999999998
1.6101002735544143,0.6993679684,0.4330549224999999,1.46
1.968334804498462,1.0023094001000001,2.472032502499999,0.4
