Rg,Rgx2,Rgy2,Rgz2
2.5149403510421475,2.1921280963999994,3.7227968728999996,0.41
1.9398050331154415,0.5901073296000002,2.6252362368999993,0.5475
2.031038178715506,2.9289770209,0.8861390625000004,0.31000000000000005
1.913165084565365,2.1051831684,0.8275174724,0.7275
2.833660459846945,2.3154434401,3.1666881616,2.5474999999999994
3.0516085587768296,4.1370044244,3.2878103716000004,1.8875
2.017190039758278,2.2739197009000014,1.1851359555999998,0.61
1.9410171487392893,0.5879449441,2.179602627600001,1.0
2.1087257340156875,1.0114493248999998,0.48777489639999994,2.9475
2.064966070157086,2.5542898099999993,1.1997950609,0.51
1.929528376287843,0.7504439449,2.1626358100000003,0.8099999999999999
1.5924955253940276,0.5,0.7885419983999998,1.2475
1.6289553489890383,1.1438416409,0.7496538881000001,0.7599999999999996
2.3688001630572386,1.8065593475999993,3.0046548649,0.8
1.896590718236278,1.1619118449,2.0076445076000002,0.42750000000000005
2.2160162088080493,1.1106205081000002,0.5901073296000001,3.21
1.961356240589659,0.7424640576000002,2.2644542448999996,0.8400000000000001
2.9866503334839853,1.0578958416000006,1.3021843728999998,6.56
2.174882522712434,0.9475139876,2.9226000000000005,0.8600000000000005
2.0368483472266656,2.1304974996,1.4707536900000002,0.5474999999999997
2.581836021787596,3.6639544209000006,1.0419228224999997,1.9600000000000002
2.438425332873656,1.2198173743999996,1.7386007296,2.9875
2.644183457723764,1.2474545956000003,3.5042515625,2.2400000000000007
2.7365295736205733,0.8276724864,4.233421620899998,2.4274999999999998
2.3043222954482734,1.4154418403999998,1.8544594009000002,2.04
2.0336395659506628,0.24003612010000003,1.4056537641000004,2.4899999999999998
2.283660091213226,2.9869541881000004,1.3381492241000001,0.8899999999999999
2.238426219221889,3.4006209225,1.3824310163999995,0.2275000000000001
2.5745243030315326,0.7281604899999999,1.5525148969000007,4.347499999999998
2.9820560157381353,4.843430416900001,2.9017276641000005,1.1475
2.3736977653020617,3.3142685601000013,1.8101725209000001,0.51
2.9652020470787486,0.6905731235999999,4.1543500564,3.9474999999999993
2.0044763989131926,0.34750001690000004,2.5229256169,1.1475000000000002
1.923010923655921,0.9100352836000001,2.1979357288999988,0.59
2.028659817736823,1.4,2.4754606561,0.24
2.7029403151568108,3.5178988208999997,0.6404875263999997,3.1475
