Rg,Rgx2,Rgy2,Rgz2
2.031017439856192,0.28751095610000005,0.32752088489999986,3.5100000000000016
1.44586538187343,0.8905267024999997,0.25,0.95
1.1294819650175916,0.34820862439999994,0.3275208849,0.6
2.1727401442648406,2.4646531409,1.6686465935999995,0.5875
1.9295203020958347,2.2630475961000007,0.9500010001000001,0.5100000000000001
1.6606877544258583,0.3400938961000002,1.8777899215999998,0.5399999999999999
2.1626719126349236,2.6786166881000004,0.9510331136000001,1.0474999999999997
1.3165940484826748,0.2101442401,1.3132756483999999,0.21000000000000002
1.4632567087493566,0.5909728160999995,0.5901473795999999,0.96
1.459793782319955,0.6934398225000002,0.5275580644000001,0.9099999999999996
2.206253138558674,0.3477325625000002,3.3923203489000002,1.1275
1.1815701334241655,0.6610949481,0.2475130321,0.4875
1.3153213098326964,1.2600701225,0.31000002560000006,0.16000000000000006
2.3792954741477574,0.5505184728999999,2.8505284804000004,2.2600000000000007
2.050581290195539,1.1872362481,0.5901473796,2.4275000000000007
1.268749527684641,0.9322251875999997,0.32750017639999995,0.35
1.4439562190385136,0.44750576,0.24750380249999998,1.3900000000000001
2.1172118964336093,0.8,2.2550862144,1.4275000000000007
1.3547158135195734,0.8275223728999999,0.3477325625000002,0.6599999999999998
2.155733409607969,1.5595077764000003,0.1601787568999999,2.9274999999999998
1.9083703898876654,1.9318325208999994,0.9100450241000004,0.8
1.788874136265601,0.5505184728999999,1.7895522025000006,0.8599999999999997
1.6143841971786024,0.09009389609999996,0.3886424400000001,2.1275000000000004
2.187385250864603,1.3940056240999996,3.1006486116000005,0.2899999999999999
2.0517560853571264,1.7503705129,1.9318325208999998,0.5275
1.813661431055973,1.678927206400001,0.3504405800999998,1.2599999999999998
1.9339446768198927,1.9216691968999993,0.5909728161000001,1.2275
1.5249603515501642,0.44877234889999984,1.4492317249000004,0.42750000000000005
2.5880174412472576,0.9171927361000003,3.320641540100003,2.46
2.1161352254759147,0.5476512900000001,1.2428770025,2.6875
2.4269590919708555,3.0625334116,0.2275970224999999,2.6
2.2018700569515905,0.8414371680999999,3.7467945796000004,0.25999999999999995
1.6784442141459452,0.6289212899999995,1.4982536899999999,0.69
1.3993957002220636,0.42869508489999986,0.8021132408999998,0.7275000000000001
1.3043914934175245,0.8414371680999999,0.25,0.61
1.9901778513489694,1.7890776784000006,0.4317302016000001,1.7399999999999998
