Rg,Rgx2,Rgy2,Rgz2
2.098440808147802,0.5659375844000001,0.3275162408999999,3.5100000000000016
1.5198779664499384,1.1100290329000002,0.25,0.95
1.1294016134661753,0.34803176360000004,0.3275162409,0.6
2.471720599461032,3.1227600769000006,2.399142644900002,0.5875
1.9273623948287462,2.2554727041,0.9492530968999997,0.5100000000000001
1.6577975859856957,0.3400712335999998,1.8682216025000002,0.5399999999999999
2.187770554171529,2.788890737599999,0.9499492601000004,1.0474999999999997
1.3548715632118047,0.21010774439999996,1.4155692083999996,0.21000000000000002
1.5705116594600625,0.5907306208999998,0.9157762516,0.96
1.4594902393644158,0.6925684624,0.5275432964,0.9099999999999996
2.3136727445773313,0.3476750328999999,3.8779065361000007,1.1275
1.1814387825867239,0.6607879248999999,0.24750967210000002,0.4875
1.5095723428839043,1.8088086099999998,0.31000004840000006,0.16000000000000006
2.390827084671746,0.5503810303999999,2.9056731184,2.2600000000000007
2.047385956091328,1.1741819236000002,0.5901073296000002,2.4275000000000007
1.3040207199657528,1.0229699481,0.32750008999999997,0.35
1.4439553716441516,0.4475043263999997,0.24750278889999996,1.3900000000000001
2.152310410721465,0.8,2.4049401041,1.4275000000000007
1.5132832336677757,1.2823511124000002,0.3476750328999999,0.6599999999999998
2.298485407828381,2.195400609999999,0.1601345600000001,2.9274999999999998
2.2125049554746763,2.7076539476,1.3875242303999993,0.8
1.9147113347186304,0.5503810303999999,2.2557384649,0.8599999999999997
1.7015829328011023,0.09007123359999998,0.6778132436000004,2.1275000000000004
2.2993312187025166,1.6027241009000002,3.3941999524,0.2899999999999999
2.0455519318267137,1.7413839089,1.9153987969,0.5275
1.9786004175932035,2.3045291001,0.3503305123999999,1.2599999999999998
1.9914580262963113,1.8882326735999997,0.8501723969,1.2275
1.5765238171369313,0.6203846244,1.4375427216000005,0.42750000000000005
2.7384952473940865,1.3830884100000003,3.6562678099999992,2.46
2.1130100433741434,0.5476108808999998,1.2297005624999997,2.6875
2.415308997312766,3.0061453024999993,0.22757224999999998,2.6
2.492049755683061,1.0822505844,4.868061400400004,0.25999999999999995
1.7883894409216357,0.6285445824000003,1.8797922100000004,0.69
1.3990897299315723,0.4284060100000001,0.8015460623999999,0.7275000000000001
1.3042350732900876,0.8410291264000002,0.25,0.61
1.9897800048497825,1.7885536516000002,0.43067081609999996,1.7399999999999998
