Rg,Rgx2,Rgy2,Rgz2
1.8637097716651059,1.2034103881000004,1.2100037249000002,1.06
2.522321236004645,3.7897840576,1.4123203600000003,1.1599999999999997
1.6881174898092846,1.4019120025,0.9003286569000002,0.5475
2.36762023846731,3.5319045936,0.8137209999999998,1.2600000000000002
2.4467529064047318,0.6117347224999999,1.8648650624999998,3.5100000000000016
2.765563532772299,2.7713321408999994,3.629509512899999,1.2475000000000003
2.38282210498392,3.1745255104000005,0.8158156735999998,1.6875
2.278909412504148,4.135793550400001,0.4101345600000001,0.6475000000000002
2.789728736006424,3.310841580100001,4.0817448404,0.3900000000000001
2.619074985352653,1.2704898563999998,3.4015639225000003,2.1875
2.1479482905554312,0.7904235363999997,2.2132583224999998,1.6100000000000005
3.009579706370974,3.9383752841,4.5091947249,0.61
2.4234128675279414,3.5897649008999997,1.2431650255999995,1.0400000000000005
2.404070155465518,2.0169833024,3.51257001,0.25
1.6878133271484734,1.5601847008999998,0.8410291264000002,0.44750000000000006
2.453070096226359,2.877520756900001,2.5125321401,0.6274999999999998
1.9433789839863969,1.1671149224999997,0.7821069529000002,1.8275000000000001
2.2628677091911493,1.6398972004,2.8306730689000004,0.65
2.3168787037736784,2.2062536464000004,2.3341732816000005,0.8275000000000003
2.4135992660961763,0.5475174724,0.7504439449,4.527500000000002
2.7083235287535348,1.9088038099999998,3.4662125263999997,1.9600000000000002
2.372243782287141,1.6372895601000004,2.842751002500001,1.1475000000000002
2.0897939092647393,0.5276359556000001,2.179602627600001,1.6599999999999997
2.4300982805639775,2.4337487236,2.2616289296,1.21
3.057327074194058,3.1902193361,0.9295295024999998,5.227499999999999
2.3972905411109435,3.1201268543999996,1.3368750841000003,1.2900000000000003
2.4200838211309947,1.6351852368999995,3.6616204643999963,0.5600000000000002
2.5095978819922524,5.0712135609,0.6993679684000002,0.5275
2.24704180468455,1.2154194304000001,3.4462774415999995,0.3875
2.207293473283514,2.1330282816,1.0916161955999992,1.6475000000000009
2.39454082784153,2.0912810200999994,3.2025447561,0.4400000000000002
2.838926003473849,3.097801939600001,3.6141989136000006,1.3475000000000006
2.9449901821907654,4.236756907599999,3.788710265599999,0.6474999999999999
1.6869873173797127,0.7484199089000002,0.6100063000999999,1.4875
2.062067110110629,1.9042837025000001,1.4603370641,0.8875
2.2770671805636304,0.5475174723999998,0.8275174724,3.8100000000000014
