Rg,Rgx2,Rgy2,Rgz2
1.7411508952701371,1.0581018001,0.91350464,1.06
2.570223895169446,4.0225325848999995,1.4235182864000002,1.1599999999999997
1.691426037697185,1.4093537088999997,0.9040683320999999,0.5475
2.269581712849308,3.0758573929,0.8151437583999996,1.2600000000000002
2.447622442310088,0.6123474025,1.8685082175999999,3.5100000000000016
2.912124684161033,2.9391712399999994,4.293798936099998,1.2475000000000003
2.166935066955168,2.3604359743999996,0.6476716100000002,1.6875
2.123129472476891,3.45,0.4101787569,0.6475000000000002
2.469655498566551,2.6147379600000002,3.0944603215999997,0.3900000000000001
2.4361395420829237,1.2754430329000002,2.471832835599998,2.1875
2.0376372358690347,0.7905736025000001,1.7513919025,1.6100000000000005
2.6658988034807325,2.938452430400001,3.5585639999999996,0.61
2.2077785202324987,2.5840151844,1.25027081,1.0400000000000005
2.2228743425574016,2.0228674884,2.6683028544000003,0.25
1.5287733395438319,1.0482107556000002,0.8414371680999999,0.44750000000000006
2.3335675068444024,2.2931743129,2.5248629961000004,0.6274999999999998
1.7594311327528567,0.8401890625000001,0.4279088484000001,1.8275000000000001
2.0810334222207967,1.4510991044000001,2.229601,0.65
2.3267027888408953,2.2119333776,2.3741124900000004,0.8275000000000003
2.4136368469179454,0.5475238144000001,0.7506190144,4.527500000000002
2.4969970645757678,1.3407388036000008,2.9342555369000003,1.9600000000000002
2.238840592293252,1.6730573376,2.191849860099999,1.1475000000000002
2.0989390291525862,0.5276846881000001,2.2178603600000004,1.6599999999999997
2.2049590236555416,2.0101861776000005,1.6416581183999999,1.21
2.98758782528648,2.7679801329,0.9302008809,5.227499999999999
2.163636242185825,2.543626348099999,0.8476954404000001,1.2900000000000003
2.3319793723144295,1.1403029225000005,3.7378248704,0.5600000000000002
2.087405985332034,3.3822579876,0.44750576000000014,0.5275
2.1630116398438544,1.02877449,3.262344864099999,0.3875
2.031934932865716,1.5930747024999996,0.8881848689000001,1.6475000000000009
2.3395242232770324,2.0937916623999993,2.939581928900001,0.4400000000000002
2.704746717347116,2.2945933400999996,3.6735614648999997,1.3475000000000006
2.6900829193168003,3.2194205123999993,3.3696256004,0.6474999999999999
1.6870844799238716,0.74874609,0.6100079524000003,1.4875
2.0665591143250657,1.9072709729000004,1.4758956000999999,0.8875
2.277069649198285,0.5475238144,0.8275223729000001,3.8100000000000014
