Rg,Rgx2,Rgy2,Rgz2
1.7092867317685467,0.9403179089000003,0.9413432224999998,1.0399999999999998
2.0707083153597465,2.2117518328999997,0.8485810943999998,1.2275000000000005
2.0861803606112295,0.44877234890000006,1.7758761480999996,2.127500000000001
2.6600076774513264,2.1860998440999992,2.179541000000001,2.7100000000000004
1.7686583726655636,1.1275007395999999,1.0906516996000002,0.9099999999999998
2.50793650926414,3.4142517264,2.6754938080999997,0.2
2.049626331724883,1.9228477601000002,0.6306203396,1.6475000000000009
2.227643319856211,3.7252547729,0.6896399875999999,0.5475000000000002
2.5852753973416447,0.9135046400000002,0.4601442401,5.309999999999999
2.8169444385361952,0.44877234890000006,2.0389036209,5.4475
1.8963523892989933,2.4086523844000007,0.6,0.5875
2.500414307949784,3.0156025224999996,2.9889691888999987,0.2475
1.5703173664262904,0.42753931290000013,1.3483573184000002,0.6899999999999998
2.2171992924633543,1.1653536880999995,0.7506190144,3.0
1.9350980876947816,2.4170107129,0.34009389610000024,0.9875
2.000024811771094,1.4824112835999999,1.8901879641000001,0.6275000000000005
2.0148103021376476,0.8305869135999998,2.3188736399999996,0.9099999999999999
2.1264564030329893,0.7600138384000001,3.0343029955999996,0.7274999999999998
2.1482380108591324,1.619139398400002,1.8682871529000002,1.1275
2.351855956473525,1.9734743616000006,2.0302520783999998,1.5274999999999992
2.4070358549053643,0.6279674243999999,3.318354182399998,1.8475000000000001
1.9837564529195613,1.6476454243999996,0.4601442401,1.8274999999999995
2.179083115257424,1.1307558436000003,0.5901473795999999,3.0275000000000007
1.7363850932900802,1.0400201601,0.2475130321,1.7275000000000003
1.7019358480271813,1.7890776784000004,0.36000795240000005,0.7474999999999998
2.5630244278586187,2.3086721289000005,3.9504220889000004,0.30999999999999994
1.6462662007403297,0.5901473795999999,0.9100450241000004,1.2099999999999997
2.1486366152749055,2.6291313521000004,0.36000795240000005,1.6275000000000008
1.8235497244934125,0.7314639616000004,1.0663696361000001,1.5275000000000003
1.9924478793684919,2.628040601600001,0.7418079503999996,0.6
2.170329450567356,0.4878709476,0.7949589764000004,3.4275000000000007
1.8841782551022077,1.0101075368999999,1.0400201600999996,1.5
2.6748963868718354,0.4878709476,2.8171997329,3.85
2.4160707670306345,1.6086952488999997,2.088702702399999,2.1399999999999997
1.7685987358358028,1.3525326400000002,0.4279088484000001,1.3475000000000001
2.303133957306869,1.4039075523999986,0.5505184729,3.35
