Rg,Rgx2,Rgy2,Rgz2
1.2514145096250082,0.5285208025,0.8275174724,0.21000000000000002
1.988162617745339,0.24750967210000002,2.017780922499999,1.6875
1.8443148729270715,2.1740776944,0.6799196560999997,0.5474999999999997
1.516969962556939,0.4475043264,1.3661935409000008,0.4875
1.7001673669671467,1.7530660481000002,0.2900030276000001,0.8475000000000001
2.505230382320157,4.141136496900001,0.3875427716,1.7474999999999998
1.5084824568419748,0.7280130225000002,0.3600063000999999,1.1875
2.29975648049962,0.22757224999999998,4.3738076196,0.6875
1.6029314907693344,0.6,1.5818893641000003,0.3875
1.4951407748101848,0.6278381921,0.46010774439999985,1.1474999999999997
1.2390948687651,0.5603560769,0.3475000169000001,0.6275000000000002
1.9470504531726955,0.5901073296000002,2.753398137599999,0.4474999999999999
1.8190606792792814,0.8875979225000001,0.6338838324000002,1.7875
2.8183522100156324,1.8154778481,0.18763133159999995,5.94
0.9220290600626425,0.29000302759999996,0.16013456,0.4
2.3955518249038152,1.5650960489000005,4.0835724969,0.08999999999999997
1.4300785570730024,1.0887557025000003,0.4688689768999999,0.4875
2.0994552877591843,2.8107705929,0.2569419123999999,1.3399999999999999
1.3230946389809006,0.6100063001,0.4405731236,0.7
1.848353122025118,1.1981931961,1.5582160676000003,0.6599999999999999
1.8961147136447205,2.0002509904,0.34750001690000004,1.2475
2.0054002981948518,0.3285023556000001,1.4456280004000006,2.247500000000001
2.2407347502326105,3.3250921584000004,1.2083000624999998,0.4875
1.2708858331494612,0.6601345599999998,0.32751624090000003,0.6275000000000004
1.4133947606029957,0.31000004839999995,1.5601847009,0.1275
1.922359979738446,0.7004582195999995,0.24750967210000002,2.7474999999999996
1.1203298114394704,0.4475043264,0.16013456,0.6474999999999995
1.4895073474139024,0.6475417315999998,0.7310904064,0.8399999999999999
1.6716060925050495,0.8654774003999999,0.7412895281000002,1.1875
2.1560841122043453,1.0275038024999996,2.4211948964000007,1.2
1.9899589978941774,1.6498794883999994,0.6625573248999996,1.6474999999999997
1.286606455836438,0.24003612010000003,1.0278200521000003,0.3875
1.905067374477869,0.2101077443999999,2.7916739569000004,0.6275000000000003
2.183807738904687,3.4111601636000017,0.8103560768999996,0.5475000000000001
1.4874718345232623,0.8904875264,1.0820849321,0.23999999999999994
1.8791106969521518,2.8960542225000014,0.24750278889999996,0.3875
