Rg,Rgx2,Rgy2,Rgz2
1.8253650162364785,0.9402277080999998,1.3517297343999999,1.0399999999999998
2.1014900306687165,2.340500244100002,0.8482601048999999,1.2275000000000005
2.0830663040095487,0.44844556250000006,1.7632196644000004,2.127500000000001
2.889632864223412,2.9472472624,2.6927308275999993,2.7100000000000004
1.9940993168094712,1.6650074529,1.4014246324,0.9099999999999998
2.568161363018298,3.8574828735999995,2.537969912900002,0.2
2.047267662031519,1.9140429264000005,0.6297619536000003,1.6475000000000009
2.376762265646272,3.9729168448999994,1.1285820225000003,0.5475000000000002
2.6262552484669115,0.9125050025,0.6747116275999999,5.309999999999999
2.8714547614232058,0.8148180625000002,1.9829343844,5.4475
2.0844340049279566,3.1573651209000007,0.6,0.5875
2.7001188113488634,3.5564029024999995,3.4867386929000004,0.2475
1.819869981564617,0.7356589489,1.8862678008999996,0.6899999999999998
2.271608649789836,1.4097619129,0.7504439449000004,3.0
2.084217254438702,2.9337879361,0.4226736275999997,0.9875
2.0906101910447106,1.4694019609000002,2.27374901,0.6275000000000005
2.014061641161958,0.8297202944000002,2.3167240000000002,0.9099999999999999
2.243513853422795,0.8629912281000005,3.4428631824,0.7274999999999998
2.2795453022258623,1.5930616025,2.475765182399999,1.1275
2.4849507559104667,2.6770433344000004,1.9704369249000002,1.5274999999999992
2.4668600497190756,1.0275038024999996,3.210394702400001,1.8475000000000001
1.9760162835361452,1.6170326084,0.46010774439999996,1.8274999999999995
2.2362444310048044,1.3831818256000008,0.5901073296000002,3.0275000000000007
1.823326916655376,1.0400121801000002,0.5570088649000001,1.7275000000000003
1.7434395588032296,1.7885536516000002,0.5035278435999999,0.7474999999999998
2.744173640734128,3.048454448899999,4.1720345216,0.30999999999999994
1.785393950925117,0.5901073296000001,1.3875242304,1.2099999999999997
2.1908320114970024,2.8122386025,0.3600063000999999,1.6275000000000008
1.881839237156033,0.9493352729,1.0644836415999999,1.5275000000000003
2.2255455026127864,3.1661665601,1.1868862240999998,0.6
2.2213871094431066,0.48777489639999994,1.0192857936000002,3.4275000000000007
1.8841655310773522,1.0100675684000002,1.0400121801000002,1.5
2.6575867881218858,0.4877748963999998,2.72499264,3.85
2.5968692228335257,2.2788648849,2.324864875600001,2.1399999999999997
1.9233598772200695,1.9240080164000009,0.42780520089999996,1.3475000000000001
2.299802511717038,1.3887105624999987,0.5503810303999999,3.35
