Rg,Rgx2,Rgy2,Rgz2
1.7724557242424985,0.8297202944000002,1.9118789999999997,0.4
2.454131117972306,2.3092413801000005,3.1860181641000005,0.5275000000000002
2.345107960542542,1.5099815224999997,2.4495498241000004,1.5399999999999998
1.9811038042969884,0.4275297025000001,3.2697425808999996,0.22749999999999998
2.146829201264041,2.1730575225,2.0458180969000006,0.3899999999999999
2.4184098322864966,1.9694322944,2.4692738224999995,1.410000000000001
2.0187497846934868,2.000336705599999,0.9475139875999998,1.1275000000000004
2.537787609158812,3.6355796196,1.8047863295999989,1.0
1.7696363785252611,0.9400212521000002,1.9440916601000005,0.2475
1.6901742587674207,1.1406682225,0.5285208025,1.1875
2.2938331545690063,2.7018981120999994,1.3122724289,1.2474999999999998
2.563868357092462,1.9010857025000003,4.31233525,0.36000000000000015
2.6137869392320403,2.805911960100001,3.5384702035999984,0.4875
2.458263262244303,0.7627318408999998,4.830326425600001,0.45
2.1396288181364542,0.5603560769,2.7276554025000004,1.2899999999999996
1.8765641514480664,1.9923874096000014,1.0291056049,0.5
2.159052107059948,2.2067987521,1.8147072489,0.6399999999999999
2.242005327669852,0.42780520089999996,3.8712826884,0.7274999999999998
2.4271992915292304,3.266649232399999,1.4246471683999995,1.2
2.158562844672353,1.3967864643999994,2.5351070899999995,0.7275
1.6404150978334722,0.8874338496,0.5035278435999999,1.3
1.830092424578606,1.0346233600000008,1.1671149225000004,1.1475000000000002
2.031140516360205,0.5276359555999999,1.0578958416000002,2.54
2.575957530162327,4.013253785599998,0.8223034115999995,1.8
2.131662761930226,1.9028952081,1.9135909224999996,0.7274999999999997
2.176420752933587,3.0545348649,0.7422724288999999,0.9400000000000002
1.793585442681781,0.8059923080999999,1.5234564321000008,0.8875
2.408139475300382,2.5479647240999994,2.4111710083999998,0.8399999999999999
1.5570753487227262,0.8144836415999995,0.65,0.9599999999999997
2.502511614558462,0.6890342889000002,1.6260300920999993,3.9475000000000007
2.1755030682809897,2.2403595776,1.4824540225000002,1.01
2.2419798070901527,2.6326633328999995,1.4463101224999992,0.9475000000000001
1.7579558507823794,0.8275174724,1.7028913008999997,0.5599999999999999
2.2007464148556513,0.8477637375999999,2.5480210449,1.4475000000000011
2.27654712749374,1.0400121801000002,3.5326546435999986,0.61
1.9576809415479326,1.0225146689,0.4,2.41
