Rg,Rgx2,Rgy2,Rgz2
5.338539126015656,0.0,0.0,28.5
5.338539126015656,0.0,0.0,28.5
5.338539126015656,0.0,0.0,28.5
5.338539126015656,0.0,0.0,28.5
5.338539126015656,0.0,0.0,28.5
5.338539126015656,0.0,0.0,28.5
5.338539126015656,0.0,0.0,28.5
5.338539126015656,0.0,0.0,28.5
5.338539126015656,0.0,0.0,28.5
5.338539126015656,0.0,0.0,28.5
5.338539126015656,0.0,0.0,28.5
5.338539126015656,0.0,0.0,28.5
5.338539126015656,0.0,0.0,28.5
5.338539126015656,0.0,0.0,28.5
5.338539126015656,0.0,0.0,28.5
5.338539126015656,0.0,0.0,28.5
5.338539126015656,0.0,0.0,28.5
5.338539126015656,0.0,0.0,28.5
5.338539126015656,0.0,0.0,28.5
5.338539126015656,0.0,0.0,28.5
5.338539126015656,0.0,0.0,28.5
5.338539126015656,0.0,0.0,28.5
5.338539126015656,0.0,0.0,28.5
5.338539126015656,0.0,0.0,28.5
5.338539126015656,0.0,0.0,28.5
5.338539126015656,0.0,0.0,28.5
5.338539126015656,0.0,0.0,28.5
5.338539126015656,0.0,0.0,28.5
5.338539126015656,0.0,0.0,28.5
5.338539126015656,0.0,0.0,28.5
5.338539126015656,0.0,0.0,28.5
5.338539126015656,0.0,0.0,28.5
5.338539126015656,0.0,0.0,28.5
5.338539126015656,0.0,0.0,28.5
5.338539126015656,0.0,0.0,28.5
5.338539126015656,0.0,0.0,28.5
