Rg,Rgx2,Rgy2,Rgz2
2.3412254863639257,0.5903076516,2.75,2.1410291264000003
1.8776465744649604,0.29000924159999986,1.9878374569000001,1.2477099601000003
2.9593110291924365,0.6507350320999998,0.22768961289999995,7.879097122499999
2.638294892937482,0.43557481960000033,0.25,6.275025122499999
1.5904731116557738,0.44751088999999994,1.4345722063999995,0.6475216224999999
1.6368027178007738,0.3508415800999999,0.8807014543999999,1.4475801024999995
3.6086967586651,2.3374320336,0.6,10.085260262399999
3.7255950518138707,1.2400703921000003,0.6284960336000002,12.011492064399999
2.3476811614016073,1.6681396484,0.5303132415999999,3.3131539456000008
1.9563086563219008,0.9623303684000002,1.1648131903999999,1.7
3.189731348013497,0.6478534400000002,0.9366048721000004,8.589927760399998
2.5363305514068943,1.05,1.5907011903999997,3.7922714756000007
1.5546945618995391,0.6616134399999997,0.7654051904000002,0.9900565504000001
2.446635540860142,0.18783745690000003,1.45,4.348188012900001
2.6959916852616588,0.4275737881,0.5445670564,6.2962303225
1.6114778943566057,0.1277808975999999,1.2590268164,1.2100532899999998
1.6873295811133044,0.29000924159999997,0.7466520335999999,1.8104198400999998
1.8723174501136286,0.0,1.6654051904,1.8401674436
1.8283562719557693,0.9475580643999999,0.5478090563999999,1.8475195363999997
1.8582335486692731,0.9513115761,0.44150776889999993,2.0602125764
2.2755249012920076,2.45,1.7404588164000003,0.9875547599999999
2.2880553104547103,3.1,0.3876028196000001,1.7475942841000005
3.2006204012503576,0.9533491903999998,0.6409734400000001,8.6496483225
2.914310182272985,1.0648080336000003,3.6,3.828395804899999
1.2010171676541512,0.6623697423999999,0.19007039210000004,0.5900021025
3.1359628699651405,0.6284960336000003,0.0901739761,9.1155931121
1.8494197944220236,2.6,0.16034003359999996,0.6600135424000001
2.2586564372210307,1.4303740321,0.2102798929,3.4608749764000004
2.0487548627398064,0.7476758276000003,0.3876028196000001,3.062117840400002
2.2294389660629865,2.85,0.5918515809,1.5285465224999997
1.4185032664749135,0.6361545808999999,0.6284960336,0.7475009024999999
1.6407440060533511,1.4319528928999996,1.2125873920999994,0.0475006084
2.948348820492582,0.6413608720999999,0.3876028196000002,7.6637970756
3.5595413267723135,0.18783745690000006,1.05,11.432497000100001
4.5886095658379995,0.5028408899999999,1.1730355761000002,19.379461281599998
1.721490204938733,0.8159971904000003,1.0875242064000006,1.0600071289000002
