Rg,Rgx2,Rgy2,Rgz2
1.8576782221095236,2.35,0.8609676024999997,0.24000077440000017
1.7143738991538573,0.8913608721000001,1.1377160336,0.9100009604000002
0.9878417658714377,0.4882354944000002,0.2400956484,0.24750021160000008
1.2394797173814505,0.9187388721000002,0.19007039210000007,0.4275007056000001
1.2982234045417607,0.9474769956000001,0.18783745690000006,0.5500695556
1.9913389633359764,1.9149117689000001,0.2900092415999999,1.7605098564000006
1.4485709875943256,0.1900703921000001,0.7181396484,1.1901478656
1.7324798956986487,0.09017397610000004,1.0613126129000003,1.85
1.5103443604688305,0.8561748164000003,1.0774611904000004,0.3475040803999999
2.28864373221347,0.24752570489999992,2.25,2.7403644281
1.5409810527388061,0.9921840335999998,1.1949356128999997,0.18750295839999964
1.592999553107282,0.42757378810000013,1.3,0.8100737881000002
1.451937548966897,0.9474769956000003,0.6206172416,0.5400284088999999
1.6448736137466613,0.8119254544000002,1.4461836484000001,0.4475001024000001
1.618730036201219,1.5401091904000002,0.09017397610000003,0.9900037635999995
2.075060682895804,0.5497052416,2.2284960336000004,1.5276755625000011
1.4801017500158562,0.0,1.6907011904,0.5
1.2793461834859237,0.5445670564,0.5445670563999998,0.5475925443999989
2.3225681673957386,0.46027989290000015,0.8807014544000002,4.0533415448999985
1.6860354399003599,0.14752840890000005,0.6667996516,2.0283874441
1.9414912561482218,2.3192760336,0.5400092416,0.9101030224999997
2.795325532044524,0.7,0.7513498276000001,6.3624950025
1.3984469148666314,0.12778089759999994,0.5278728760999998,1.3
1.800728254595901,0.2875242063999999,1.4071616484,1.5479363920999998
1.2636424438898846,0.7476758276000003,0.6616134399999997,0.18750295840000003
1.4634312338131916,0.4,1.4141309760999998,0.32749999999999996
1.7699801043232097,0.8121057424,1.1931976129000001,1.1275262143999998
1.9814170468127097,0.42829242249999994,2.4701554809,1.0275656100000004
1.5961247832484775,1.1931976128999995,0.5542930563999998,0.8001236543999996
1.9990046668029564,0.9878374568999998,0.6476247689,2.3605574320999994
1.3185188662283147,0.2400956484,1.0583923921,0.44000396010000004
1.2639718228267591,0.65,0.6476247689,0.3
1.9648829922415227,2.3832480336,0.25,1.2275171396000002
1.5959386031110345,1.1892089956000003,0.2102798929000001,1.1475311364
1.8667484954594178,1.3,1.3747428164,0.8100071288999997
0.9545951334990137,0.45374176889999995,0.2475077283999998,0.2100023716
