Rg,Rgx2,Rgy2,Rgz2
1.6566525830420813,1.9284648964,0.5885323368999997,0.22750054760000005
2.1380231569138815,3.3734861768999997,0.21014424009999993,0.9875126025000001
2.00424475424036,0.5485956100000002,2.2582109849,1.21019044
1.8209033852733647,2.2281781823999998,0.2875109561000001,0.8
1.6319398162003402,0.7973128836,1.6259140401,0.24000064000000002
1.662397423662585,0.7745491844,0.7413462288999999,1.2476697809
0.9674153622927435,0.31000002560000006,0.3658920976000001,0.26000036
1.4152587798349807,0.12764957289999998,0.24751303209999995,1.6277948088999987
1.8300617597502002,1.0646217288999995,1.3741372099999998,0.9103671055999996
2.042449131753347,2.473851996900001,0.1876755624999999,1.5100708963999996
1.1446153240718036,0.45,0.4601442401000001,0.4
1.5339262258987554,0.30132350440000016,1.6916060099999992,0.36000015209999986
1.3246490517114333,1.0646217288999997,0.2400485809,0.45002480040000004
1.8606641800711916,0.9915194404,2.0605492224999997,0.4100025281
1.6403949008089485,0.5475238144000001,1.2932734081,0.8500982081
1.6908433412353732,0.35044058009999995,0.5205226564000004,1.9879879681000001
1.9248632124387435,0.44077006250000006,0.0,3.264328324099999
1.505143634973088,0.6475579121,0.6903179088999999,0.9275815409000003
1.6075078994829233,0.49553536000000015,0.44077006249999995,1.6477762244
1.7338202741345483,0.2875109561000001,1.3910556899999997,1.3275660969000005
2.3475265055372647,1.2142944049000004,1.2676438089,3.0289424804000005
2.5689172222358585,0.6118931201000002,0.8422744024999999,5.145168172099999
1.27269748569721,0.0,1.0297572001,0.59000169
1.3749081978444961,0.2101442401,0.990225,0.6900033123999998
1.5306588810378359,1.0,0.7529149200999997,0.59000169
1.5516308274844244,0.7136942084,1.5038635263999998,0.19000049
1.670940828066631,0.18767556249999998,2.0143659983999984,0.59000169
1.65752435339575,0.5901473795999999,0.7168906600999996,1.4403489423999993
1.823122113545881,2.0274981284000004,0.44877234890000006,0.8475037636
1.7338347168631731,1.5298707161,0.6487974404000001,0.8275146688999998
1.2497222553031533,0.8054694025,0.3288307903999999,0.4275055224999999
2.2732453994674664,0.7620475625,2.4648080356000004,1.9407890480999999
1.9586399938222434,2.247881248899998,1.4283868484,0.16000252810000004
1.5510156606237089,0.7905822569000003,0.3875561001000002,1.2275112225
1.319799204045828,0.6610949481000002,0.44077006250000006,0.6400049284000003
2.1252969958572847,1.2752751400999995,0.5422458121000001,2.699366368399999
