Rg,Rgx2,Rgy2,Rgz2
1.3547417906376107,0.33813464360000006,0.5570140516000001,0.9401766240999999
2.115066369786064,3.0307844361000003,0.8527196225000001,0.59000169
2.0612412300601792,0.8923325503999994,1.02877449,2.3276083681000004
1.838951856085417,0.5471233599999998,0.5238855368999996,2.310735032100001
1.8728854198001543,2.26016116,0.2475130321,1.0000256036000004
1.2891443364107837,0.25,0.6118931201000002,0.8
1.449373666174462,0.8822049600000008,0.8909790641,0.32750000010000013
2.064257187900771,1.4492317248999997,2.0644249103999996,0.7475011024999998
1.4487667940355342,0.3557641729000001,1.7037945225000002,0.03936652809999964
1.7583729875939291,0.21014424009999993,1.8942289209000003,0.9875024025000003
1.9588853909813102,1.2869538768999995,0.9365155025,1.6137625956000012
1.7926923810291604,2.6246483921,0.2400485809,0.3490490000000003
1.4857553150502274,0.6404566769000002,1.1195121009000002,0.44750007839999995
1.4109825334850887,0.6907700624999998,0.19003636090000003,1.1100652863999998
1.5770184438680481,0.8919829209,0.24750380249999998,1.3475004489
1.7533001177493828,0.9590914303999998,1.5649636224999997,0.5500062499999999
1.408057889079849,0.4475708964,0.38755610009999975,1.1475000225000005
2.3082882064854906,3.170693708100002,1.1475003135999997,1.0100004225
1.981064895958737,2.3738118544000004,1.2608062276000003,0.2900000400000001
1.3666541921788409,0.51026896,0.4699701840999997,0.8875045369000002
2.0546925358797603,0.5,2.3341471409,1.3876142761
1.8264062373415175,0.3275001764,2.4806885024999996,0.5275710649000002
1.6098270027863242,0.5283543929000001,0.8517094143999999,1.2114791715999995
2.930297572022336,2.8283024040999996,0.6279674243999999,5.1303740321
1.6294897464237077,1.3596308195999995,0.24750380249999998,1.0481022115999998
1.238019647097735,0.7325349376000001,0.2101442401,0.5900134689000003
1.6215863274583933,0.23154958009999968,0.7504181604,1.6475744768999998
1.415271242341905,0.2624401729,0.35044058010000007,1.390111936399999
1.5779536378804035,1.9111068929000001,0.32883079039999996,0.25
1.7844045250446996,1.2324648449000002,0.22370575999999992,1.7279289041
1.188231088677619,0.6,0.6118931201000002,0.2
1.2835736814846272,0.6273591224999999,0.9302008808999996,0.09000139240000007
1.7297435676423254,0.6,0.7426954929,1.6493173169000002
1.6235948684631891,0.6404566769000002,1.3400474084000003,0.6555562116000002
1.2556481329974574,0.3965578201000001,0.4900485808999999,0.6900458329000004
1.6701228408114177,0.44750576,1.3516641209,0.9901404225
