Rg,Rgx2,Rgy2,Rgz2
1.5285309369129565,0.16017875689999997,1.2360514441000006,0.9401766240999999
2.133589298459289,3.1116116004000007,0.8505900041000001,0.59000169
1.9535626343171084,0.4600241081,1.02877449,2.3276083681000004
1.9028886100084783,0.5422458121,0.7537120099999993,2.32502724
1.8515245609497057,2.1806045641000003,0.2475130321,1.0000256036000004
1.1882310886776193,0.0,0.6118931201000002,0.8
1.4191235204167394,0.7722934760999998,0.91411809,0.32750000010000013
2.0795007888914108,1.5007365795999998,2.076085848899999,0.7475011024999998
1.3717801098572613,0.12764957289999998,1.7541310968999997,0.0
1.807385049235497,0.21014424009999993,2.0689940736,0.9875024025000003
2.0938148897407336,1.2869538768999995,1.4867646656000006,1.61034225
1.7643494953664938,2.5477355600000005,0.2400485809,0.3251450009000004
1.486468424757149,0.6404566769000002,1.1216316224999998,0.44750007839999995
1.4110356733265108,0.6907700624999998,0.19018632250000006,1.1100652863999998
1.5840209409600619,0.9141180899999999,0.24750380249999998,1.3475004489
1.5995029524824265,0.4434398224999999,1.5649636224999997,0.5500062499999999
1.4325768682343019,0.4499206399999999,0.45485582089999993,1.1475000225000005
2.092020207956893,2.219047814400001,1.1475003135999997,1.0100004225
1.8726622065925291,2.3780640099999997,0.8387996900000001,0.2900000400000001
1.3422758948144753,0.51026896,0.4039310809000001,0.8875045369000002
2.058563689177481,0.5,2.3432954624,1.3943889999999997
1.6974153497008326,0.3275001764,2.0261476281,0.5275710649000002
1.6098270027863242,0.5283543929000001,0.8517094143999999,1.2114791715999995
2.9407635040920916,2.8797062400999995,0.6279674243999999,5.1404163225
1.632563699247291,1.3596308195999995,0.24750380249999998,1.0581296099999995
1.2208503667116624,0.6903179089,0.2101442401,0.5900134689000003
1.5638172677458195,0.04753180959999999,0.7504181604,1.6475744768999998
1.528313248912015,0.5943974404000001,0.35123200999999993,1.390111936399999
1.618165502042359,2.0396288016,0.32883079039999996,0.25
1.7665142246526067,1.2324648449000002,0.1601787569,1.7279289041
1.188231088677619,0.6,0.6118931201000002,0.2
1.2114799350794052,0.4419811400999998,0.9275104328999999,0.09819206009999996
1.7299913892560275,0.6,0.7435528899999999,1.6493173169000002
1.4834938765630281,0.6404566769000002,0.9101960000000006,0.6501014049
1.3453906621870095,0.6299816200999998,0.4900485808999999,0.6900458329000004
1.6701228408114177,0.44750576,1.3516641209,0.9901404225
