Rg,Rgx2,Rgy2,Rgz2
2.1206938102894535,0.2,0.6476247689,3.6497174681000004
1.87390848976144,1.0640328163999997,2.2,0.24750021160000063
2.0032204962260143,1.5353907688999993,2.25,0.22750158760000008
2.362234147136985,1.4124510049,0.22768961289999998,3.9400095481
2.04619178358237,0.9513498276,0.44751088999999994,2.7880400976
1.8494300800246546,1.2590268163999998,0.7513498276000001,1.4100149769000005
1.5097699980460597,0.8043626025,0.24752570489999984,1.2275171395999995
1.858837346569086,0.42757378810000013,1.0,2.0277024929
2.0734075776363894,3.0115062161,0.44751088999999994,0.8400018768999999
2.7497442919115227,0.65,1.5559636484,5.355130022500001
1.7651214581722132,0.6907011904000001,0.6139828720999999,1.8109696996
2.0652049926823244,1.05,1.6646744568999998,1.5503972048999999
1.7912764259320781,0.4900956484,1.5785690321,1.1400065535999997
1.7839615643000832,0.5475485808999999,0.7440018276000002,1.8909684544000005
1.7929367927788193,0.6139828721,1.2400956483999999,1.360543822399999
1.8196744094754973,2.5562074569,0.3275007395999999,0.42750676
1.6329536596609229,0.8341634569,0.6921840335999999,1.1401901641000007
1.6967800472954648,1.45,0.4415077689000001,0.9875547600000001
1.7177639999138412,0.8558720335999999,1.5073264568999993,0.5875146689000001
1.9551596888489697,2.6466520335999997,0.8159971904000001,0.36000018489999996
1.5921718827438198,0.9659971903999999,1.4415114569,0.12750265690000004
1.4081522452845787,0.18783745690000006,0.5475485809,1.2475067081
2.2587824811831707,2.3620516484000005,1.0,1.7400466489
2.3152362302797527,2.7826800336000006,1.65,0.9276387683999999
2.7711704541041855,2.55,2.0287800336,3.100605652099999
1.7926559960851385,1.4575140049000002,1.1285586128999998,0.6275429024999999
2.116015396919408,2.0,1.85,0.62752116
1.965087692419857,0.7730296483999997,1.3284960336,1.7600439568999995
1.8589817338801364,0.41034003359999993,1.8954648163999992,1.1500082368999995
2.4317045690009302,0.4297118209000006,2.15,3.33347529
2.153414291282567,1.5621816129,0.34750000489999994,2.7275114921
1.3257021295147717,0.6146744569000001,0.5328114944000002,0.6100001849000003
1.756613636204615,0.8275374544,0.5681396484000001,1.6900143640999996
1.5136759138600309,0.7646744568999997,1.1365402063999999,0.39000010890000003
1.866123142908849,0.4900956483999999,1.6648080336000004,1.3275119025
1.9145990052488802,1.8681396484000015,1.25,0.5475497024999998
