Rg,Rgx2,Rgy2,Rgz2
1.6909139672082671,0.85,0.5610004569000001,1.4481895876000004
2.1114628509400775,0.5681396484000001,2.6,1.2901357224999994
1.9343151689939257,2.35,0.44150776889999993,0.9500674040999997
1.774081636622171,0.5903076516,1.7170397689,0.8400182329000001
1.5179466423099333,0.6589425808999998,0.9177123524000006,0.7275070755999999
1.8887261053419049,0.24752570489999998,0.6921840335999999,2.6275765625000003
1.758272715195228,0.8639828720999999,1.4,0.8275400688999998
1.7462896984463945,1.7292371903999997,0.21027989290000013,1.1100106276000001
1.796400513081646,0.42829242250000005,0.85,1.9487623809000012
2.0144174444488905,0.5475485808999999,1.25,2.2603290595999996
1.4819217786711956,0.7400956483999999,0.6284960336000001,0.8275004760999998
1.271145523612462,0.8404588164000002,0.1878374569,0.5875146689000003
2.1262156740556684,1.5168848164000002,1.8564030320999998,1.1475052441000002
1.8894543216759698,2.2,0.3600130321000001,1.0100246015999994
2.3504141065565443,1.9488594568999986,0.21027989289999996,3.3653071225
1.9262302314365227,1.5522716484000005,0.41034003359999993,1.7477512224999998
2.215949656467854,0.25,0.41034003359999993,4.250092846400001
2.2060685006137053,1.2835789761000007,0.8889303524000001,2.6942289009000016
1.592407870176482,0.44150776889999993,0.44665203360000005,1.6476030224999998
1.7022005917634968,1.0492313920999998,1.4007350320999998,0.4475204303999997
2.088757220095241,0.8341634568999993,2.3,1.2287432675999999
2.1552692307226957,1.6951854569000002,2.45,0.5
2.2626912625897506,2.3832480336,0.3488549760999998,2.3876687401
1.494748100048968,1.1662169760999999,0.7280531904000002,0.3400017160999999
2.197829807150681,1.0327587395999998,1.45,2.3476971216
1.8392509708846154,1.4124510049000008,0.6303740321,1.3400190968999997
1.822894036333434,0.8628977423999995,0.5115507844,1.9484941408999998
2.204873330193823,0.9610004569000001,1.8404588163999995,2.0600071288999997
2.2913583274119307,1.7625867396000003,0.24752570490000006,3.2402105401
2.350655651196066,2.3877160336000003,2.25,0.8878659569000004
1.4421233826895672,0.24752570489999998,0.6921840335999999,1.1400101124000004
1.7104970836864937,0.5478090563999999,0.1878374569,2.19015376
1.9473658997733323,1.1218908163999999,2.5103400336,0.16000309759999998
1.8085933713247986,1.2706172416000006,0.41034003359999993,1.5900527076000002
1.752724807407027,0.18783745690000003,1.8966520336,0.9875547599999998
1.6011762799579563,0.2475257049,1.5687388721,0.7475009024999999
