Rg,Rgx2,Rgy2,Rgz2
1.4037868377713192,1.0779426024999998,0.45266242250000016,0.4400124609000001
1.3619979424727482,0.4,0.8275374543999998,0.6275009408999999
1.8622297315315315,0.3,0.22768961289999998,2.9402099601
1.693268653610525,0.6603400336000002,1.5192910321,0.6875276675999997
1.5467731293890516,1.1525070049,0.85,0.3900001089000001
2.1102329451745367,2.0804894568999996,1.0450203524,1.3275732735999997
1.774445999798247,2.0110004568999997,0.3900088209,0.7476493284000006
2.4181654868308744,2.5,1.6600130321000002,1.6875112895999997
1.7594693941640471,1.3951854568999997,0.0,1.7005470920999997
2.390032334383784,1.6146744568999996,2.65,1.4475801025000004
2.306481146270223,0.5303132415999999,2.1783607396000004,2.6111812969
1.3630095117789898,0.4900956484,0.24009564840000003,1.1276036324
2.382930989537884,0.5497052415999999,0.5475485808999999,4.5811062784
1.5513918497272052,0.25,1.5292737689,0.6275429024999999
1.6993820032588318,1.75,0.5278728760999998,0.6100263169000001
1.7790932838106044,1.85,0.9276718720999995,0.38750104039999994
2.1935218793985167,0.41034003359999993,1.5403178929000003,2.8608803089
1.636584737708378,1.3,1.1309093921000002,0.24750021160000008
1.3723228178894353,0.4934327881000004,0.9623303684,0.42750676
1.832963484988176,0.45,1.0804894568999996,1.8292656803999996
1.3374472229587229,0.5597367844,0.4415077689000001,0.7875205208999998
2.7541160673617227,2.45,1.9247428164000002,3.210412496100001
2.8839579512191227,0.9280531903999998,1.1610482063999998,6.228112067600001
2.028090489425953,2.4951854569000007,1.1904588163999998,0.42750676000000026
1.9751192635635957,0.4900956484,0.5610004569000001,2.85
1.4582941679921784,0.7963134543999999,0.5903076516,0.7400007743999998
1.830113960713922,0.48823549440000014,1.3610482063999996,1.5000334083999998
1.8179254135964988,1.6380879761000013,1.0192623684,0.6475024649
1.9207439224946152,0.8341634569000002,0.5445670564,2.3105267025000003
1.946475117873332,2.501120033600001,0.7400956484000002,0.5475497025000003
2.2106412044924886,0.2102798929,1.4821790321,3.1944756100000005
1.4723820560235037,0.4900956484,0.5303132415999999,1.1475000289
2.184145111502439,1.9829640336,0.24752570490000006,2.5400001295999997
1.4677990910543581,0.5475485808999999,1.1168848163999998,0.4900007743999998
1.6314435894630253,1.5,0.63409344,0.5275147456000001
2.2517992913667952,0.7295875761000001,0.9100749956000003,3.4309374769
