Rg,Rgx2,Rgy2,Rgz2
1.5449235945832402,0.5475485809,1.0492313920999998,0.7900089401000001
1.180527360504618,0.5918515808999999,0.5542930563999999,0.24750021160000063
1.3948144278361905,0.34794058009999995,0.04755806440000006,1.5500086435999996
1.9262884256258201,0.32753612009999983,1.2554499761000013,2.1276010024999996
1.0688901111901075,0.24752570490000006,0.3475000049,0.5475003600000002
1.4233749105558944,0.95,0.6284960336000001,0.4475001024000001
1.41378328332174,1.0110004569,0.46027989290000015,0.5275028223999995
1.662050138654066,0.2102798929000001,1.4415077688999998,1.1106230016
1.6575984125535352,0.4476247688999999,1.75,0.5500077284
1.188966459745606,0.7620516483999996,0.4115888196000001,0.24000077439999995
1.669351134602903,0.29000924159999997,0.2475257049,2.2491982640999995
1.7637049850811217,0.5659474944000001,1.3840076483999997,1.1607001316
1.4527222466115124,0.41034003359999993,0.6100130321,1.0900488601
1.8242159733156598,0.22768961290000028,1.95,1.1500743044
2.125554100134833,1.8044708720999996,1.1525070048999997,1.5610023556000003
2.096002148591456,0.9051523683999999,1.5280531903999994,1.960019448100001
1.7043254690639345,1.1377160335999998,1.0195083684,0.7475009025
1.8023176076929392,0.3275361200999999,2.0933108164,0.8275018225
0.9962002380043883,0.34193512009999993,0.4404774224999999,0.21000237159999996
1.3619213485734043,1.1573287396,0.25,0.4475010201000001
2.0116789847537806,0.9051523684000002,1.0404588164,2.1012411529000006
1.0571709705624723,0.1,0.19007039209999999,0.8275400688999998
1.796927076233201,0.8889303523999998,1.75,0.5900165649000001
1.9800486170041383,2.75,0.16034003359999988,1.0102524921000007
0.7844891359987085,0.18783745690000003,0.22758574759999997,0.2
2.172016598555361,0.9280531903999997,1.8620516484000003,1.9275512656000007
1.639365262441534,0.3275007396000001,0.9,1.4600177240999999
2.2000198662739385,1.2625867395999997,3.35,0.2275006724
1.5866997315497346,1.35,0.4275737881,0.7400422500000001
1.1540214407886882,0.1277808976,0.8639828720999999,0.3400017160999999
2.0676014249849994,1.3725350048999996,1.1424147396,1.7600259080999998
1.8072068750975911,0.5278728760999998,1.3905503684000002,1.3475734449000005
1.1822779205415281,0.2102798929000001,0.9275007395999999,0.2600004489
1.3979354338809786,0.04755806440000006,0.9659971903999998,0.9406682225
1.2496495676788753,0.7740280335999998,0.2400956484,0.5475003600000001
2.126689505428566,0.9726729956000003,1.95,1.6001352568999994
