Rg,Rgx2,Rgy2,Rgz2
1.931766274319955,1.4276718720999997,1.2140002064000002,1.0900488601
1.1505712468161196,0.32750073960000015,0.7963134544,0.2
1.4137936314045272,0.8609676025,0.41034003359999993,0.7275047961000001
1.7914638057465744,0.3303132416,1.7915292416,1.0875000841000002
1.1535147868146294,0.8027571904,0.18783745690000006,0.3400017160999999
1.1949320571061772,0.42757378810000013,0.21027989290000004,0.7900089401000002
1.5076332165351096,0.5115507843999998,1.6014040336000004,0.1600030976000004
1.1555340522892434,0.31301620640000005,1.0222427396,0.0
2.0469491382054414,2.15,1.55,0.49000077439999973
1.247052164345983,0.4476247689000002,0.3600130321,0.7475012996000003
1.4500207716443239,1.1613126129,0.45374176890000023,0.4875058564000003
1.5270675076760685,1.7,0.34193512010000005,0.29000005290000014
1.1990050107067944,0.2475257049,1.0025843524,0.18750295840000006
1.528999903858728,0.16034003359999993,1.95,0.22750067239999955
1.719190594989398,0.46027989290000015,0.5452608929000002,1.9500755161
1.2145739882362045,0.22768961289999998,0.7,0.5475003600000002
2.580735257944913,0.2400956484,0.3100000196,6.110098803599999
1.6091353450222887,1.5466520336000005,0.4526624225,0.5900021025
1.5064512960597165,0.6476247688999999,0.46171478809999994,1.1600559503999999
1.1619559284671688,0.24750772840000002,0.7126337424000002,0.39000010890000003
1.1670314047188275,0.9743734543999997,0.2275857475999999,0.16000309760000003
1.0323722933612662,0.42829242250000005,0.35,0.2875001296000001
1.2105282280475742,0.1277808976,0.4900956484,0.8475020448999997
1.3512660151502367,0.42829242249999994,0.3876028196000002,1.0100246015999998
1.666415467673053,1.3292371903999998,0.9976727395999999,0.45003058090000003
1.6519203284965047,0.34193512010000005,0.5594012416000002,1.82750441
1.238938885579107,0.5597367843999996,0.22768961289999998,0.7475431649000001
1.235892164794324,0.18783745690000006,0.8295875761000001,0.5100044100000002
1.7420680380226257,1.1931976129000001,1.2314929761000002,0.6101104601000003
1.6203103726446981,1.0610004569,1.1168848164000003,0.4475204304
2.5164499948339922,3.45,2.1949856484000003,0.6875349280999998
2.070500714899659,2.4730296484,1.6039411903999992,0.21000237159999996
1.295245619409693,0.19007039210000007,1.0400703920999999,0.4475204303999997
1.5865487485104264,0.5475485808999999,0.7295875761000001,1.2400007744000003
1.8027910296537424,1.5525400321000007,0.31000001960000007,1.3875154449
1.9641224897902878,2.05,0.9177123523999999,0.8900648024999999
