Rg,Rgx2,Rgy2,Rgz2
1.774525870732799,1.9488594568999988,0.3900088209,0.8100737881000002
1.7356121596140077,1.8044708721,0.46027989290000015,0.7475988035999994
1.782573138499512,0.6623697424000001,0.6550498721,1.8601473796000003
1.2683085889877117,0.5903076516,0.8907963684000002,0.1275026569
0.9875079123733642,0.3475000049,0.6276718721,0.0
1.4989623649044697,0.2475257049,0.8110004568999999,1.1883620096
1.608606090346546,1.6925717689,0.2475257049,0.6475160801
1.7788126820438404,0.7353907689000001,0.4,2.0287837889
1.3204120994598616,0.2400956484,1.0558720335999996,0.4475204303999999
1.7514821340224969,0.22768961290000017,2.3,0.5400000528999997
2.3623919909490043,2.15,2.1033228164000013,1.3275731025000002
1.5965771227535486,0.7740280335999998,0.3475000049,1.4275304704
2.212267377013909,0.2600646415999999,1.7864547689000019,2.8476075368999996
1.5231772656194684,0.3600130321000001,0.8,1.1600559504
2.13201956372356,1.2039411904,0.5940108760999998,2.7475553535999993
1.794899231795479,1.5231567688999998,0.5475485809,1.1509579025000012
1.489419011494079,0.3900088209,0.24009564839999992,1.5882645224999998
2.1118850296358467,2.55,0.9623303684000002,0.9477280100000002
1.3235269654223143,0.63409344,0.42757378810000013,0.6900564000999999
1.3488737166243547,0.7904495761000001,0.44150776889999993,0.5875029583999999
1.755863481709213,1.3855562063999995,1.15,0.5475003600000002
1.5173857731638318,0.34794058009999995,1.1645100643999995,0.7900089401000004
2.002638796737944,1.7326008164000002,0.9878374569,1.2901238769000003
1.2816381764757163,0.42757378809999985,0.6875017424,0.5275208848999997
1.747598596617656,1.2102798928999996,0.7963134544000001,1.0475075076000002
1.5020710322085302,0.4476247689000002,1.1610004568999999,0.6475921599999996
1.528891489805604,0.7377657424,1.1722427396,0.4275007056000001
1.4965904039515954,0.7921840335999999,0.7,0.7475988035999996
1.6239613950152878,0.5445670563999999,0.6921840336000001,1.4004995225
1.9288295502972779,0.3900088209,0.7403278276000003,2.5900467855999993
1.6752544694463585,1.7388976484,0.42757378810000024,0.6400061008999999
1.1662023099359733,0.7600185761000001,0.29000924159999997,0.3100000099999998
1.5053544572624749,0.4900956483999999,1.2284960336000004,0.5475003600000004
1.6403705898668144,0.19007039210000012,1.5907011903999997,0.9100440896000002
1.3653138109973106,0.45374176890000023,0.7103400336,0.7
1.5904671736631348,1.4292737689000004,0.5903076516,0.5100044100000002
