Rg,Rgx2,Rgy2,Rgz2
2.1260594419253662,0.3275361201000001,1.3648080336000006,2.8277845969
1.5758599314659918,0.12778089759999994,2.0280531904000005,0.3275004355999999
1.5573267534464308,1.35,0.4476247689,0.6276418480999999
1.8345351516119826,1.2165891904000001,1.5489300320999997,0.6
2.203576817290471,2.5830444569000006,0.7126337424000002,1.5600725904000006
1.5048406027549894,1.2146744568999996,0.6623697424000001,0.3875010404
1.8262616420710367,0.6476247688999999,2.0876068163999997,0.6
1.5328277764967595,1.3620516484,0.5400092416,0.4475001024
1.4015903214563092,0.047558064400000044,0.2875242064,1.6293731584
2.060946447654572,0.5,3.6,0.14750026010000034
1.1643237862381755,0.7280531904000002,0.2400956484,0.38750104040000016
1.643568623970414,1.7737440335999999,0.42757378810000024,0.5
1.7327400924835787,1.0390820644,0.43557481959999994,1.5277313441000009
1.4201382207728936,0.12778089759999994,1.6415114568999996,0.24750021160000063
1.0851749094961602,0.36001303209999996,0.19007039210000007,0.6275211599999998
1.5605614800769627,1.4174580048999998,0.5278728760999998,0.49002125210000047
1.161895003862225,0.3,0.4,0.65
1.7111299857404174,1.35,0.42757378810000024,1.1503920400000007
1.8221702704467548,1.85,0.46027989290000004,1.0100246015999994
2.0255527950907624,0.6,0.3479405800999999,3.1549235456
1.823477640773256,0.9025843523999999,1.9949856483999997,0.4275007056000001
1.3481775581131739,0.4275737881,0.6,0.7900089401000003
1.1781576982730284,0.9280531903999997,0.25,0.21000237160000057
1.066581338107882,0.45,0.2400956484,0.44750010239999993
2.5108704825418613,2.75,0.6,2.9544705800999997
1.8024467857332154,0.6915077689,1.9098058721000002,0.6475007743999996
1.4981834822210534,0.4115888196000001,1.4854528164000012,0.3475121104000002
1.5527702155180594,0.18783745690000003,1.6632496484000001,0.5600082369000001
1.3742710114457048,0.3475000049000001,1.3011200336000006,0.24000077439999995
1.2758090367292434,0.3600130321000002,0.3401739761,0.92750169
1.9305738175216196,1.7150920336,1.7720224568999998,0.24000077439999998
1.548538796511085,0.6303740321000002,0.3275361201000001,1.4400622520999997
1.2627816259749742,0.5436747844,0.5609418760999999,0.49000077439999973
0.9413057258935591,0.6284960336000003,0.0475580644,0.21000237160000004
1.7241031407952367,1.3400956483999997,1.1424147395999997,0.4900212521000003
2.434661922505874,2.55,2.65,0.7275786769
