Rg,Rgx2,Rgy2,Rgz2
1.6919848871960999,1.4706172416,0.7646744568999996,0.6275211599999994
2.4346506025506005,1.85,2.0242276484000015,2.053295908100001
2.29429581340332,1.7,1.0341634569000004,2.529629822500001
1.940231893589011,0.4900956484,1.1268206129,2.1475835395999994
1.740418398460554,0.24752570489999987,1.4340076483999993,1.3475228484000004
1.5579993393130818,0.7513498276000002,1.0284960336,0.6475160800999995
1.723732724699511,2.1036524569,0.24009564840000008,0.6275064009
1.7854715871164124,0.9177123523999999,0.9100749956000003,1.3601214404000004
1.7086861059012566,1.2610482064000004,0.44751088999999994,1.2110491120999998
1.6662741201855114,0.6409734400000001,0.6478534399999999,1.4876425636000001
2.0269846062069643,2.201120033600001,0.7600185761000001,1.1475279841000003
1.582837862353564,0.5278728760999999,1.45,0.5275028224
2.113867415189515,0.22768961290000025,1.35,2.8907458361000002
1.9239965261403151,1.8011688164000001,0.09017397610000003,1.8104198401000002
2.0038936131691223,0.2276896128999999,2.5,1.2878999999999998
2.1680786435228776,0.4275737881,0.5445670563999998,3.7284241600000003
2.2113977470595376,0.7654051904000002,0.9738023524000005,3.151072452899998
1.8835498370098942,1.25,0.9475580643999996,1.3502019240999994
1.790615479130011,1.9284960336,0.5903076516,0.6875001088999995
2.349268832126285,1.3168848164,1.2144049956000003,2.9877742336000006
1.8249487922130858,2.0291176484000006,0.4537417689000002,0.8475786769000001
1.816111438678805,0.6623697423999999,1.6080962063999995,1.0277948089
2.781880878147014,0.6413608721000001,2.65,4.4475003481
1.5363146055414563,1.2125867396,0.7476758276000002,0.4
2.1542225701166533,2.8,0.29000924159999997,1.5506656399999996
2.0544588550272795,0.3401739761,1.5522716484,2.3283555625000005
1.4905569025367664,0.8341634569,0.7400956484,0.6475007743999996
1.9072363403102406,2.25,0.5475485808999999,0.8400018768999999
1.988957291446953,0.1603400336,2.0555880336000003,1.7400230399999994
2.4119703609497365,1.8721372416000002,1.6341634569,2.311300323600001
2.074126301602677,1.8731027395999997,0.22768961290000025,2.2012075625000005
2.336543291381523,0.45,0.41929103209999996,4.590143520400002
1.94768094699825,1.4133583921,0.6520616515999998,1.7280410275999998
2.2554231416078,1.0774611904000007,1.1218908164000003,2.887581540899999
2.085610668365503,2.55,1.5522716484,0.24750021160000008
2.08877549432676,0.6710960320999998,0.45,3.2418870336
