Rg,Rgx2,Rgy2,Rgz2
1.418680251219421,0.9280531903999998,0.5445670563999998,0.5400334084
1.521540989819203,0.4900956484,1.2649842063999999,0.5600071288999999
2.269890928480926,1.1,1.8103400336,2.2420647935999996
2.33682683006251,1.4007350320999996,3.05,1.0100246015999994
1.6508705582510095,0.6478534400000001,0.25,1.8275201600999995
1.38643960939523,1.4669338928999986,0.12778089759999997,0.32749999999999957
2.153248721095638,0.8889303523999998,3.2,0.5475497024999999
1.5937677523403464,0.24009564840000003,1.8,0.5
2.174194144459045,0.6476247688999999,2.25,1.8294954089000002
1.9887539781984096,0.8159971904000001,0.2102798929000001,2.9288653024999998
2.193761628892255,2.011180816400001,0.9738023524000005,1.8276069155999999
1.8422179833016508,0.5303132415999999,1.2747428164000003,1.588711040000001
2.038489742407354,1.7782097689000007,0.6476247689000002,1.729605892099999
2.3013491506070958,2.25,1.6550498721,1.3911580409000006
1.9735955417714137,0.9175726025,2.55,0.42750676
2.437648975160288,0.44150776889999993,2.3558720336,3.1447527236000026
1.6837527490103765,0.3600130321000001,1.2275007396000002,1.2475095480999996
1.9576149661003313,1.224897976100001,1.7573264569,0.8500319224999998
1.5930410832429902,0.21027989290000004,2.0,0.3274999999999996
2.2250982646391146,1.2221300643999993,2.9888899729,0.7400422500000001
2.9111240964617084,1.8341634568999983,0.6,6.040480048099999
2.11530837227105,0.7991565761,0.5278728760999999,3.1475000575999994
1.7029598878717014,1.380241892899999,0.5597367843999993,0.9600937023999997
2.0585017964286547,1.2583923921000002,0.6915077688999999,2.2875294848999994
1.8774806935358883,0.3475000049,2.8374320336,0.3400017161000002
2.06531433832722,2.1803156484000015,1.3976727396000002,0.6875349280999999
1.9723668282801754,1.55,0.7400956484,1.6001352568999991
2.145489454646655,1.9,1.7555880335999998,0.9475369664000001
2.2489466923428845,2.45,1.0583923921000005,1.5493688329000002
1.9404134852912154,0.24752570489999987,1.7276718721000008,1.7900069169000006
1.531438731291592,0.22768961290000025,0.5276127844000001,1.5900021904000003
1.8942740353232952,1.6181396484000001,0.3600130321,1.6101214404000004
2.281991362823269,1.7512252415999998,1.3961836484,2.06007569
1.603441560300842,0.5115507844000002,1.4319528928999987,0.6275211599999999
1.506549404832115,0.6921840335999999,0.85,0.7275070755999999
2.409866763723671,2.8061560335999993,2.2536524569,0.7476493284000006
