Rg,Rgx2,Rgy2,Rgz2
1.8654950362839349,1.6921990096000001,0.8478694083999999,0.9400033123999998
1.5993296212163395,0.4900485808999999,1.5078008963999998,0.5600057600000001
2.304298030963009,1.0942237001000004,1.9739035224999995,2.2416621929000002
2.3348504958990413,1.3940056240999996,3.0475013224999996,1.0100198916000003
1.650814274956453,0.6476716100000001,0.25,1.8275161603999994
1.7065826922244345,1.55599761,0.5288875625000002,0.827539312899999
2.3019424496281395,0.8881848689,3.1831831075999997,1.2275710648999998
1.888179917407237,0.4101787569,2.6550446436,0.5
2.2678522903178684,1.0663696361000001,2.2476755625,1.8291088121000005
2.093859764215359,0.8081018001,0.6475579120999992,2.928589
2.431371809555256,2.8515791128999997,1.2324042009000007,1.8275855625
1.9538087175821486,0.5288875625000004,1.7,1.5884809424
2.2969868665057707,1.7350968964,0.6475579121,2.8934938563999983
2.3219562620127023,2.1500510288999997,1.8504916568999998,1.3909381969000012
2.358533999140144,1.7599036001,3.3752735025,0.42750552250000007
2.6593466977248372,0.44077006249999995,3.4875491400999996,3.1438056560999974
2.087857381863043,0.8947348161000003,2.2169059024999997,1.2475077283999998
2.1035633646981022,1.2041848100000005,2.3707682129,0.8500258064
1.8551543075712058,0.5475238144,1.9665723449000005,0.9275013455999996
2.3462569156424453,1.1726180081000004,3.5922692836000003,0.7400342225
3.211706531845648,3.2371588609,1.0375340289000001,6.040365956899999
2.2938491841880104,1.5865593476000004,0.5276846881000001,3.1475000441
1.9689752141913826,1.7497546724000006,1.1670328575999998,0.9600758641
2.2596385637973166,2.1276726596,0.6907700624999997,2.287523716900001
2.106817273851722,0.9403179089000003,3.1583597241000008,0.34000139240000016
2.0883881981327135,2.149269651600001,1.5245673120999998,0.6875283024000001
2.244323241848197,2.6968294481000004,0.7400485808999999,1.6001087849000002
2.1196864497844956,1.8777342489,1.6678065848999997,0.9475298116000002
2.3952036015754485,2.1963542609,1.9916289295999998,1.5490171025
2.3437979215154194,0.5885323369000001,3.1148507904,1.7900055695999995
1.6264207700961029,0.5276846881000001,0.5275580644000002,1.5900017688999997
2.229565577887316,2.3996674961,0.9611971599999999,1.6100980100000002
2.333655716638596,2.0115219001,1.3743664196,2.0600606840999993
1.9974900547687342,0.9507518564000002,2.41169744,0.6275172225000002
1.505704386557999,0.6896399875999999,0.85,0.7275057121000004
2.601304067136328,3.29166089,2.7275007396,0.7476212201000003
