Rg,Rgx2,Rgy2,Rgz2
1.5606836738429735,1.1403029225000005,0.45542909440000007,0.8400015129
1.7628846872385044,0.0567409769,2.4510214435999997,0.6
1.4441657548564155,0.45190706890000004,0.3858947225000002,1.2478129361000003
1.5973259246002365,0.9293369796000001,0.4275393129,1.1945738169000002
2.248128457962311,0.8239122025000001,0.4900485808999999,3.7401207801
2.1142610275223825,0.34750001690000004,2.332541,1.7900586756000003
1.4402333536271128,0.6381998336000001,0.5885323369,0.8475399424000003
1.6373343812428787,0.25,1.3404169763999998,1.0904468996000003
1.5851210195123906,0.3100000256,0.24004858089999997,1.9625600400000003
0.8324283333717084,0.24834158010000001,0.2570929476,0.18750240249999992
1.028622200324298,0.7618567224999999,0.14870669689999996,0.14750021160000007
1.678339968808465,1.4654405375999997,0.3913823523999999,0.9600021609
1.9612915212685746,1.2858888688999999,0.18767556249999998,2.3731
1.7885987719161613,0.4835924003999999,2.0879879681,0.6275051984000001
2.180129379876341,0.45190706890000004,0.44750576,3.8535512841
1.6869191656093072,0.6100079524000002,0.6942519089000003,1.5414364100000004
2.3840822431493423,0.4878709476,0.6610949481,4.5348822464000005
1.200560644074259,0.8486909401000002,0.22370575999999986,0.36894915999999983
1.9377182991343194,1.6240717775999989,1.0906516996000004,1.0400287295999997
1.3658931417208302,0.7905736024999996,0.2475130321,0.8275774400000003
1.9048216047178808,0.9913671529,1.9469323600000021,0.6900458328999999
1.2083196181060705,0.3299798224999999,0.4900485808999999,0.6400078961
2.0285718567504576,2.0841491599999995,1.7329140164,0.29804060160000007
1.9545517864461919,0.7620475624999999,1.6180442209000003,1.4401809024999999
2.292762262643033,0.5931911201000001,0.25,4.4135676729
1.0571734280145333,0.3,0.6301132544,0.18750240249999992
1.2782528612915365,0.6511445369,0.6427844481000002,0.34000139240000005
1.6308362164852728,1.4712622225,0.5107711729000002,0.6775933695999996
1.2994970600582367,0.42753931290000013,1.0511513641000003,0.21000193209999996
1.7950349613308374,0.5,2.622150512400001,0.1
1.472577773124394,0.2542305808999997,0.08491516489999996,1.8293395520999998
1.248187255382781,0.6800040001000001,0.6279674243999999,0.25
1.5242820603484122,0.4519070688999999,1.4615262025000004,0.4100025281
1.9016728334285056,2.4410876900000007,0.3477325625000001,0.8275393129000002
1.5075398092919472,0.6610949481000002,1.0215678596000006,0.5900134689
2.0947062040534465,0.3275001763999999,2.7722957225000004,1.2879981823999997
