Rg,Rgx2,Rgy2,Rgz2
1.551841900388052,1.1403029225000005,0.4279088484,0.8400015129
1.7318202800810483,0.04753180959999999,2.3516696729000004,0.6
1.5346214121404669,0.45190706890000004,0.6553428736000003,1.2478129361000003
1.5959310002001967,0.9293369796000001,0.4275393129,1.1901194649000006
2.4882555557257375,1.3328993104000002,1.1183956200999998,3.7401207801
2.444595441397206,0.34750001690000004,3.8384881796,1.7900586756000003
1.6689159293385634,0.6320050944000004,1.3057353423999998,0.8475399424000003
1.6373343812428787,0.25,1.3404169763999998,1.0904468996000003
1.924724512053608,0.4902836176,0.9654405375999996,2.2488402921
1.19124742341799,0.9915194404,0.24004858090000006,0.18750240249999992
1.4025382347016426,1.6278316040999994,0.19178168410000024,0.14750021160000007
1.678339968808465,1.4654405375999997,0.3913823523999999,0.9600021609
2.4215734462947847,1.2567426596000002,0.7653536881000009,3.8419216080999994
1.8906202275972823,0.8540005840999996,2.0929390624999997,0.6275051984000001
2.180129379876341,0.45190706890000004,0.44750576,3.8535512841
1.7515623594379963,0.8336936899999999,0.6942519089000003,1.540025100100001
2.3840822431493423,0.4878709476,0.6610949481,4.5348822464000005
1.4349129485442662,0.8486909401000002,0.16017875689999997,1.0501054729
2.0298755905966264,1.989714484100002,1.0906516996000004,1.0400287295999997
1.4545385551782393,1.0405919363999998,0.2475130321,0.8275774400000003
2.365249327935641,1.9788187600000022,2.925539790399998,0.6900458328999999
1.2729258009012152,0.4902836176,0.4900485808999999,0.6400078961
2.0878519333755445,2.0645319824,1.8670620163999998,0.4275316968999995
2.079475059985091,0.7620475624999999,2.121988060099999,1.4401809024999999
2.4749793788635897,1.4619552529,0.25,4.4135676729
1.3247164965002889,0.3,1.2673713936000002,0.18750240249999992
1.592836197008343,1.3193323555999998,0.8777934025000003,0.34000139240000005
1.9959743013125193,1.4712622225,1.0646217288999997,1.4480294600999997
1.2994970600582367,0.42753931290000013,1.0511513641000003,0.21000193209999996
1.7950349613308374,0.5,2.622150512400001,0.1
1.5908927348504673,0.6540683320999999,0.04753180959999999,1.8293395520999998
1.2339782171902387,0.6447348160999999,0.6279674243999999,0.25
1.432267670025404,0.4519070688999999,1.1894810815999999,0.4100025281
2.1555087149673047,3.4709459449,0.3477325625000001,0.8275393129000002
1.7707032123142492,1.5238085376000001,1.0215678596000006,0.5900134689
2.3250779061786293,0.9555975121,3.1627350041,1.2876547535999996
