Rg,Rgx2,Rgy2,Rgz2
1.559027904432759,0.8404588164000003,0.9401091904000001,0.65
1.3124410834014608,1.1475000049000001,0.3475000049000001,0.2275015876
1.948706590074555,1.4536258928999994,1.7036524569000004,0.6401790244000001
1.7036136160820032,1.0640328164000001,0.21027989290000013,1.6279866435999992
2.044078050784754,1.85,0.5400092416,1.7882458361000004
1.971037613466572,1.3669338929,0.9280531904,1.5900021904
1.8823834421551844,1.95,0.7533491904000001,0.8400182329000003
1.7787249346090583,1.575298892899999,0.6409734399999999,0.9475900600999998
2.0927639700644693,1.3961836484,1.8954648163999999,1.0880125695999996
1.879186094669711,1.55,0.9336183684000001,1.04772201
1.8439499141245674,1.2319528929,0.9280531903999998,1.2401452024999997
1.9736127893789097,0.9336183684000001,2.5740280336000003,0.3875010404
1.8173215490110715,0.9051523684000001,0.85,1.5475052441
2.8821544570685314,3.15,0.04755806440000006,5.10925625
2.03268141254354,1.4921840336000005,0.6907011904000002,1.9489085009
1.599644496567909,0.5610004569000001,0.9878374569,1.0100246015999996
2.4978908415901606,0.22768961290000025,2.55,3.4617690435999995
2.1848780181282432,0.3488549760999999,1.0648080336000003,3.360028944399999
2.116526664396175,0.0901739761,0.44150776890000004,3.9480033760999986
1.9041714131085992,1.8681396483999997,0.6100130320999999,1.14771609
2.113017899048657,0.45,1.2240280336,2.7908166081000005
1.8998996467708498,1.7720224568999998,0.4900956484000001,1.3475005624999998
1.5736761041904397,0.7400956483999999,1.2488549760999998,0.48750585640000005
1.8061511466375124,0.8,1.4146744569000007,1.0475075075999998
1.6203210411828888,0.3876028196000002,1.9878374569000001,0.25
1.725804060401991,0.5903076516,1.6280531903999997,0.7600388129000002
1.7900782938463895,1.5074440049000006,0.6966520336000002,1.0002842596
2.0631162757828267,1.7648080336,1.0415114569000001,1.4501292769000005
2.14414962157495,2.15,1.3573287396000002,1.0900488601
1.727269930294625,1.7242276483999994,1.0492313920999998,0.21000237159999996
1.7423197213485244,2.3146744568999997,0.5610004569000001,0.16000309759999998
1.6004803269018963,1.4900092416000004,0.7240280336000003,0.34750000159999983
1.510455287057515,0.9336183684,0.46027989290000015,0.8875769129
2.071993221924242,0.45374176890000006,2.011180816400001,1.8282333264000001
1.8689749888374645,1.5341634568999998,1.0313663524000003,0.9275376996000002
2.244699215507503,1.1125867396,0.36258673960000004,3.5635010889000007
