Rg,Rgx2,Rgy2,Rgz2
1.7191046601356184,0.7654051904000002,1.4424147396000002,0.7475009024999997
2.5183837262220385,0.5445670563999998,2.25,3.5476895361000005
1.5218003143973917,0.18783745690000003,0.8404588164000002,1.2875799236000003
1.7470432211310627,0.8620516483999999,0.95,1.2401083680999991
1.438265706363049,0.2900092415999999,0.9309409956000003,0.8476580049000001
2.3208895250097537,0.5594012416,2.3150920336,2.5120349121
1.869677013122855,0.8483168163999999,1.5573264568999998,1.0900488601000005
1.8269938090754438,0.24750772840000007,0.5028408899999999,2.5875577599999993
1.917938414235452,0.8889303524000003,1.7620516484000004,1.02750576
1.5875593854719263,0.44665203360000005,1.4461836484000001,0.6275091204
1.9820581565887516,0.45,1.6380879761000007,1.8404665599999999
1.9674866084677678,2.65,0.5610004569000001,0.6600030976
1.5815316554846446,0.9,1.5537417689000006,0.0475006084
1.7631611194102483,1.9284960336,0.4526624225000001,0.7275786769
1.6566126824638279,0.6616134399999997,0.8550238276000002,1.2277283121
1.7413521692064475,0.24750772839999993,0.9738023524000006,1.8109972963999994
1.511686590699276,0.75,0.7476758276000003,0.7875205209
1.654755034952304,0.6303740321000001,1.1603400336000003,0.94750016
1.8572202159948616,2.2889564569000003,0.46027989290000015,0.7000305809000004
1.3782787152822176,0.85,0.6896520320999999,0.36000018489999996
2.021298327659725,1.3174580049000009,2.4081887396000003,0.36000018489999996
1.7031418021116154,1.2921840336000001,0.5610004569000001,1.0475075076000004
2.0529698396469445,1.3476247689,2.3195600336,0.5475003600000001
1.8089797091454618,2.5514040335999995,0.5610004569000001,0.16000309759999992
1.8861072459698573,0.4103400336,2.3195600336,0.8275004760999998
1.9324114115270588,0.8110004568999999,0.19007039210000012,2.7331430143999995
1.829034728401842,1.3951854568999997,1.4100642064,0.5401183743999999
3.2771794626477195,1.6280531904,0.25,8.861852039999995
1.7065595905212334,1.05,1.0747428163999997,0.7876028196000002
1.4142446566984088,1.2248979760999996,0.22768961290000017,0.5475003600000001
2.1025269539294853,2.7,0.41034003359999993,1.3102795584
2.187641359569708,0.5445670563999998,1.7377160336000004,2.5034916281000004
2.1033496551928783,1.3840076484000001,1.7921840336000003,1.2478880899999993
2.317913974978364,0.8,0.21027989290000004,4.362445302500001
2.654699562455232,1.0921840336,0.3900088209,5.5652369124
1.9697101880479781,1.9247428164000007,0.32750073960000003,1.6275146689000004
