Rg,Rgx2,Rgy2,Rgz2
2.4981971282306765,2.483044456899999,1.5961168721,2.1618275625
1.8110057690686685,0.5115507843999999,2.3081887395999994,0.4600023716000002
1.506222483997633,0.44751088999999994,0.9336183684000001,0.8875769129
2.17963251276448,2.3756964569000005,0.5475485808999999,1.8275528528999996
2.482219413045511,2.1,1.9514040335999987,2.1100091809000006
1.8839676123012308,0.18783745690000006,1.5102798928999999,1.8512166144000006
2.2982499631023603,0.0,1.6319528928999993,3.65
1.6585012126917487,1.3100642064000003,0.09017397610000004,1.3503880900000007
1.7745793292214356,0.32750073960000015,1.1740280336000002,1.6476030224999998
1.7372485204195742,1.5999784569000002,0.9280531903999998,0.49000077439999973
2.6023098451375843,0.16034003359999988,0.9050456516000001,5.706630844899999
2.518521358575305,0.6547334399999999,0.1603400336,5.52787636
1.5527240007483623,1.3109212416000002,0.65,0.45003058089999975
1.6541764842966424,0.4900956484,0.8561748164000003,1.3900293763999998
1.4684210013480465,0.9407011903999998,0.7280531904000002,0.48750585640000005
2.1842856592716986,0.4900956484000001,0.95,3.3310081928999997
1.6776991556593215,0.3,1.8646744569000002,0.65
1.8310210793434358,1.2141309761000003,1.7110004569000001,0.4275067600000001
2.1003632819348184,2.1536524569,1.5303132415999998,0.7275602176000004
1.885167095485172,1.5804894568999996,1.4133583921000004,0.5600071288999999
2.174630970509709,0.42829242249999994,0.4526624225000001,3.848065012899999
1.9724880876699864,1.6907011904,1.25,0.9500080656000002
1.3092654912201724,0.29000924159999997,0.6340934399999998,0.7900734448999995
2.1578197376055304,1.95,1.4961836484,1.2100023716000001
2.2331113592026703,0.41034003359999993,1.2285586129000001,3.347887696099999
2.0820499840301627,1.6374320336000008,2.25,0.4475001024
1.7150466542050684,1.1365402063999996,1.1573287396,0.6475160800999997
1.34732583293723,0.1277808976,0.4,1.2875060025000002
1.6234190527710335,1.2958046129,0.6921840335999999,0.6475007743999998
2.5386598561642715,1.95,1.7498756483999998,2.7449182169000004
2.1813626780753355,0.8483168163999995,3.05,0.8600263169
1.921908007892157,1.5559636484000001,0.7372377423999997,1.4005290000000001
1.74815960166685,1.7159971903999995,0.45,0.8900648024999999
1.503372982695911,0.6413608720999997,0.9187388721000002,0.7000305809
2.203754632734779,2.1327587396000007,1.0740280335999999,1.6497477081000003
1.6468938352243596,1.4722427396,0.65,0.5900165649000002
