Rg,Rgx2,Rgy2,Rgz2
1.923761122514955,0.4,0.24009564840000003,3.0607612080999997
1.7974783391740774,0.33001401959999976,0.0901739761,2.8107403841
1.3749494362339296,0.3488549761,1.2141309761000003,0.32750000000000046
1.4810292792851871,0.7550238276000003,1.3109212416000002,0.1275026569
1.6078032738180377,1.45,0.14752840890000005,0.9875029584000004
1.6826895418347378,0.2102798929000001,1.0336183683999998,1.5875458329000005
1.661119097265455,0.49343278809999996,1.7558720336,0.5100118336000001
2.272730533499297,1.7488594569000004,0.3275361201000001,3.088908500899998
1.8624702857763935,0.22768961289999995,0.49218088999999987,2.7489250625000006
1.6826055814123524,1.25,0.7911526025000004,0.7900089401000002
1.8755470155930511,1.5,0.42757378810000013,1.5901028196000007
2.060859268970106,2.328496033600001,1.518644892899999,0.4
2.2011006725499858,2.0646744568999997,1.5925630049,1.1876067089000004
2.1773369900867436,2.8,0.8907963683999996,1.05
2.1364727965738295,0.5610004569000001,0.85,3.1535155535999997
1.511527628791482,0.5948038760999997,0.8623718276000003,0.8275400689000003
1.2411913144233648,0.46027989290000015,0.3401739761,0.7401020099999999
1.4131045847353267,0.3488549761,0.1878374569,1.4601721344000003
2.0995023551784837,0.2276896128999999,0.2900092415999999,3.8902112849
1.570043275645611,1.5900092416,0.2475257049,0.6275009408999999
1.6241392595772075,1.6,0.21027989290000004,0.8275484416000001
0.9475649061146154,0.3275361201000001,0.41034003359999993,0.16000309760000003
1.730126448240128,0.9738023524000006,0.22768961290000003,1.7918455616
1.4979550019276275,0.0901739761,0.0901739761,2.063521235599999
1.6734616804098026,0.53685089,0.6032455809000001,1.6603775249
1.870203148109852,1.3590268164000008,0.6907011904000002,1.4479318084000004
1.3854297836411626,0.32750073960000015,1.3019148928999988,0.2900000529
1.4867047988756878,0.8586978276000001,0.6915077688999999,0.6600855624999997
1.6350884132670014,0.26351174759999996,2.2,0.21000237160000004
1.7427960528128366,0.38965203210000016,0.1,2.547686049600003
1.4305173309680663,1.2662169761000008,0.45266242250000016,0.3275004355999992
1.7734149046965855,1.7007350321000003,1.1942653920999988,0.25
1.5643917863502097,0.6907011904000002,1.2291176484000004,0.5275028223999997
1.4247619741205895,0.14752840890000005,0.8924147395999998,0.9900035343999998
1.9578591767795765,0.5303132415999999,1.7148131904000004,1.5880861241000013
1.5334415789654328,1.1125873920999994,0.7513498276000001,0.4875058564000003
