Rg,Rgx2,Rgy2,Rgz2
1.6884678130186552,0.8404588164,1.5829640336000002,0.4275007056
1.6288756226919232,0.5452608929,0.8479743684000001,1.2600005329000004
1.6886696644992472,0.8889303524000003,0.4526624225,1.5100124608999999
1.5379880708249984,0.04755806440000004,1.2303132416000002,1.0875360000000003
1.6859892256476612,1.3,0.6550498720999999,0.8875097968999996
0.9480859109806453,0.3900088209,0.3488549760999998,0.16000309760000014
1.1768884338372945,0.9475580643999996,0.24750772840000015,0.19000059290000007
1.272223480368131,0.0,0.6284960336000002,0.9900565504
1.8493567458173126,0.16034003359999988,1.1314929761,2.1282873636
1.7058878304273115,0.3,1.4,1.2100532899999998
1.5420874971933336,0.7103400335999999,0.22768961290000006,1.4400042024999995
1.356896139798474,0.9336183684000001,0.5475485809,0.36000018489999996
1.6507690554708132,1.45,0.8275374544000001,0.44750102010000087
1.4454216899922323,0.3475000049,0.7913608721000001,0.9503829849000012
1.8199027818814941,0.3488549760999998,1.8731414569000002,1.0900497025000009
2.1432226535056964,0.3401739760999999,1.1120322064,3.141197159999999
1.2237413009292446,0.25,0.8,0.44754277159999994
1.5156983352897102,0.6966520336,0.9131617423999987,0.6875276675999997
1.816590212458495,0.65,2.05,0.6
1.6710108872775187,0.3876028195999999,2.0146744569000004,0.39000010890000003
2.6777945600250965,0.16034003359999996,2.85,4.160243672100001
1.3784584243639706,0.24750772840000002,0.39249300490000005,1.2601468944000003
1.4046333456457594,1.2851043920999994,0.1603400335999999,0.5275504100000002
1.8368618005990542,1.5365402063999996,0.65,1.1875210681000004
1.5620990709938982,0.29000924159999997,1.2900092416000002,0.8601350243999999
1.8556065130571189,0.3600130321,1.4921840335999996,1.5910784655999997
1.6833960795368388,1.0492313920999998,0.5445670563999998,1.2400239120999992
2.3005719364323296,0.4476247689000001,2.1963044568999996,2.648702008899999
1.7264575739067554,0.8431494543999998,1.25,0.8875063001000003
2.1176809070537517,1.4019148929,1.4921840336000005,1.5904734976
1.4223007811640969,0.3876028196000002,0.44751088999999994,1.1878258025000001
1.9919363629393385,0.5903076516,2.85,0.5275028223999998
1.7454935883296738,0.24009564839999994,2.4466520336000004,0.36000018489999996
2.1226253337082364,0.45374176889999995,1.9242276484000018,2.12756889
1.5677360931610909,1.45,0.46027989290000015,0.5475165649000001
1.6422353250676347,1.1483168164,0.4882354943999999,1.0603845520999997
