Rg,Rgx2,Rgy2,Rgz2
1.5644764093459511,0.7533491904000003,0.6341634569,1.0600737881
2.1837022057963855,2.4,1.4284960336,0.9400592900000001
2.085417719882518,0.8483168164,2.15,1.350650250000001
1.5644011917024354,0.9976727395999999,0.5896520321000002,0.8600263169
2.0495256877872987,1.15,0.0,3.0505555449
1.8534169219309506,0.5105234943999999,1.8971250320999995,1.0275057600000002
1.6900919776450036,1.6073264568999996,1.0390820644,0.21000237160000004
1.7405767103175889,0.5278728760999998,2.0742276484,0.4275067600000001
1.8327874747771493,0.4900956483999999,2.3415114569,0.5275028223999998
1.9678476616852232,0.6667996515999999,1.8774611904000007,1.3281635775999998
2.625415515570821,1.4949856484000001,1.5102798928999994,3.8875410881
2.3396698922070183,1.4852056483999998,2.2374320336000015,1.7514175225000002
2.7142745722568304,0.04755806440000003,2.6921840336,4.6275443555999995
1.8637091337437826,1.9090268163999997,1.1168848164,0.4475001024000001
1.4836217918661074,1.2536258928999993,0.24750772839999993,0.7
2.788494737452449,2.7,1.9268691904000002,3.148833710400001
1.6385879104887842,0.5903076516,1.7071616483999996,0.3875010404
1.7402505806923323,1.7374320336,0.2635117475999998,1.0275283023999997
1.4089185708549659,0.5475485808999999,1.25,0.18750295839999964
1.9149827132640127,2.65,0.5896520320999997,0.4275067600000001
1.7129399875068596,1.1275007395999999,0.6966520336000005,1.1100106275999997
1.8940536095369631,1.1168848164,1.5804894568999996,0.8900648024999998
1.5928556752261014,1.2949356129,0.6921840336,0.5500695555999997
2.0466577453497203,0.8687255760999999,2.710056033600001,0.6100263169000002
2.363162030352553,0.42757378810000024,0.7648080336000007,4.392152959999999
3.379680633210777,0.45,1.0284960336000002,9.9437451489
2.2529162173724973,2.05,1.0774611904,1.9481702921000004
2.1339679721354767,1.5514040335999997,1.9924147395999998,1.0100005329
1.7309422373089174,0.9573287396,0.5510510563999999,1.4877812329000004
1.505268616692715,1.2649842064,0.7533491904000003,0.24750021159999996
1.320288323435453,0.9878374568999997,0.12778089759999997,0.6275429024999997
1.9154502863034577,1.1942653920999988,1.7871567395999997,0.6875276675999997
1.681654129034862,0.5115507844000001,1.1061748164,1.2102350089000002
2.0805423345608713,1.4659757689,0.5610004569000001,2.3016801801000004
1.746237696678204,0.6921840335999999,0.32750073960000015,2.0296613200999998
1.5688878932861965,0.4900956484,1.0613126129,0.9100009604000002
