Rg,Rgx2,Rgy2,Rgz2
1.3774299181446583,1.0297572001000002,0.2400485809,0.6275073983999999
1.3973405965261299,0.24004858089999997,0.9023551608999998,0.8101570009000005
2.110789163204132,2.3158821409000003,1.0120475625000005,1.1275011881
2.056296611240703,1.0427657080999995,1.0375340289,2.1480560163999995
1.6480521287265157,0.3875561001000001,1.2382474689,1.0902722500000002
1.787584454480403,1.2752751400999998,0.4101787568999999,1.5100042849000002
1.9448323789211246,0.7509292736,2.483924172100001,0.5475195364
1.3433030636457284,0.4911778624,0.8032756484,0.51000961
1.942065366819562,1.0604572688999998,1.8211557801000002,0.8900048400000001
1.8950590191337047,0.9626770275999998,1.4284672099999993,1.2001044483999999
1.8675939733518099,0.24750380249999998,2.752898694400001,0.48750475240000013
1.2369622973235683,0.4900485809000001,0.5,0.5400271441
1.9941113493734497,1.6376243844000005,1.0486240408999998,1.2902316484000003
1.9485130904615449,0.8957851235999998,2.5734177801,0.32750036000000005
1.815388805462896,2.32785721,0.12764957289999992,0.8401297321000005
2.3683542539493536,0.047531809599999995,0.9482049025000002,4.6133651601
1.7854753907573184,1.8603019395999993,1.1401180288999997,0.18750240249999992
2.5074388935525427,0.8941257649000001,4.94312404,0.45
1.4323268904478474,1.2132891480999999,0.5107711729000003,0.32750000010000024
2.1074375110308727,0.9201727396000002,1.0334490369,2.4876710864
1.8969450894793976,2.03481689,0.9035402224999999,0.6600435600000002
2.1314094572371585,0.4878709476,1.9070976804000004,2.1479376463999986
1.9339418412144662,2.6926307536,0.5,0.5475002915999998
1.295132449790368,0.25,1.1873674225000002,0.24000064000000002
1.865553192648229,0.6475579121000001,1.9426782400000004,0.8900525625
2.267806373635104,2.1917998024999994,1.4411416609,1.5100042849000002
1.9527412300404785,1.0120475625,0.6610949481000001,2.1400558009000004
1.6885548543651163,1.0581018000999998,1.0656063936,0.7275093024999998
2.6134577411161635,4.4322579076,0.4101787569,1.9877247001
1.674527540084068,1.5139127503999998,0.2,1.0901297321000005
1.3450932455781643,0.44077006249999995,0.5205226564000002,0.8479831204
1.45792058940122,0.7653536881000006,0.1601787569,1.2
1.6145831641944,1.5568231376000004,0.2400485809,0.8100070756000003
1.4930759729498027,0.19003636090000006,0.5288875624999998,1.5103519376
2.0609838900146698,0.6289212899999995,2.368709,1.2500243049000002
1.6815976009735503,1.9172776975999994,0.5604866436000001,0.3500061504
