Rg,Rgx2,Rgy2,Rgz2
1.3774299181446583,1.0297572001000002,0.2400485809,0.6275073983999999
1.297549711841516,0.24004858089999997,0.9023551608999998,0.5412315129000018
1.575957903689055,1.1291859236000001,1.0120475625000005,0.34240982810000026
2.056296611240703,1.0427657080999995,1.0375340289,2.1480560163999995
1.4820622619174948,0.3875561001000001,1.3189518081000005,0.4900006399999999
1.5567402872348362,0.5032572801,0.4101787568999999,1.5100042849000002
2.0265430394886756,0.7509292736,2.8084278808999996,0.5475195364
1.1719507365072988,0.4911778624,0.3722810564,0.51000961
1.7724195850023776,0.5604897369000003,1.6909766084000002,0.8900048400000001
1.5803111182612115,0.6123474025000003,0.6849313796000002,1.2001044483999999
1.5105969412785134,0.24750380249999998,1.5468945641,0.48750475240000013
1.253307581282424,0.4900485809000001,0.5,0.5807313123999998
1.7976394594300606,1.6376243844000005,1.1333133456,0.4605698961000003
2.106488487032388,0.8957851235999998,3.2140082623999993,0.32750036000000005
1.4274219873254024,1.5963100649000004,0.22130131290000024,0.21992215210000027
2.363624904801944,0.23154958009999968,0.7418079503999999,4.6133651601
1.4205362958052146,0.9386953936000001,0.8917255716000001,0.18750240249999992
1.6646055109845097,0.43173020160000003,1.8891813056000004,0.45
1.1569211785597153,0.5001954404000001,0.5107711729000003,0.32750000010000024
1.9506915447861048,0.2840773796000001,1.0334490369,2.4876710864
1.5062555586619424,1.1311433296,0.47761891839999987,0.6600435600000002
1.876824114721462,0.4878709476,1.9070976804000004,1.1275001295999991
1.693950981345092,1.8219696356,0.5,0.5475002915999998
1.154758975760743,0.25,0.8434676521000002,0.24000064000000002
1.538418978367077,0.6475579121000001,0.8291224784000004,0.8900525625
1.8541977155902227,1.0621555236,0.85,1.5258936449000005
1.9527412300404785,1.0120475625,0.6610949481000001,2.1400558009000004
1.6885548543651163,1.0581018000999998,1.0656063936,0.7275093024999998
1.8681023769055058,2.1280367641,0.4101787569,0.9515909696000003
1.5358505594946406,1.0685586129,0.20014859609999994,1.0901297321000005
1.0470147445953186,0.45,0.3557641729000003,0.2904757024999999
1.2996390357326146,0.3186453796000001,0.17041624360000007,1.2
1.5311121735849402,1.2626347689,0.27166264360000003,0.8100070756000003
1.2813313823129437,0.19003636090000006,0.5656811599999995,0.8860925903999994
2.0609838900146698,0.6289212899999995,2.368709,1.2500243049000002
1.3959163850317111,1.03808976,0.5604866436000001,0.3500061504
