Rg,Rgx2,Rgy2,Rgz2
2.4014099352880174,0.5291176484,2.55,2.6876520289000005
1.6285718944523144,1.4621816129,0.3,0.8900648025000001
1.543622535401709,0.45266242250000016,1.4900956484,0.44001246090000007
1.7545063187404029,0.42829242249999994,1.8,0.85
2.3722322726284624,1.3284960336,2.1103400336000004,2.1886498880999996
1.6933400822634534,0.24752570489999998,1.6598587689,0.9600161603999995
2.3825153915347537,0.5115507843999999,1.6280531903999997,3.536775616100001
1.9260058607647073,0.8404588164000002,1.8415114569000004,1.0275283024
1.9901374757538735,0.9177123523999999,2.1029307395999997,0.9400040804000002
1.9968912710761195,0.4275737881,2.65,0.9100009603999999
2.7684102948443177,1.8824278721000005,1.8678447396000002,3.9138229489000005
2.0178948056080626,0.9625867395999999,0.5610004569000001,2.54831225
2.012478460903371,1.9,1.6,0.5500695555999997
2.851792983405353,2.25,0.7913608721000001,5.091362348100001
2.0249281390953113,2.9,0.5903076516,0.6100263169000001
1.97046684422753,1.0875242064,2.2951854569000005,0.5000299208999998
1.5978182923599291,0.31301620640000005,1.1525070049,1.0875000840999998
1.9046268910209159,2.75,0.3876028196,0.4900007743999998
1.7975093811438092,1.6170397689000002,1.2140002064000004,0.4
2.358995185158291,1.3648080336000006,1.35,2.85005025
2.10073483319528,2.2951854568999996,0.09017397610000004,2.0277274064
1.7723886941921068,0.4103400336,1.2034263921,1.5275952576000011
2.0328899863002916,1.2649842064,0.32750073960000015,2.540156750399999
1.9234519894450188,0.45,0.5896520320999998,2.6600155236000007
1.7957757112735433,1.6648080336000004,1.35,0.21000237160000004
2.0689374513744974,0.6921840335999999,0.2600646416,3.328253502500001
2.9090728184251424,0.5594012416,0.9601483524000006,6.943155068900002
1.4826567613915231,0.2875242064000001,1.4007350321,0.5100118336000001
2.0839618162528795,1.3109212415999998,0.6,2.4319756100000003
2.1893723280429027,0.9533491904,1.75,2.0900020003999997
1.5159321420828835,1.1940666128999997,0.6139828720999999,0.4900007743999998
1.6082834351257864,0.18783745690000006,0.4882354943999999,1.9105026563999998
2.956267366798883,0.6603400336,0.45,7.629176710399999
1.986591675332402,0.7476758276000002,0.8587614543999997,2.3401092025
2.2557335511314274,0.44665203359999983,1.55,3.0916818201
2.3781230229321606,0.6,0.5278728761000001,4.527596236099999
