Rg,Rgx2,Rgy2,Rgz2
1.7997447645707987,0.29000924159999997,1.1212094544000004,1.8278625215999997
1.7252029800866913,0.42829242249999994,1.3380167396,1.2100161604000002
1.2202670792904318,0.45,0.5115507844000001,0.5275009604000004
1.54518142031931,0.4275737881,1.45,0.5100118336000001
1.3295093039162984,0.2275857475999999,0.2900092416,1.25
1.2786992488071618,1.3600130321,0.04755806440000003,0.22750067240000002
1.8922864835959698,1.05,2.0832480336,0.4475001024000001
1.8952139891315705,1.6766407396000003,0.22768961289999995,1.6875057121000008
1.2232367174835785,0.22768961290000006,0.6285536516,0.6400648025000001
1.988901535370718,1.8804894568999995,1.3477283684000003,0.7275114920999999
1.2594138216249653,0.7284960335999998,0.6476247688999999,0.21000237160000004
1.0523892236715464,0.18783745690000006,0.6921840336,0.22750158760000003
1.5183272452603886,0.9177123523999999,0.24752570489999984,1.1400795664000003
2.0060296249058736,1.4466520336000002,2.05,0.5275028223999999
1.5239746779392367,0.18783745690000006,1.2871567395999999,0.8475046225000004
1.9206456552680404,1.3303740321000004,0.8110004568999999,1.5475052441000003
1.1586963010642608,0.6875017423999998,0.42757378810000013,0.22750158760000003
0.9671584778618239,0.18783745690000003,0.04755806440000001,0.7
1.1933605905173843,0.8483168163999999,0.42829242250000005,0.14750026010000009
1.732449884527688,0.8561748164,0.9976727395999998,1.1475350464000003
1.0322983386599052,0.25,0.5681396484000001,0.24750021159999996
0.9878289425300314,0.04755806440000003,0.4882354944,0.44001246090000007
1.8058047028402602,2.1731027396,0.8403278276000001,0.24750005760000002
1.3480086080956606,0.4404774225000002,0.3488549760999999,1.0277948089
1.486639905323411,0.0,0.75,1.4600982081000002
0.9823688318040227,0.28752420639999987,0.2875242064,0.39000010890000025
1.5715201554227678,1.8521651904000003,0.3900088209,0.22750158760000008
1.6941359168024273,0.8815376516000013,1.1285586128999996,0.8600002401
1.6521663727966382,0.44150776890000004,0.42757378810000013,1.8605721664000001
2.008583848112894,1.5522716484000005,1.8721372416000002,0.6100001849000003
1.6358367113193175,0.3876028196000001,0.4882354944000002,1.8001234321000001
1.4019657994758645,0.9904588164,0.5475485809,0.4275007056000001
1.5548299241396146,0.5948038761,1.3951854569,0.4275067600000001
1.7543369848749126,1.3,0.22768961289999998,1.5500086435999996
1.1764472867493894,0.25,0.7740280335999998,0.36000018490000013
1.826677181277524,0.2475257049,0.32750073960000015,2.7617230801
