Rg,Rgx2,Rgy2,Rgz2
1.9677643580723785,0.21027989290000013,0.9517960643999999,2.7100206116
3.136383016374116,1.2220224569000002,1.1424147396,7.472461228899999
1.896315043076967,0.5896520321000001,2.2787800336,0.7275786769
2.0929113163247024,0.85,0.38760281960000004,3.1426749583999984
1.6109502781277887,0.35084158010000027,1.2966520335999998,0.9476671848999999
1.5203170915634674,0.5903076516,0.5610004569000001,1.1600559504
1.6410388754992977,0.5115507843999999,1.4414570321,0.7400007743999999
1.6454971190798238,1.45,0.6476247689,0.6100360000000001
1.7291663839549967,0.3900088209,2.25,0.3500075624999993
2.0840952625539937,1.7186448928999993,0.7648080336000002,1.8600001369000008
1.9456924472536763,0.7295875761000001,1.3284960336,1.7276354895999997
2.6581035868829486,1.5103400336,1.5073264568999996,4.047848188099998
1.7030615557283888,0.7103400335999999,1.0400703920999999,1.1500082369000002
2.056312672455237,0.41929103209999985,0.5597367843999995,3.2493939904
2.5515618794377692,1.1678447396,0.6139828720999999,4.728640412900001
2.5295657203559663,1.8401091903999998,0.32750073960000015,4.231092803599998
1.7216667127234586,1.8168848163999995,0.5597367844,0.5875146689000001
2.1731304218799203,2.9,1.0949356129,0.7275602175999994
1.699576253099578,1.2488549760999998,1.1921840336000005,0.4475204304000001
1.898726007248018,0.42757378810000013,1.3497052416000004,1.8278814209
2.3024078953347953,1.9,2.051073648400001,1.3500084680999997
2.38079025621746,2.675696456899998,2.1648080336,0.8276577535999999
1.6882569312755689,1.2603400336000006,0.6623697424000001,0.92750169
1.9869886767669311,1.7706172416000001,1.75,0.4275067600000001
2.2792458238636746,0.32750073960000015,0.8275374543999998,4.0399233316
1.9172977665975623,0.5878374569000001,1.0,2.0881932689000005
1.7232148576715558,0.5115507844000001,0.21027989290000013,2.2476387684000003
1.7870932920527678,0.44751088999999994,1.9961836483999995,0.7500078960999997
1.59931171861523,0.63409344,1.3961836484,0.5275208849
2.5729001014808173,1.6192910320999996,2.35,2.6505239001
1.6935653647261448,2.2804894569000003,0.3401739760999999,0.24750021159999996
1.515967796953484,0.9231567688999996,1.1475000049000001,0.22750158760000003
2.7761106674986857,1.5999784569000002,1.4625210048999997,4.644290976399999
1.9991166465716803,1.5377160336000002,1.7687388721000001,0.6900124609
1.794539241532489,0.24752570489999978,1.4728119761000014,1.5000334084000002
1.8837144969182564,1.3886068929,0.24752570489999987,1.9122477081
