Rg,Rgx2,Rgy2,Rgz2
1.901137821042967,1.4413608721,1.7829640336000003,0.3900001089000001
0.821645280458666,0.04755806440000003,0.0,0.6275429024999999
2.429082690626237,0.7913608721000001,1.6415114568999996,3.4675703888999982
2.1109993071528943,0.24009564839999986,1.9561748164000001,2.26004761
0.9536934539462877,0.3419351201000001,0.2400956484,0.32750043559999986
1.3593427851355226,0.0901739761,1.3476247688999998,0.4100140625000003
1.4080981214744945,0.35084158009999994,1.5318987396000003,0.1
1.303025202595867,0.2475257049,0.6603400336000002,0.7900089401000001
1.8344741765966617,0.4900956484,1.9276718721,0.9475279840999997
1.4950215964660845,0.24752570489999998,0.5475485809000001,1.4400152880999997
1.760219248730112,0.9518069956000004,1.1365402063999999,1.0100246015999996
2.126996410246148,2.1279196483999994,1.5559636483999997,0.8402304324
1.4763790179354352,0.9738023523999999,1.0583923921000002,0.14750026010000025
2.0729154495540816,0.2475257049,2.2,1.8494527561000003
2.1228894305874717,0.12778089759999992,1.85,2.5288786369
1.7161022708743203,0.29000924159999997,0.4537417688999999,2.2012559935999993
1.7379499100952247,0.55,1.9829640336,0.4875058563999999
1.7809232614854578,0.2875242064,2.2341634569,0.65
1.438655427022051,0.4882354944000002,0.45374176890000006,1.1277521743999999
1.6474319755304012,0.8,1.2240280336000002,0.6900040803999997
1.5845465237410985,1.2102798928999998,0.7904495761000001,0.5100582168999999
1.7518809242068938,0.3479405801000001,0.7600185761000001,1.9611276164
1.699386658827237,0.6623697423999999,0.7353907689000003,1.4901545049
1.7072670333899147,0.9390820644000003,0.14752840890000005,1.8281502499999998
1.0910709119484399,0.4900956484,0.16034003359999988,0.5400000529000002
1.6171983982801859,1.0073264568999993,1.0804894568999992,0.5275147456
1.190674123721516,0.3876028196,0.2400956484,0.7900064008999997
2.361895566129036,1.2,2.2683484569,2.1102022084
1.7992317437450913,1.0726729956000003,1.9645618721000009,0.2
1.4587520174450488,0.9401091904000001,0.7403278276,0.44752043039999984
1.9825496121408919,0.5903076516,0.7913608721000001,2.5488344409000003
1.7966185547577982,0.18783745690000006,2.55,0.49000077439999973
0.9152599847038,0.3876028196000002,0.2400956484,0.2100023716
1.9057421905913718,2.7,0.5918515809,0.3400017161
1.5251336427015174,1.2706172416000001,0.5278728761,0.5275425104000001
1.1780661073980525,0.9002938721,0.14752840890000005,0.3400174724
