Rg,Rgx2,Rgy2,Rgz2
2.366693723720921,0.9492530968999999,3.1518890625000004,1.5000970225000003
2.492136690272025,2.666045576400001,2.9971725625,0.5475271440999998
2.6225195593932185,3.2648512761000013,2.2652514623999997,1.3475061009
2.3887776675530104,1.8478136441,0.4101345600000001,3.4483105409000006
2.8919849068243764,1.0731400368999997,3.1350422244,4.155394439999999
2.3581101103638056,1.1527824595999994,0.5603560769,3.8475447560999996
2.161157606955124,1.1506270016,3.109972920399999,0.4100022800999999
2.304178688925839,3.4660744048999987,1.2431650256,0.6
1.9072292122605508,2.1533472400000004,0.8841760281000001,0.6
3.0266476804544,2.2,3.5722021716,3.38839401
1.7915740973791734,1.0192857936000002,0.35033051240000007,1.8401214403999997
2.456254678590964,1.3415085455999995,2.5637282121,2.1279502883999997
2.1214583833768694,1.2305603024,0.8975160064000001,2.3725093636
2.0054805121466526,2.0891620761,0.8852845329000001,1.0475054756000002
2.2362938664003886,0.4475043264,4.3260047640999995,0.2275011664
2.443396269314497,1.6330103444,0.48777489639999994,3.8494000881000003
1.9215562629806082,1.3923377225000002,0.4877748963999998,1.8122658529
2.7523958236598163,2.8671178196,4.398564942399998,0.3100000081
2.6970139556739414,0.8917758521000003,3.4702325969,2.911875828100001
1.4230713209112182,0.5475174723999998,0.5901073296000001,0.8875071823999999
1.9277139379845756,1.7134727449,1.6426081449,0.36000013690000005
2.5989223237526744,2.7366966849,3.1301933776000004,0.8875071824
2.3214796492538974,3.828818572899999,0.7504439449000004,0.8100052440999999
2.2099125085170224,1.7659473664,1.8276669263999992,1.2900990024999994
2.085712274643844,0.7316550915999998,2.7335275689,0.8850130320999992
2.7274500632275562,4.4314295329,1.6800008784000002,1.3275534360999997
2.663308229552111,3.0651972499999998,0.6,3.4280134755999994
2.588982472825956,3.4980319841,1.8147072489,1.3900910115999998
1.6631073081434045,0.5901073296000001,1.4483133904000005,0.7275051984000003
2.0843438248523203,3.40698496,0.39000396010000016,0.5475002600999999
2.4679341003357447,0.5901073296000002,1.2474543876,4.2531370064
1.9510307857642841,0.5603560769,1.0419228225000001,2.2042422275999995
2.556673317887915,3.7830131343999986,1.1434769600000005,1.6100883599999993
2.7972152123495966,4.065044212899999,2.0689264704000006,1.6904422609000005
1.8207656605944653,0.7875906303999999,1.4675908099999997,1.0600061504
3.0254854383883587,2.644581012899999,1.5476525225000006,4.961328602499999
