Rg,Rgx2,Rgy2,Rgz2
1.6455404452641083,0.6280461568999997,1.0297572000999997,1.05
1.612831089048075,0.31000002560000006,2.0812221641,0.2100019321
1.259097427564682,0.2475130321,0.2900042436000001,1.0478090563999998
1.495539347894264,0.6406651241,1.2484728160999998,0.34750000090000005
1.409538773109842,0.7889273283999995,0.4878709476,0.7100012768999997
1.4991624878911562,1.2292181025000004,0.6907700625000002,0.32750000010000013
1.9567051612596107,0.44750576,0.5276846880999999,2.8535046399999997
1.1027878819156476,0.4407700625000001,0.4878709476,0.2875001024000002
1.8182169800384111,1.34834681,1.3100641600999998,0.6475020163999998
2.3849290429696226,2.58515625,1.1550690000000001,1.9476612900000003
1.9565691166171464,0.9040683320999999,2.5365935296,0.38750084639999993
1.5050280516654828,0.3875561000999998,0.2875109561000001,1.5900423800999994
1.5086269706259399,0.0,0.7279848804000003,1.5479704561000003
1.3059437654432138,0.24004858089999975,1.2154405376,0.25
1.3635588618391214,0.4,0.4317302016000001,1.0275625681
1.7908058361530985,0.25,1.6294348483999994,1.3275506943999993
1.9382872332293786,0.39000510759999985,2.5194423683999996,0.8475099224999999
2.090318285166161,1.7481543364,1.3933009568999992,1.22797524
2.046480155657513,0.4101787568999999,0.7277859480999999,3.0501163224999996
1.4647807343763093,0.7905736025,0.32750017639999995,1.0275088209
1.7396321720122332,1.2279844400999997,0.5107711729000002,1.2875644809
1.9252993803562084,1.7092502464,1.05,0.9475274576000003
1.9950361281440496,0.5400042436,2.6901585081000006,0.7500064009000001
1.3674790134769892,0.9920171840999995,0.35044058010000023,0.5275410880999999
1.3638734522308147,0.4601442401000001,0.45,0.9500065536
1.3771190590504512,0.5475238144000001,0.7889273284,0.56000576
1.9566481055621625,0.29158404000000004,2.4468482049,1.0900395640999998
1.8028867849646024,0.6275779688999996,2.0953058161000007,0.5275169743999999
2.0365884520442514,0.42753931290000013,1.0297572000999997,2.6903960099999997
1.7447618660722723,1.4555797048999999,1.0486142244,0.5400000399999986
2.202739852842364,3.2368184484,1.4877422499999997,0.12750216089999994
1.9383143231684588,2.9176545001000003,0.45190706890000004,0.3875008464000001
1.9620066752944547,0.4286950849000002,0.19003636089999998,3.2307387481
1.3741916283400943,0.5508443089000004,0.44750575999999986,0.8900525625
1.2984403201148675,0.4878709476,0.48807504040000005,0.7100012768999998
2.251233725116075,0.4601442401,1.8900502225,2.7178588224999984
