Rg,Rgx2,Rgy2,Rgz2
2.3330112385927335,0.42829242250000005,2.622022456899999,2.392626560000001
1.7419328281825337,2.0268154569000005,0.3475000049,0.6600145160999997
1.7081297529461863,0.85,0.22768961289999998,1.84001764
1.8467738726222007,1.8326008164000005,0.0901739761,1.4877989441000006
2.506008443680907,0.6139828720999996,0.34794058009999995,5.318154867600002
2.2874952190113973,2.05,1.1424930049000004,2.0401413721000003
2.363039773681349,2.0240280335999996,2.3498756484000003,1.21005329
1.9250238555664707,1.4,1.5782097689,0.7275070755999999
1.4370201908115279,0.2875242063999999,1.25,0.5275028224
1.906488037885368,1.1424930049000004,1.4821790321,1.0100246015999996
2.701554019652393,0.5278728760999999,0.4526624225000003,6.3178588225
1.479331297850485,0.9100749956000002,0.8683429956000003,0.4100030975999999
1.789353828006077,1.1492313921000001,1.2248979761000007,0.8276577536000007
2.319665482887565,0.5303132415999999,0.4900956484,4.360439062500001
2.161922920642639,1.3961836484,1.8775948164000003,1.40013225
2.118393774655694,1.45,0.24750772839999993,2.7900844560999993
1.8635369861905078,0.9878374569000001,2.4374320336000004,0.04750060840000014
2.0343235727386144,2.55,0.8609676025000004,0.7275047961000001
1.6922592837978465,1.5648080336000008,0.8889303523999998,0.4100030975999999
2.0399360151485144,0.7601488760999996,0.8110004569000001,2.5901896129000006
2.5232724946386584,0.7477576025000001,0.5903076516,5.028838828099998
1.5038802251509262,0.32750073960000015,1.7466520336000002,0.18750295840000003
1.9907688156589152,0.6667996515999999,1.3488594569,1.9475013688999998
1.8685671995943844,1.7,0.9415114569000002,0.8500319225
2.0575134627506086,0.9400956483999998,2.1426304569000005,1.150635544100001
1.5084519309875273,0.6478534399999998,0.4275737881,1.2
1.6786133960206562,1.45,0.9177123524000003,0.4500305808999999
1.7139985840425889,0.6692910321,1.3284960336,0.9400040804000002
1.2076910764346982,0.2900092415999999,0.7284960335999999,0.44001246090000007
2.1020592236185927,2.3514040336000006,1.7797488163999997,0.28750012959999993
1.6860398084268355,0.2900092416,0.7403278276,1.8123931664000001
1.9532212004276421,0.2102798929000001,0.3475000049,3.257293159999999
1.7791792746657094,0.24752570489999998,0.29000924159999997,2.6279439448999997
1.6896177504098375,1.7,0.7648080335999998,0.3900001089000001
1.9221236786689873,0.8345476024999998,2.35,0.5100118336000002
1.5883156560961047,0.5475485808999999,0.6476247688999999,1.3275732735999997
