Rg,Rgx2,Rgy2,Rgz2
2.2823221548677126,0.44150776890000004,2.3740280336000006,2.393458616099999
1.2167854842575991,0.2102798929000001,0.21027989290000004,1.0600071289000002
1.829431892829028,0.8275374543999998,2.1692760336000005,0.3500075625000001
1.4244537846135972,0.7730296483999997,0.6284960336000001,0.6275429025000001
1.8575961920988104,2.6830444569000003,0.22758574759999983,0.5400334084
1.3937545029523672,0.8550498721,0.6875017424,0.4
1.26515577807636,0.5105234944,0.2400956484,0.85
1.2055597419456243,0.9183484569000001,0.24752570489999992,0.28750012959999993
1.2850465875601553,0.6303740320999998,0.8609676024999999,0.16000309760000053
1.6671257210240624,0.42829242250000005,0.26006464159999987,2.0909511056
2.679252311858665,0.2475257049,2.3192760336000005,4.6115912121000004
1.6553626029966966,1.1525070049,0.22768961289999998,1.3600287295999993
1.5651143003627563,1.7029307396000004,0.44665203360000005,0.3
1.4163576350978586,0.3,1.458568892899999,0.24750005760000002
1.4858802562790854,1.6,0.1603400336,0.4475001024000001
1.8355727961865203,1.9090268164000002,0.3600130320999999,1.1002876416
1.7633544852071008,0.5115507844,1.35,1.2478682560999999
1.6485697323437671,0.5291176484,0.7284960335999999,1.4601684803999997
1.8818297157022472,1.9521651904000001,0.7291176484000003,0.8600002401
1.9069475479414741,2.719276033600001,0.3896520321000002,0.5275208849000002
1.7476734932189135,1.8267640320999998,0.2400956484,0.9875029583999998
1.2564164852866266,0.8889303524000003,0.5896520320999997,0.1
1.9279049682232783,1.9558720336,0.21027989290000018,1.55066564
1.302057409487001,0.8,0.6478534399999999,0.24750005760000007
1.2890771963307706,1.2240280336,0.22768961289999998,0.21000237160000004
1.6197266551489482,1.1475000049000001,0.42829242249999994,1.0477220099999998
1.4201310241312242,0.2400956484,0.7291176484,1.0475588288999997
1.9408255910565488,0.1,0.9177123523999999,2.7490916225000017
1.6210939121778232,0.16034003359999996,1.0400703920999996,1.4275350463999996
1.8999814392251309,2.2951854569,0.7646744568999999,0.5500695555999999
1.336101884288769,0.6409734399999998,0.6966520336000006,0.447542771599999
1.2786987951038353,0.3475000049,1.0400703921,0.24750021159999996
1.4688566190748502,1.5,0.2475257049,0.4100140625
1.2315117260911486,0.6413608720999997,0.7477576025000002,0.1275026569
1.757684820040271,1.3489300321000002,0.29000924159999997,1.4505166529
1.2133417840410836,0.5445670563999998,0.3876028196000001,0.5400284088999999
