Rg,Rgx2,Rgy2,Rgz2
2.1802130716514845,2.8172646569,0.6351475025000001,1.3009168784
2.7337960149396663,1.9279096575999997,1.3547318015999996,4.1909991921000005
1.6177546157869556,1.0071295744,0.6,1.0100004224999999
2.179989505548135,3.1840967681000003,0.6406651241000002,0.9275923521000002
2.537059717901808,0.2475130321,0.9611971599999999,5.227961820100002
2.2730657939003875,1.716402540899999,2.602849000000001,0.8475765624999999
3.0108082487099703,1.7600123200999989,1.1565634303999999,6.14839056
2.129043625997363,1.2382474689000005,2.2470219875999984,1.0475573048999998
2.5959271300250317,2.604996899599999,3.5063355663999998,0.6275051984000001
2.1312329759789286,0.8527196225000001,2.6019120025000007,1.0875223728999996
2.4530962064093607,3.6789651528999983,1.0511513641,1.2875644809
1.6995316668423686,0.5,1.9609073241000001,0.4275005624999998
2.4299741449447563,3.1294254929000016,0.38755610009999975,2.387792752099999
1.6975987993044765,1.4266332609000005,0.9277076481,0.5275007744000002
1.994274888725223,0.8947348161,2.2348937521000005,0.8475037636
1.716721182487127,1.4891429583999998,0.8104866435999994,0.6475020163999997
1.997348025507823,0.8104866435999997,2.0314124689,1.1475000224999994
1.597455793003362,0.6610949481,0.6907700624999998,1.2
1.6985495476140813,0.2900042436,0.6475579121,1.94750841
1.766447105180339,0.8485810943999998,1.3442237001,0.9275305808999998
2.4502647221065725,1.7119027044,3.2318349055999995,1.0600595984000007
1.5380816448095336,0.5276846881000001,0.6279674243999999,1.2100430336
2.60382616249626,2.6902074304,1.6615422499999997,2.4281610041000006
2.6285197500874897,2.6869856641000007,2.7621286168999997,1.4600017955999998
2.3687842013150964,2.0403429904,2.583251246399999,0.9875443556000001
2.2060252113019927,0.6279674243999999,2.528196432100001,1.7103833764
2.427954564937326,1.0245491844,0.2101442401,4.6602699449
1.9588302370037074,0.8881848688999998,0.8478694084000002,2.1009616201
1.785632526977485,0.6289212899999999,1.0120475624999998,1.5475146688999997
2.0277462548849647,2.9117334529000005,0.6100079524000003,0.5900134689000003
1.7834595226413188,1.4510991043999997,0.8021132409000004,0.9275155236000003
2.1524923661653252,2.5147118400000004,1.35851121,0.7600003363999999
2.164314519796049,1.0275000841,3.0967041124000017,0.5600531441000003
1.7016706147489296,1.3422857961,0.5633512521000001,0.9900458328999997
2.358931015015064,1.0545459236,4.0,0.51000961
1.9558879680083927,0.8527196224999999,1.2852136399999998,1.6875644809
