Rg,Rgx2,Rgy2,Rgz2
2.3896736052649534,2.7,1.7824278721000002,1.2281120676000001
1.564355762222903,0.5903076516,1.6094012415999999,0.24750005759999985
2.260399206910142,0.0,0.8609676024999999,4.2484369720999995
2.146301077691571,1.0266109956,1.0192623683999995,2.5607349521000002
2.104790439592503,0.2475257049,2.4921840336000005,1.6904330561000003
1.7379146016130942,1.05,0.4103400336,1.5600071289
1.8617838445157915,1.7687388721000001,1.45,0.24750021160000002
1.9106739544987787,0.25,0.85,2.5506749604000007
2.277929528541214,2.5,1.4414570321,1.2475059049000001
1.7099766677355572,1.05,1.6139828721,0.26003733210000013
2.0756288628027897,1.6877160336000014,0.5328114944000002,2.0877076481000008
1.6703293414473686,1.55,0.85,0.39000010890000003
2.702144909437686,1.9022716484000004,0.7476758276000003,4.6516396356000005
1.4590579795196628,0.45,0.7513498276000001,0.92750036
2.0103061946380207,0.18783745690000003,1.2649842063999999,2.5885093328999997
2.06708681232792,2.3852056484000004,1.5476247688999998,0.3400174724000001
1.4984991379376902,0.9623303684000005,0.4355748196000002,0.8475944783999999
2.0508695094520273,1.3,0.5954887843999994,2.3105769603999997
1.947057218702111,1.6109227688999996,1.2400956484000003,0.9400133956
1.651754346899078,0.42829242250000005,2.05,0.25
2.0378094346626234,2.3740280336,0.7510736483999999,1.0275656100000001
2.7227775006048507,0.42829242249999994,2.495185456899999,4.4900394384
2.162804883617568,0.6550498721,0.9878374569000001,3.034837635600001
2.2515119773387844,1.7150920336,1.214130976100001,2.1400831744000004
2.011888298937096,0.6907011904000002,0.5169338929,2.8400594441000004
2.2634673207713867,1.5774611904,1.8573264568999999,1.6884966649
1.7170511661566759,0.16034003360000001,0.6478534400000001,2.1400712336
1.8310365417708079,1.7774611904,0.04755806440000003,1.5276755625
1.8663638925997252,1.9329640335999998,0.41034003359999993,1.1400101123999995
1.8807337673631537,1.9963044569000012,1.0533491904,0.4875058563999999
2.01145944279272,0.5478090563999999,2.4106240335999995,1.087536
2.374536946248678,1.4585688928999998,0.41929103209999985,3.760565784099999
2.062205371174268,0.3100000196,1.0949356129,2.8477553604
1.952133265660928,1.2102798928999996,2.0730296484,0.5275147456
1.4925607660661593,0.41034003359999993,0.6773874944000001,1.1400101124
2.165237019681679,1.5284960336000002,0.22768961290000012,2.9320657048999985
