Rg,Rgx2,Rgy2,Rgz2
1.6977310456606487,0.39249300490000005,0.6415114569000001,1.8482862415999999
1.2335900016618164,0.9817425761,0.2,0.3400017161000003
1.92087384302041,0.6340934399999998,1.4681396483999998,1.5875232323999993
1.7573376153716167,0.4882354943999999,2.35,0.25
1.7124535102010798,0.5948038760999999,0.24752570489999987,2.0901674436
1.743952103040677,1.4413608720999997,0.65,0.9500080656000005
1.6368588434559652,0.8609676024999999,1.1907963684000005,0.6275429024999998
1.5676553922976821,0.24752570489999992,0.75,1.4600177240999996
1.1902378977750623,0.29000924159999997,0.7991565761000001,0.3275004355999992
1.3294871842180351,0.3275361200999998,1.15,0.2900000529
1.1799847752407653,0.22768961290000006,0.7646744568999994,0.4
2.133024821444889,2.292184033600001,0.14752840890000005,2.1100824463999994
1.3128804065488984,0.18783745690000006,0.18783745690000006,1.3479800481000006
1.2639225496841173,0.3,1.05,0.24750021159999996
1.059618869027916,0.1277808976,0.44751088999999994,0.5475003600000001
2.2118990568287695,0.3100000196,1.4510736483999997,3.131423769599999
1.2975727253992357,0.18783745690000006,0.8483168164000003,0.6475407043999999
1.664460077052015,0.4415077688999999,1.3287932416000001,1.0001263376
1.6689630503099822,0.18783745690000006,1.5100642064,1.087536
1.8244263853606153,1.4900956484,1.3109212416,0.5275147456000002
1.3867252242964356,0.7353907689,0.7400956483999995,0.4475204304000001
1.3034695563763659,0.7513498276000001,0.04755806440000006,0.9001249924
1.9048720008966482,1.5120516484000004,0.42829242250000005,1.6881932688999999
1.6880924467872014,1.0876068164,0.8345476025,0.92750169
1.8104810237337479,0.18783745690000003,2.15,0.9400040804000002
1.5588899571169224,1.45,0.2400956484,0.74004225
1.8029207907448401,0.5594012416,2.1011200336,0.5900021025
1.816319310501323,1.1,0.7103400335999999,1.4886758041000012
1.3201810267156544,0.6413250563999997,0.5115507844,0.5900021024999998
1.4571219975348666,0.4882354944,1.0949356128999999,0.5400334084
1.180801916199326,0.5542930563999999,0.45,0.3900001089000001
1.291795530763286,0.6285536515999999,0.0901739761,0.9500080656000002
1.4958865476365513,0.5497052416,0.18783745690000003,1.5001338649000004
1.5856201773123348,1.1525070049,0.8341634569000002,0.5275208849
1.7268533453944488,0.31000001960000007,2.4220224568999993,0.25
1.4977934828940873,0.14752840890000002,0.8683429956000002,1.2275139129000003
