Rg,Rgx2,Rgy2,Rgz2
1.9824676684627167,0.3401739760999999,2.9,0.6900040803999998
1.7353519533512503,1.1192623684,1.1921840336,0.7
1.9767606496488137,0.04755806440000006,2.85,1.0100246015999996
2.1421380689862173,1.5341634568999998,0.8639828720999999,2.1906091776
1.3230067397409584,0.18783745690000003,1.3525070048999996,0.21000237160000057
2.2618534416933382,0.5278728760999998,2.6,1.9881081156000004
2.1697397093891237,1.1424147396,1.8146744569,1.7506812099999998
2.3075818704652713,2.5485327396000006,0.5475485809,2.2288527684
1.4729668933821967,1.2248979761,0.6547334399999997,0.2900000529000002
2.3735408862499083,1.4476247689000004,2.4584454569000007,1.7276261129
1.9099208454017143,0.9002938721,1.0,1.7475037635999993
1.9155622941058323,0.6139828720999997,0.12778089759999994,2.9276151328999998
1.5992407875301329,0.9475580643999997,0.36001303209999985,1.25
1.6401194628745799,0.6,1.1499784569,0.9400133956000005
2.551581266979361,2.7,0.16034003359999988,3.6502269284
1.6722596249984627,0.8889303523999998,1.1575140049,0.7500078960999997
2.3671569741992182,2.4832480336,0.5597367843999993,2.5604473224999995
1.6808248665759322,1.6276718720999999,0.65,0.5475003600000002
2.124607269591253,0.9764403684000001,2.55,0.9875156816000003
1.6389914531198753,0.6284960336000005,1.2102798928999998,0.8475170569000001
2.0943075126876662,0.21027989290000013,1.7483168164000003,2.4275272483999992
1.7511518794210852,0.7284960335999999,0.5903076516,1.7477292195999994
1.5750011158408745,0.44150776890000004,1.6291176483999998,0.4100030975999999
1.7115810704725614,0.5115507843999998,1.2904588163999997,1.12750016
1.3922393209861585,0.9407011904000001,0.3876028196,0.6100263168999998
2.3176901624893693,1.05,2.4730296484,1.8486580408999997
1.8557862619655314,0.8687255760999999,2.1877160336,0.3875010404
1.6882468599408087,1.2706172416000003,1.2195600335999999,0.36000018489999996
1.5559922820824015,0.3900088209,1.4710960320999997,0.5600071289
1.7176070456888561,0.7126337424000001,0.2475257049,1.9900145160999998
1.9577656764281062,1.0492313920999998,0.5903076516,2.1933074001000006
1.7869565733111705,2.1181396484000006,0.24752570489999992,0.8275484415999997
1.4840535997732696,0.7513498276000001,0.5610004569,0.8900648024999999
1.5703508492372014,1.6109212415999994,0.4275737881,0.4275067600000001
2.03259165421882,0.85,0.9336183683999998,2.3478104644
2.2037538292649654,1.7469360335999997,1.9618788164,1.1477160899999999
