Rg,Rgx2,Rgy2,Rgz2
1.9365436940332639,0.3400938961,2.7201042703999994,0.6900033123999998
1.7303183978967571,1.1045955625000001,1.1894061956,0.7
1.9969866771964202,0.34820862439999994,2.6297272728999994,1.0100198916000003
2.1404174172576713,1.5294855936,0.8618931201000002,2.1900080064000003
1.8427111807877001,0.6896399875999999,2.3459443561,0.3600001521
2.4778639724972797,0.5276846881,3.6241372099999993,1.9879879681
2.339610263184875,1.1409696996,2.5822579876000002,1.7505484964
2.45181974894159,2.4405492416000003,1.3422857961,2.2285850436
2.050085272689895,2.6527420484000004,1.2601075368999997,0.2900000400000001
2.7256382770463143,2.3288816088999997,3.3726203984000023,1.72760201
1.906682400847084,0.8934444099999999,0.9944903401000005,1.7475030276
1.973684524816466,0.8401890625,0.12764957289999995,2.9275919680999993
1.9934046422390013,1.8289272516000001,0.8947348161,1.25
1.956488330172199,0.6,1.5178075235999997,1.7100390624999988
2.7820330770499475,3.6,0.4900485809000002,3.6496594608999997
1.7909298589838745,0.8881848689,1.5692384899999996,0.7500064009000001
2.3500274784350927,2.4086523844000007,0.5536199329000003,2.5603568320999996
1.8857986383757943,2.3600528529,0.6486833599999998,0.5475002916000001
2.4052655252591135,0.9674909025,3.2702731520999997,1.5475381923999998
1.9436262395069686,0.6279674243999999,2.3022016961,0.8475138384
2.292648837414924,0.6,2.2287169761000003,2.4275217156000006
1.9478927334173204,1.4564529444,0.5901473796,1.7476857768999998
1.6082327718648193,0.54765129,1.6287588303999996,0.41000252810000004
1.8989108386124922,1.179738202499999,1.2986240408999998,1.1275001296
1.5084343335392496,0.9403179089,0.38755610009999997,0.9475001296000001
2.3416459628432302,1.0438551681,2.591017955600001,1.8484326915999993
2.1825489334491452,0.8581316720999999,3.5178873284000014,0.38750084640000004
2.0721541712189278,2.448523713600002,1.4852990436,0.3600001520999999
1.7344958600411822,0.9920171841000001,1.4564529444,0.5600057600000001
2.13590175441194,0.7112888100000001,0.5107711729000003,3.3400163216000025
1.9978211662708951,1.0482107555999998,0.7504181603999999,2.1926604964
1.8789620231925923,2.4554459396,0.2475130321,0.8275393128999999
1.7076240053653495,1.4654405375999997,0.5604866436000001,0.8900525625
1.961087615865237,2.7285310520999992,0.6898280625000002,0.42750552250000007
2.0317683040396117,0.85,0.9303334329,2.3477490084
2.361115111742754,1.6240717775999989,2.803118024899999,1.1476747684000002
