Rg,Rgx2,Rgy2,Rgz2
2.012713557985835,0.34007123359999997,3.0209416399999998,0.6900029928999997
1.7289326257838968,1.1003845201,1.1888235044000002,0.7
2.064673053851384,0.6799196561000002,2.5729371856,1.0100179776
2.14007258197006,1.5287737761000006,0.8613749263999997,2.1897619535999997
2.1642791211163126,1.1285820224999998,3.0530044516,0.50251764
2.4542004453996826,0.5276359556,3.5075249680999994,1.9879389025000005
2.4177136787262463,1.1406682225,2.9541770369,1.7504941728999994
2.5493543042503917,2.339553203599999,1.9311776025,2.2284765625
2.446647826435182,3.9676241663999994,1.7284613840999996,0.29000003610000014
2.8945490328201395,2.8274393809000005,3.823382562500003,1.72759216
1.9059071684108857,0.8917758520999998,0.9932035599999998,1.7475027225000008
2.0196583065954496,1.0238242320999997,0.12761299689999994,2.927582446399999
2.2607954848017546,2.5275870400000002,1.3336091841,1.25
2.1576170544607773,0.6,1.8025019456000002,2.2528094081
2.893304883277944,3.908495545599999,0.8132851204000001,3.649432481599999
1.8713630217571362,0.8879990756000001,1.8639947235999998,0.7500057600000002
2.33364843928986,2.33358049,0.5520144960999996,2.5603200521000002
1.9997343620091144,2.8030799400999995,0.6483573184,0.5475002601
2.5256128325814307,0.9653553123999996,3.4655387040999996,1.9478261635999998
2.1796820831947032,0.6278381920999999,3.275663260100001,0.8475125315999998
2.3960609893114153,0.9543421263999999,2.35924669,2.4275194481
2.0868453658093595,2.0171482895999997,0.5901073296000001,1.7476679616000002
1.6357159778519008,0.6370250624999997,1.6285394176,0.4100022800999999
2.028937611189659,1.7008233800999997,1.2882643343999998,1.1275001156000004
1.5936422453298607,0.9402277080999999,0.3875427716,1.2119251263999995
2.3163823634711087,1.0426142769,2.4746719769000007,1.8483409999999996
2.238807499295105,0.8553340201000001,3.7694242244000007,0.3875007744
2.3356209274195163,3.4638905476000006,1.6312344321,0.36000013690000005
1.868240863004554,1.4767813881000007,1.4535372899999996,0.5600052441
2.378219017689498,0.7109443328999999,0.7424640576000004,4.2025173056
2.0271546072759223,1.0479923960999997,0.8689663240999999,2.1923970816000002
1.9188948261173668,2.607112159999999,0.24750967210000002,0.8275355216
1.8609772265935982,2.0128326889,0.5603560769,0.8900474721
2.1972145569789037,3.505114400900001,0.8951324356000002,0.4275049729
2.0315672111205183,0.85,0.9295412324000003,2.3477241009
2.4462013590258675,1.5945395664000004,3.2417037689,1.1476577535999999
