Rg,Rgx2,Rgy2,Rgz2
1.223890253331564,0.1277808976,0.3600130321000001,1.0101134225000001
1.362589314870772,0.3488549761,0.24752570490000006,1.2602689599999997
2.1705278699431623,1.4681396484,2.6830444569000003,0.5600071288999998
1.2269271709029839,0.5475485808999999,0.21027989290000013,0.7475218088999998
1.8989549436992967,0.4537417689000002,2.0247428164,1.1275452928999996
2.238320286755227,0.2600646415999999,0.36001303210000013,4.390000032400001
1.250123377431204,0.3876028196000001,0.3876028196000002,0.7876028195999999
1.6487879771517016,0.45,0.6284960336000001,1.6400057599999998
2.0789746272862497,1.8380167396000004,0.9561748163999999,1.5279439448999996
1.067713660538255,0.5,0.2,0.4400124609000001
1.4628647749535837,0.7646744568999997,1.3752988928999994,0.0
1.5178394015507701,0.9878374568999998,0.7284960335999999,0.5875029584000002
1.6019196539152643,0.2875242064,1.0284960336,1.2501263375999998
1.2390917427293267,0.7878374568999995,0.44751088999999994,0.3
1.4319016793760664,1.2319528928999994,0.29086864159999987,0.5275208848999999
2.23824317577425,1.9508728721000004,2.4488594569,0.6100001849000002
1.4786341089329706,0.24752570489999978,0.7284960335999998,1.2103370896000003
1.3966040620018259,0.1,0.9404588164,0.9100440896000002
1.4501301448835549,0.14752840890000002,0.6276718720999999,1.3276771561
1.5987953221722915,0.14752840890000005,0.9183484569000001,1.490269616400001
1.3398536154371492,0.4103400336,1.1573287396,0.22753893760000005
1.7917809023426945,1.0,0.1603400335999999,2.0501387684000005
1.1655535206930652,0.42849603359999994,0.29000924159999997,0.6400097343999998
1.4271311520319356,0.3488549761,0.3275361201000002,1.3603122288999998
1.3463325260127972,0.9817425760999999,0.29086864159999987,0.5400000528999997
1.3496139494685138,0.5948038761000001,0.8366538276000002,0.3900001089000001
1.1959398846932066,0.3401739760999999,0.3625867396000001,0.7275114921000004
1.241701792782792,0.5542930564,0.14752840890000005,0.8400018768999999
1.7308396760243276,0.22768961289999995,0.5400092416,2.2281071295999992
1.0334674191768216,0.25,0.7280531904000002,0.0900017161
1.3463254200229602,0.4886068929000002,0.8639828721,0.4600023715999999
1.3668457621838683,0.41034003359999993,0.5303132415999999,0.9276140624
2.3605863566707317,0.7963134544,0.7280531904000002,4.048001302499999
1.0990086559713714,0.2475257049,0.7002938721000002,0.26000044890000007
1.8262270626896318,0.3876028196000002,2.3,0.6475024649
1.2431575453256116,0.75,0.3479405801000001,0.4475001024000001
