Rg,Rgx2,Rgy2,Rgz2
1.3554546660807214,0.1276495729,0.6995160025,1.0100917764
1.3623284934625717,0.3482086244,0.24751303210000009,1.2602172676000003
2.1991775245532135,1.7326022449,2.5437737796000004,0.5600057600000001
1.2268600957321907,0.5475238144000001,0.2101442401,0.7475176400000002
2.317318384469428,0.4519070688999999,3.7905207025000003,1.1275367236
2.238311742564025,0.2600314721,0.3600079524000002,4.390000032400001
1.4370580095110983,0.3875561001000001,0.3875561001000002,1.2900235224999996
1.9079631259277525,0.44877234890000006,1.551546232100001,1.6400047088999994
2.0627216039495004,1.7734467663999998,0.9535153041,1.5278583448999998
1.0677125905879352,0.5,0.2,0.4400101760999998
1.7795967158881811,1.8073336515999998,1.3596308196,0.0
1.6899961908241092,0.9876755624999998,1.2809091599999998,0.5875024025
1.6553595382574746,0.4621650408999997,1.0279477456,1.2501024144000001
1.2390073294779171,0.7876334024999998,0.44750576000000003,0.3
1.7164203920368692,1.2292181025000004,0.2893326960999998,1.4275481635999998
2.396068431848306,1.8289272515999992,3.302216526400001,0.6100001521000002
1.86619983959382,0.9915194404,1.2809091599999998,1.2102732408999999
1.6123929772236048,0.1,1.5897754721000001,0.9100356409000001
1.545397161314851,0.4330308968999999,0.6275779688999997,1.3276435203999999
1.8171416144318526,0.30132350440000016,1.5104631696000002,1.4902169728999994
1.7110145826672545,0.7745491844,1.9254899080999994,0.2275318096
1.7901900456376134,0.9944903401000003,0.1601787568999999,2.0501113025
1.294093796098258,0.4280139289000002,0.6066569280999999,0.6400078960999999
1.4906585396059016,0.34820862439999994,0.5136024004000002,1.360251856899999
1.545189166704194,0.9619869584000004,0.8856225625000007,0.5400000399999998
1.3438304500940585,0.5926183689,0.8232618256,0.3900000841
1.2629994136974094,0.34009389610000007,0.5275643203999999,0.7275093024999999
1.2403067357311255,0.5508443089000001,0.14751497689999993,0.8400015129
2.0180832288337367,0.9201727395999999,0.9245009763999997,2.2279862025000003
1.668433352969186,1.0,1.6936684609000001,0.09000139240000005
1.6896381876307127,0.7203774969,1.6744977760999995,0.4600019321000001
1.493662980394172,0.7745491844,0.5288875625,0.9275923521000001
2.410058358339067,0.7913241856000003,0.9706523041,4.046404800899999
1.515563350671954,0.24751303210000003,1.6218875409000002,0.4275316968999996
2.023780333262481,1.1481848209000005,2.3,0.6475020163999997
1.613169821004596,1.0063251729,1.1484916201000002,0.44750007840000006
