Rg,Rgx2,Rgy2,Rgz2
2.5129972340215576,2.6764442169000002,2.8111715684,0.8275393128999999
1.7764826341115751,0.6279674243999999,0.5,2.027923124900001
2.1637814250519853,0.5,0.9543641225000001,3.2275859329
2.3468816365765024,1.3398631689000002,2.627990179600001,1.5400000675999999
2.6120089695481523,3.9359527081000003,1.6591269264000008,1.2275112225
2.3982256291058186,0.8414371681,0.5,4.410048999999999
1.9579254879846681,2.499144568100001,0.8443270084000002,0.49000064
1.5083233524015998,0.7,0.42753931290000013,1.1475000225000005
2.4683423474469666,0.49004858090000003,1.4503100609000006,4.1523553024
2.0256508031000804,1.7730169923999999,0.2900042436,2.0402399401
2.680921555454393,0.5475238144000001,1.4397762496000002,5.2000403225
2.2535110475211786,0.4279088483999998,3.7403867903999997,0.9100164025000002
1.754262784904246,0.5288875625000002,1.6610424036000002,0.8875079524000006
1.7767510785982372,1.6616232840999992,0.9477208196000003,0.5475002916
1.8191747772547857,0.9111605923999999,0.8881848688999996,1.5100514089
2.3387187095929263,3.4538148624000007,0.5276846880999999,1.4881056521000007
2.3101669725151903,1.8600203401000002,0.8151437583999999,2.6617073424000006
1.9713837680421333,1.0427657080999997,2.1560599504000004,0.6875283023999998
2.4731270700875845,3.363668090000001,2.4026832644000002,0.35000615039999994
2.3518960456193634,1.0101075368999999,3.493784528399999,1.0275229441000004
2.655838633125138,4.1659286436,2.647549561600001,0.24000064000000002
1.6139324179469228,0.8947348161,0.25,1.4600430336
2.6171308675914546,2.5492380560999996,3.3726203984,0.9275155236000006
2.3465277607776134,3.2311,1.7750925321000008,0.5
2.327372366296378,2.5404892944000013,0.8881848689,1.987987968100001
2.0035620982889446,0.6476716100000002,2.306582659599999,1.0600068120999995
1.8886753812659283,0.44877234890000006,0.9907562499999998,2.1275660969
3.1135415030797327,0.6447348160999998,3.315726820900001,5.7336790544
1.9567212922386263,1.5857015625000004,1.0330547208999996,1.2100019321000004
2.536039083709082,0.6,3.5700917316000007,2.2614025024999997
2.254247142817309,0.9944903401000003,2.197072928400001,1.8900669123999996
1.8796684124068266,0.24004858089999997,1.9452162756,1.3478884841
1.9697927167598117,0.5901473795999999,2.6299242025,0.6600117649000002
1.975940828618104,2.306582659599999,0.3477325625000002,1.2500269361
2.733450155353121,0.39000510759999985,2.6542420521,4.427502592100001
1.7574057798357214,1.9665723448999999,0.6118931201,0.51000961
