Rg,Rgx2,Rgy2,Rgz2
2.308148271147241,1.85,2.65,0.8275484415999996
1.5084298754996868,0.18783745690000006,0.5,1.5875232324000002
2.0431004797855636,0.5,0.44665203360000005,3.2276075369000004
2.140251783926368,0.6032455809000001,2.437432033600001,1.5400000840999994
2.1837894355683654,2.7100560336,0.8313663524000001,1.2275139129000001
2.398585126027425,0.8431494544000001,0.5,4.410061152399999
1.690944057767731,1.5192910320999995,0.85,0.4900007743999998
1.342670261046993,0.22768961290000025,0.42757378809999996,1.1475000289
2.287669197545834,0.4900956484,0.5896520320999998,4.153682676900002
1.7849872627276644,0.8558720335999996,0.2900092416,2.0402982529000004
2.623441481680123,0.5475485808999999,1.1348440644,5.200052562500001
1.8841958858356527,0.09017397610000003,2.55,0.9100201600999999
1.6359892098054925,0.5303132415999999,1.6961168721,0.45003058090000014
1.7330110846154447,1.6646744568999998,0.7911526025,0.5475003600000002
1.8253695571308293,0.9329798276,0.8889303524000003,1.5100638400999995
2.205927960315114,2.85,0.5278728761,1.4882452899999994
2.25437684418555,1.8603400336,0.5597367843999999,2.662138137599999
1.5451650164626431,0.65,1.05,0.6875349280999998
1.8989394963768593,1.7,1.5559636483999997,0.35000756250000026
1.791506318074262,0.4415077689000001,1.7404588163999992,1.0275283024
2.039774703637635,2.3558720336000007,1.5648080336000008,0.24000077439999998
1.5362464938934766,0.9,0.0,1.4600532899999998
2.1588404349094446,1.5319528929000001,2.2011200335999996,0.9275190968999996
2.0295318402281843,1.7921840336000006,1.8268154569000004,0.5
1.9305774218093406,1.3900092416000003,0.8889303523999998,1.4481895876
1.8133811808056242,0.6478534399999998,1.5804894569,1.06000841
1.6937977837392517,0.45,0.9913608721000001,1.4275900601000004
2.620113066644262,0.16034003359999988,2.45,4.254652448399999
1.8137569276228829,1.65,0.4297118209,1.2100023716
2.144808531337938,0.6,2.551404033600001,1.4487996025000005
2.2450129563991386,1.0,2.15,1.8900831744000002
1.6539751391420607,0.24009564840000003,1.1475580643999996,1.3479800480999997
1.7075501041257912,0.5903076516,1.6654051904000002,0.6600145161000003
1.8439179505607075,1.9,0.25,1.2500334083999998
2.5946723942918113,0.3900088209,1.9148131904000003,4.4275028224
1.6341211299043898,2.0,0.16034003359999993,0.5100118335999999
