Rg,Rgx2,Rgy2,Rgz2
2.6046087817175154,3.181851664099999,2.7745997200999994,0.8275355216000003
1.9605365929000154,1.0275038025,0.5,2.3161999296000007
2.258702911141702,0.5,1.3741617524000003,3.2275770883999995
2.4652333729892595,1.9092119480999998,2.6281635776000014,1.5400000576
2.7448595129259346,3.9938329764000002,2.312910656899999,1.2275101124
2.398139532220759,0.8410291264000002,0.5,4.410044089600001
2.133973929386205,3.2208015281,0.8430426255999999,0.49000057759999976
1.638149214052249,1.1085031225,0.4275297025000001,1.1475000225000005
2.5962052018474964,0.4900361200999999,2.0984156899999995,4.151829640000001
2.194131814659274,2.4839953024999977,0.2900030276,2.04021609
2.6832304602661323,0.5475174723999998,1.4521727088999998,5.2000355216
2.3298079504757467,0.7821069529000002,3.735883233599999,0.9100148996000001
1.8519185895173682,0.5285208025000001,1.6541943395999996,1.2468873200999986
1.8091469315121975,1.6610830681000004,1.0644292915999993,0.5475002601000001
1.8174582816670097,0.9051092900000001,0.8879990756000001,1.5100462399999999
2.3324163795514727,3.4244817156,0.5276359555999999,1.4880484964000005
2.357715691299526,1.8600055225000003,1.0372842529000006,2.6615335055999996
2.2329882379896224,1.3603583449000003,2.938352522499999,0.6875256035999999
2.875041337250649,4.8688280489,3.047029072400001,0.35000556959999984
2.7137263162485636,1.4603446448999997,4.8764451721,1.0275207025
2.762587361623158,3.9692788409000004,3.4226095121,0.24000057760000013
1.7076212780648992,0.8934316163999997,0.5625,1.4600388129000001
2.6888567333534152,3.2748726223999993,3.0275639225000006,0.9275139876
2.5077974484395664,4.023296032399999,1.7657520100000004,0.5
2.563175330483656,3.3042007376,0.8879990756,2.3776679615999994
2.149267605487972,0.6476254400000002,2.9117196496,1.0600061504000002
2.009265314437095,0.4484455625,0.9905750403999999,2.598126500899998
3.3105828424312236,1.0731400368999995,3.2457088036000004,6.6411099161
2.074216970545753,1.5692670968999998,1.523107201600001,1.2100017423999998
2.6582161688809287,0.6,3.6281734836,2.8379397169000016
2.2448894926031437,0.9932035599999998,2.1562650563999997,1.8900602176000003
1.9838921172785582,0.24003612009999994,2.347941,1.3478508129
2.0669026532713146,0.5901073296000001,3.0219686209,0.6600106276000001
2.083997235002964,2.6599652481,0.4330549224999999,1.2500243049000002
2.820105363386269,0.39000396010000016,3.1354878356,4.427502464899999
1.8705994026781896,1.9635664784,1.0255669443999997,0.5100087025
