Rg,Rgx2,Rgy2,Rgz2
1.2711787517497293,0.8247428164,0.7911526025000002,0.0
1.9610977246685082,1.0949356129,0.9904588164,1.7605098564
1.565216153858629,0.3479405800999999,0.34193512010000005,1.7600259080999994
1.6564532970476409,0.34193512009999977,2.1919000336000005,0.2100023716
1.4457915657521314,0.45,1.3303132416,0.3100000100000001
1.8272407933548331,0.5436747843999996,0.6476247688999998,2.1475093636000007
1.8861531942289311,2.1,0.6100130321,0.8475608399999999
1.3642619567003986,0.45266242250000016,1.1610482064,0.24750005759999985
0.993872863700383,0.65,0.12778089759999994,0.2100023715999999
2.0157298631761154,0.9231567688999999,2.25,0.8900101124
1.1645141342207916,0.2400956484,0.7684934399999996,0.3475040803999999
1.1208683916499744,0.18783745690000003,0.6284960336000002,0.44001246090000024
1.3778733791607993,1.2558720335999998,0.4526624225000001,0.1900005928999999
1.6579954433290824,0.6285536516,0.1603400335999999,1.9600552049000002
1.259008902033659,0.4537417688999999,0.6413608720999997,0.4900007743999999
1.3608666780033967,0.14752840890000002,0.9168848164,0.7875448900000005
1.7574698592294549,0.19007039210000004,0.4882354943999999,2.4103944196000002
1.6693811066679771,0.9517960644000001,0.3475000049,1.4875372100000002
1.6837776064551992,0.7,1.8876068163999995,0.24750021160000008
1.4203948508073378,1.2424930048999996,0.24752570489999992,0.5275028224
1.6932415470038524,1.4966736129,0.16034003359999988,1.2100532899999998
1.9674243748108844,1.6665891903999994,0.3401739760999999,1.8639955041
1.5890301607584418,0.24750772839999988,0.3900088209,1.8875003025
1.5265378357577646,0.5903076516,0.6,1.1400101124000004
2.0168596973760966,1.7461836484000002,1.1740280335999997,1.1475113568999997
1.3484484089871587,0.5303132415999999,0.34794058009999995,0.9400592899999998
1.5702373671837004,0.2875242064000001,0.44751088999999994,1.7306102928999991
1.1588329434823639,0.5276127844,0.1277808975999999,0.6875001088999996
1.5437973988188993,0.7295875761000001,1.1662169761,0.4875058563999999
1.4458037795288818,0.45,0.7,0.9403485688999995
1.2457744401375397,0.5,0.3419351201000002,0.7100188356000005
1.7937411516994308,2.1797488164000005,0.22768961290000025,0.8100688899999996
1.498882684502026,0.7914570320999994,0.22768961290000003,1.2275026569000003
1.5509169384915493,1.0875242064,0.5903076516,0.7275114921000004
1.6588590896155104,1.5318987396000003,0.8924147395999998,0.3275
1.6868166736785595,1.8878374568999998,0.6100130321000001,0.34750000159999994
