Rg,Rgx2,Rgy2,Rgz2
0.8355359729538877,0.21027989290000013,0.16034003359999988,0.32750043559999986
1.9723180141397074,1.1536524568999995,0.38760281960000015,2.3487830724
1.2836224204180917,0.9601483523999998,0.24752570489999998,0.4400124609000001
2.0678440881265687,1.7377160336000004,0.1277808976,2.410482241599999
1.6967127462832359,0.6907011904000002,0.18783745690000006,2.0002954961000006
1.4211125779824765,0.4,0.6915077689000002,0.9280531904
1.6650855580720167,0.3475000049,1.5774611904,0.8475487204000001
1.7856265025474953,0.2875242064000001,0.3600130321,2.5409247681
2.2043289608858294,2.0804894569,1.2510736483999998,1.5275030625000003
2.132062000716677,0.5115507843999999,1.7866048720999999,2.2475327184
1.8200536929991926,1.5621816129000001,0.6100130320999998,1.1404008004
1.3985250993099838,0.5681396484000001,0.3401739760999999,1.0475588289
1.4634311700247469,0.19007039210000012,1.1040583523999998,0.8475020448999999
2.2066619791214057,1.1222427396,2.3195600336,1.4275543168999998
3.1492419812392947,1.0061748164000002,3.4,5.511550239999999
1.165575357366481,0.24750772839999993,0.5510510564,0.5600071289000002
2.679126285228078,0.22768961290000006,0.14752840890000005,6.802499630400002
1.6554864289990419,1.0222427396,1.3583923921,0.36000018489999963
1.7345816612659086,1.8558720336000003,0.29278572839999983,0.8601157775999996
1.6773032655128288,0.5903076516,0.8345476024999998,1.3884909903999991
1.165123703174903,0.3600130321,0.75,0.24750021160000008
1.4678276178080314,0.5115507843999999,1.2329640336000005,0.4100030975999999
1.2450108371014288,0.7600185761000001,0.25,0.5400334084
1.169159481379679,0.5169338929000002,0.6,0.25
1.8048299621848038,0.8121057424,0.3976727396,2.0476327104000003
1.5395297765551665,0.04755806440000003,1.7625867396000003,0.5600071289000002
1.2180976257262799,0.8687255760999999,0.3275361201000001,0.28750012960000004
1.6696060003785325,0.1878374569,1.3722427396,1.227504
1.5809774503451968,1.3884892415999999,0.8110004568999996,0.3
1.8846869411390315,0.4282924224999999,1.7737440335999999,1.3500084099999996
1.772712992365092,0.24752570489999987,2.1949856483999994,0.7
1.8735762145426589,0.4882354944,1.2620516484,1.7600006888999995
1.7609331165322546,0.1603400335999999,1.7804894568999994,1.1600559504
1.3651545259786526,0.21027989290000013,0.9433200643999999,0.7100469224999997
1.7255758643710801,1.8022716484000003,0.18783745690000003,0.9875029584000004
1.6767791149999454,2.1740280336000004,0.04755806440000002,0.5900021025
