Rg,Rgx2,Rgy2,Rgz2
2.3960271642867492,1.3284960335999998,2.4840076484000004,1.9284424900000001
1.3377242678893135,0.7904495761000001,0.5115507843999999,0.4875058564
1.8868235417494659,1.0090268164,0.2102798929,2.3407963683999986
2.0841134849379004,0.8513115761000002,1.9921840336000005,1.5000334084000002
2.054665971125234,0.6616134400000001,2.55,1.0100388129000002
1.6515174420211252,1.95,0.3900088209,0.3875010404000002
1.612418836531005,0.8620516483999999,1.2103400336000003,0.5275028223999998
1.8193608185568908,0.0,2.25,1.0600737881
2.8197862447001194,0.18783745690000006,2.0,5.7633570089
1.7615348312764072,0.3401739761,1.1728119761000007,1.5900190095999998
1.8546991671157889,0.9475580643999997,1.8648080336000015,0.6275429024999999
1.8059102503723714,1.4737440336000012,1.1475580643999996,0.6400097343999999
1.9368267603995972,1.2621816128999999,1.0390820643999996,1.4500342224999994
1.6998479867917604,0.5475485808999999,0.9517960644000002,1.3901385329000004
1.809795009883716,0.7878374568999998,1.7,0.7875205209
2.152651999673891,2.364808033600001,0.42757378810000013,1.8415288100000002
2.0576564787155314,0.9407011903999999,2.3832480335999997,0.9100009603999993
1.75229312162663,2.102930739599999,0.24009564840000008,0.7275047961
2.2469542728992065,0.5475485808999999,1.4737440336000012,3.0275108900000007
1.9652501009540746,2.0148131904,0.7598587688999998,1.0875360000000003
1.6856980299270685,1.0284960336000002,0.7654051904000002,1.0476766240999997
1.8644275657155471,0.8208805761000001,1.7276718721000006,0.9275376996000004
1.7578319342872344,0.9,1.1424147396000002,1.0475583695999997
1.9963812151490505,1.2,1.2455378720999999,1.5400000840999994
1.8405658110754963,0.3300140196,0.3475000049,2.7101684804
1.8322028548444083,1.2669338928999996,1.55,0.5400334084
2.6043673813423482,0.9824278721,2.15,3.6503015849000007
2.097272315365842,1.3610482064,2.85,0.1875029583999996
1.8982754305948337,0.8326008164000005,1.0433200644000002,1.7275287296000001
1.9358854781468868,0.4900956484,2.5100560336000006,0.7475009025
2.03863763160597,1.8674860320999986,0.7477576025000002,1.5407997583999997
1.7820549546520723,0.9949856483999996,1.6207259761,0.5600082368999999
1.834306958881201,2.0,1.0146744569000001,0.35000756250000026
1.9787969879954843,1.3380167396,1.55,1.0276207801000001
2.1841086640778657,0.5903076516,1.1525070049,3.027515999999999
1.80616857740356,0.65,1.0222427395999998,1.5900021904000003
