Rg,Rgx2,Rgy2,Rgz2
1.8403313503008096,1.7109212416,0.22768961289999998,1.4482086244000012
2.176428280118598,2.35,1.6268154568999993,0.7600246015999998
1.4888893719480973,1.1217483920999998,0.3475000049,0.7475431649000001
2.5565406495692575,0.3900088209,1.8401091903999998,4.305782081600002
1.2951669392784855,1.0390820643999996,0.35084158009999994,0.2875337561000001
1.1092730340633004,0.5400092416,0.4404774225,0.25
1.757483351727691,0.9275007395999998,1.9737440335999996,0.18750295839999992
2.7711845170071228,0.2,1.5294276129,5.9500360144
1.3028856012712704,0.85,0.44751088999999994,0.4
1.693669691350707,0.8110004568999996,0.6100130321000001,1.4475035343999996
1.643423717243974,1.9803156484000013,0.5105234943999999,0.21000237160000004
1.6638988512827335,1.2285586129000001,1.05,0.4900007743999998
1.6026620779503085,1.2284960336000004,0.3,1.0400297025
1.3735117229568883,1.3488594569,0.09017397610000004,0.4475010201
1.7445372150229412,0.2102798929000001,1.272915872099999,1.560214329600001
1.5645765071737463,0.6284960336,1.6094012415999999,0.21000237160000004
1.463380631312305,1.0639828721,0.75,0.32750000000000007
1.8724072238965541,0.5303132415999999,0.7280531904,2.2475423801000005
1.0667825842222962,0.5105234944000003,0.4,0.22750158760000003
1.1024281603805302,0.16034003359999996,0.32750073960000015,0.7275070755999999
1.442223775493942,0.09017397610000004,0.1603400336,1.8294954089000002
1.3652058813233996,0.9168848164,0.5594012416,0.3875010404
1.3476717764351973,0.44047742250000016,0.4882354943999999,0.8875063001000004
1.9650812389313574,0.6603400336,2.0111808163999996,1.1900234256
1.6261950430068344,2.0268154569,0.09017397610000003,0.5275208849
1.0755164871353668,0.3488549760999999,0.16034003359999988,0.6475407043999999
1.8982499624917684,1.4829640336,0.21027989290000013,1.9101089935999997
2.0643582615670177,3.0,0.6139828720999999,0.6475921599999999
2.2514576988697788,0.7913608721000001,2.0284960336,2.2492048640999993
1.0869821659070582,0.7037417689,0.12778089759999997,0.3500075624999995
1.286748816941364,0.46027989290000015,0.3479405800999999,0.8475020448999997
1.2975122295762764,0.7913608721000001,0.7646744568999997,0.12750265690000004
1.5786577727297324,0.3488549760999998,1.4958046129000002,0.6475007743999998
1.3608069375558018,0.65,0.5542930563999999,0.6475024649000001
1.0006237101927977,0.5510736484,0.09017397610000003,0.3600001849000002
1.8979174933594978,0.6520616516,0.65,2.30002916
