Rg,Rgx2,Rgy2,Rgz2
1.3960879422514905,0.9738023524000008,0.7477576025,0.22750158760000025
2.143174480391179,1.4632496484000006,1.4415114569,1.6884357480999999
1.806309554893623,2.1510736483999997,0.6641377880999996,0.447542771599999
1.9015252506606375,0.4282924225000001,2.7,0.4875058563999999
1.4252399950885464,0.12778089759999997,0.8431494544,1.0603786915999998
1.8200183677369854,2.4374320336000004,0.2475257049,0.6275091204
2.712932430341751,2.9,3.25,1.2100023715999995
1.604270701502711,0.8404588164,0.8431494544,0.8900762129000002
1.947455716852119,0.9353907689000002,1.3092268721,1.5479661281
2.200604458006936,1.0222427396000002,1.8729158721000005,1.9475013689
1.6171127941179615,1.2649842064,0.3600130321000002,0.9900565504000003
2.72400535755714,0.45,0.9177123523999999,6.052492835600001
2.0292513680911983,1.0284960336000002,1.6291176483999998,1.4602474328999997
1.9649829733867925,0.3475000049,1.8247428164000006,1.6889152643999998
2.0751534800828586,0.21027989290000004,0.34794058009999995,3.7480414928999997
2.3629812674881707,0.8345476025000004,0.5903076516,4.1588252164
1.7285062055138825,1.85,0.22768961290000003,0.9100440896000002
1.7370380112709105,0.8609676024999997,0.42829242250000005,1.7280410276000004
1.793130474226569,2.0,0.1277808976,1.0875360000000005
1.3450130251785668,1.0415114569,0.3275361200999999,0.44001246090000007
2.183292439619576,2.1840076484,1.4949856483999997,1.0877725801000007
2.4283443648090772,1.0747428164,1.7921840336,3.0299295041000014
1.6430297139735484,0.8639828720999999,1.4855562064,0.35000756250000026
2.0750017947944044,2.5466520336,0.8313663524000001,0.9276140623999994
1.9951332399616821,1.1921840336,0.5,2.288372611599999
2.210833997296043,1.2,2.6,1.0877869636000006
1.4620338412294018,0.6623697424000001,0.6476247688999999,0.8275484416
1.5843253278604115,0.9625867395999999,1.1475000049000001,0.4
1.5886200093477356,0.5610004569000001,0.9625867395999996,1.0001263375999998
1.5012493680265113,0.45374176889999995,1.05,0.7500078960999997
2.215011126924648,1.6681396484,1.3904588164000011,1.8476758275999998
1.6218338215735915,1.4949856484000004,0.6478534399999999,0.48750585640000005
1.7908381195406802,2.4195600335999994,0.2475077284000001,0.5400334084
1.566725301576508,1.5706172416,0.5940108760999999,0.2900000529000001
2.296224382088998,1.9148131904000003,0.5303132416,2.827519980899999
1.7975006360499572,1.1483168164000004,1.4550498721000003,0.6276418481000001
