Rg,Rgx2,Rgy2,Rgz2
1.9606138639977022,1.4840076484,1.2324790049000007,1.1275200703999997
1.8043328440451334,0.24009564840000008,1.9678447395999996,1.0476766240999997
1.986715935457307,1.3224650049000009,1.1365402064,1.4880349969000015
1.785968870949323,0.6921840335999999,1.85,0.6475007743999998
2.108413998151217,0.41034003359999993,2.3949856484000005,1.6400839055999998
1.5155367504616968,0.6547334399999999,0.6520616516,0.9900565504
1.5899520087725918,0.7951854569,1.3452608928999996,0.38750104039999994
1.832703937164975,0.7284960335999999,0.5903076516,2.0400000361000004
1.944434497636781,1.3287932416000003,1.4120322064,1.0400000676000003
1.8476091539608694,1.7,1.1536524569000002,0.5600071288999999
1.6085014146714327,1.3476247689,0.5896520321000001,0.65
1.481562745819427,1.3,0.24752570490000006,0.6475024649
1.6984596421758156,0.0,1.2240280336,1.6607371224999998
1.8988225861306787,2.002930739599999,0.9625867396000001,0.6400097344000001
1.8838457686604815,0.16034003359999993,2.6284960336000003,0.7600388129000002
1.891114557344425,2.5011200336000003,0.22768961289999998,0.8475046225000004
1.7087662557822239,0.5115507843999999,1.7483168164000003,0.6600145161000002
1.8605938881174473,2.0740280335999994,0.46027989290000015,0.9275016900000003
1.6647648815973985,1.5537417689,0.3300140196000002,0.8876863225000001
1.8477588871386872,1.0583923921,1.2280531904,1.1277673224999998
2.4162780370851364,2.9,2.1783607396,0.7600388129000002
1.8562390257992096,0.44751088999999994,0.9479743683999994,2.0501380624999994
2.315914901566981,2.85,0.8646744568999998,1.6487873743999995
2.514490786183159,1.5341634569000004,2.6,2.1885004568999995
1.7430556528694086,1.2492313920999996,0.8415114569,0.94750016
2.091073016276572,0.6907011904000001,1.7341634568999997,1.9477217120999994
1.7532315035100188,1.7488594569,1.0774611904000007,0.2475000576000003
1.6242092112779067,1.5,0.9280531904000002,0.21000237159999996
2.867601319325962,0.6623697423999999,0.09017397610000003,7.470593608099999
1.8682539191448255,1.3291176484,1.3011200336000006,0.8601350244000001
1.7044896789948598,0.22768961290000006,1.85,0.8275954529
2.364388309309619,1.3303132416000003,3.55,0.7100188356
1.7926210109780594,0.6616134399999997,1.7415114569,0.8103651921000001
2.13866245017768,1.6804894568999997,2.003322816399999,0.8900648024999995
1.8830534413287374,2.371831648400001,0.7240280335999999,0.45003058090000003
1.6905882884664734,1.0613126129000001,1.0492313920999998,0.7475447560999996
