Rg,Rgx2,Rgy2,Rgz2
1.5192828667170575,0.18783745690000006,1.3303740321,0.7900089401000001
1.3361359482477821,0.45374176890000006,0.6915077689,0.6400097344000002
1.4928400483306978,0.24752570489999984,0.19007039209999999,1.7909753129000006
1.2531642645718877,0.3,0.16034003359999996,1.1100806404
2.1470373122048905,0.5303132415999999,0.8479743683999998,3.2314816100000003
1.3258525435733794,0.32750073960000015,0.7403278276000003,0.6900564000999999
2.6707641615837217,0.1603400336,0.4115888196000002,6.561052353599999
1.7578821258833028,0.45,1.1525070049,1.4876425636000001
1.7811607632103288,1.5424147396000003,0.9901091904000003,0.6400097343999999
1.7842519109419497,0.42829242249999994,0.1603400336,2.5949224255999987
1.628170729561246,1.5729158720999998,0.18783745690000003,0.8901865955999998
1.310600711925642,0.34017397609999983,0.45,0.9275002499999999
1.8510583167474761,0.047558064400000044,0.9513498276,2.4275089999999997
1.7902930510394104,1.855049872100001,1.0400703920999996,0.3100289444000001
1.6648682020208088,0.7513498276000002,1.5729158720999998,0.4475204304
2.21885768525158,0.5319528929000003,2.4424680335999995,1.948908500899999
1.9072560245808636,2.95,0.4476247689,0.24000077439999998
1.582783380314565,0.85,0.22768961289999998,1.4275136161000006
1.2318974523068063,0.7,0.19007039210000004,0.6275009408999999
1.6741804343021096,0.12778089759999994,0.6146744569000001,2.0604247721
1.348533950332731,0.9309409956000003,0.3876028196000001,0.5
1.6683058379385958,0.6478534399999998,0.2875242064,1.8478667225000003
1.0786598412845452,0.4284960336000001,0.44751088999999994,0.2875001295999998
1.3062575871932764,0.7586978276000003,0.3876028196000002,0.5600082368999999
1.6694816827386878,0.5896520321000001,1.35,0.8475170569000001
2.4125924758441903,2.75,1.2102798928999998,1.8603225615999992
2.177491743864945,0.16034003359999988,1.2536258929,3.3275043681
1.3866983369139807,0.047558064400000016,0.12778089760000003,1.7475933156
1.5869027036337169,0.16034003359999988,0.5303132416,1.8276069156
1.4045696659119473,0.5445670563999998,0.4882354943999999,0.9400133956
2.064808125565182,0.22768961290000006,1.1875242063999998,2.848218776100001
1.4000595402696274,0.7911526025000001,1.0415114569000001,0.12750265690000004
1.493334303295816,1.1285586128999998,0.6139828720999999,0.4875058564000003
2.23345426695959,0.6921840335999999,0.24752570489999992,4.0486082241
1.081665477169351,0.25,0.31000001959999984,0.6100001849000002
2.030838458272839,2.0463680336000003,0.25,1.8279368100000013
