Rg,Rgx2,Rgy2,Rgz2
2.011201521280252,0.3876028196000002,1.9573287395999999,1.7
1.9616025029041946,0.1878374569,2.95,0.7100469225000001
1.1607518013770215,0.4882354944,0.41158881960000027,0.4475204304
1.2982726953148171,0.21027989290000018,0.6476247688999999,0.8276073295999999
1.7509097919081955,0.4415077689000002,1.5365402064000002,1.0876371241
1.189872371181044,0.42829242249999994,0.32750073960000015,0.6600030976
1.5936557827523483,1.4294276129,0.21027989290000004,0.9000312481000001
1.5166593802498964,0.6603400336000002,0.8924147395999998,0.7475009024999999
1.366294685563843,0.41158881960000027,0.6276718720999999,0.8275004761000002
2.017960894616147,1.1604436129,2.1642211904,0.7475013689000002
1.4133468365549908,0.7,0.45,0.8475492804
1.4636120734675566,0.3275007395999999,1.2871567396000003,0.5275028224
1.5830099030328268,0.3475000049,1.1309093921,1.0275109560999998
1.6206664395550368,0.48860689290000003,0.21027989290000013,1.9276729224999998
2.0587431894483585,0.12778089760000003,0.85,3.2606426225000007
1.352933702921174,0.4958557881,0.5445670564,0.7900067599999996
1.3639964679573038,0.8404588164,0.3600130321000001,0.6600145161000002
2.0490779093289744,1.1212094544,2.35,0.7275108241000001
2.203777299048159,0.2275857475999999,0.6303740321000003,3.9986746040999996
1.642199609091416,0.5896520321,0.6667996516,1.4403678723999997
1.9323350660276288,0.6146744569000001,0.5303132415999999,2.5889311089
1.6338800653964782,0.5940108760999999,1.7280531903999996,0.34750000160000016
1.017382820623584,0.047558064400000044,0.34750000489999994,0.6400097343999998
1.2671033213199308,0.7646744568999999,0.2908686415999998,0.5500077284
1.3081499493177378,0.3475000049,0.7037417689,0.6600145160999997
1.4075519358091193,0.5436747843999997,0.75,0.6875276675999996
1.4641326250719229,0.42829242249999994,0.18783745690000006,1.5275544643999999
1.4323750928091425,0.9764403683999999,0.7477576024999999,0.32750043559999986
1.3158386163204057,0.19007039210000004,0.6413608720999997,0.9
1.7195520728957296,0.7792737689,0.85,1.3275855625000001
1.19019202459099,0.5475485808999999,0.4415077688999999,0.42750070559999986
1.7618014497950671,2.1961836484000004,0.7477576024999999,0.16000309760000003
2.4760315856022515,0.22768961289999995,1.4740280336000002,4.429014766400001
1.6995041960819042,0.42829242250000005,0.75,1.7100220899999994
1.9006170210223836,2.0081887396,0.6139828721,0.9901734489
1.4078990708498957,0.5542930564,0.5878374569000001,0.8400492803999997
