Rg,Rgx2,Rgy2,Rgz2
1.8095659063432865,1.1940666129,0.5903076516,1.4901545049
1.3597765569754465,0.9336183684,0.5278728760999998,0.38750104039999983
2.1651402228262264,1.0400703921,0.2,3.4477617924000015
2.2798260260160204,2.55,0.8,1.8476067088999997
1.5513064467731705,1.1475000049000001,0.5115507844,0.7475009024999998
1.512362430801559,0.6921840336,0.5475485809,1.0475075076000004
2.253304876065376,0.7913608721000001,0.7377657423999999,3.5482562500000006
1.799313109939457,0.25,1.5,1.4875276676000004
1.6742800761222716,0.65,1.1931976129000001,0.9600161603999997
1.3964527855248097,0.18783745690000003,1.0747428164000004,0.6875001088999999
1.9867073085887614,1.1365402063999996,1.8829640336,0.92750169
1.9130281614236633,0.9738023523999999,2.158359648400002,0.5275147455999991
1.810087978552424,1.3284960336,0.46027989290000015,1.4876425636000001
2.0804493940012097,0.5878374569000001,2.3,1.4404322241
2.07072620413709,2.75,0.9878374569000001,0.5500695556
2.1319572341864648,1.4852056483999998,2.45,0.6100359999999999
1.8151493137480452,0.8181396484000001,1.2291176484000004,1.2475097343999983
1.9417604417641225,2.2389251904000007,0.8840076483999996,0.6475007744000003
2.43233993787875,0.44047742250000005,0.42829242249999994,5.047507728400001
1.9431320888194914,0.16034003359999988,0.18783745690000003,3.4275848240999998
1.70044797800462,0.4537417689000002,0.2102798929000001,2.2275016641
1.9473832948343786,1.2536258928999993,1.05,1.4886758041000006
1.6919902323595133,0.9907963683999996,1.4120322064000004,0.4600023716
1.5233163510249603,0.7400956484000002,0.5328114944,1.0475855625
1.8888026592526814,0.9625867396000002,2.194985648400001,0.4100030975999999
2.003078230349479,0.3876028196000001,1.0326008164000002,2.5921187609
1.8618770443291899,0.3600130320999999,0.6921840336,2.4143890625000006
1.9733182920654235,2.0555880336000003,0.09017397610000004,1.7482230721
1.6402653614888048,1.45,0.0,1.2404704560999995
2.305402744099174,0.5,1.1218908164,3.6929909961000007
1.6402152987031915,0.09017397610000004,1.2,1.4001322499999997
1.9120542500148892,1.5475000049,0.7476758276000002,1.3607756225
1.4009525615451794,0.8275374544,0.6476247688999999,0.48750585639999977
2.090292713353802,1.1621816128999998,1.0583923921,2.1487496225
1.8215675734377794,0.44751088999999994,1.4303740321,1.4402235025000003
3.1244281161518184,2.0268154569000005,0.9240280335999993,6.8112075625
