Rg,Rgx2,Rgy2,Rgz2
1.8034945780899925,0.6,1.7625867396000001,0.8900059535999997
1.2343359353514747,0.18783745690000006,0.4882354944,0.8475122499999997
1.605571776688915,0.9407011903999999,0.5896520320999998,1.0475075075999998
2.0429958902797627,2.0558720336,0.5903076516,1.5276525225
1.684791186408571,0.5610004569000001,1.75,0.5275208848999999
2.0543467193246614,0.41034003359999993,3.05,0.7600004096000001
1.7174730773144598,0.5475485808999999,1.7521651904,0.65
2.6904180511214233,0.6340934399999998,1.5025334568999997,5.101722392899999
1.7280413828667416,1.2510736484,0.24752570489999998,1.4875276676000004
1.9277371642420553,1.0648080336,0.4882354944000002,2.1631270464000005
2.098194637992386,2.1648080336000004,0.4900956484,1.7475170568999991
1.3899811545844785,1.1120322064,0.36001303209999996,0.4600023716
2.0430994253584434,0.3900088209,2.836718456900001,0.9475279840999999
1.718772850059018,0.2475257049,2.2466520335999998,0.46000237160000007
2.2454811823081484,0.7904495761000001,0.8404588164000002,3.4112773476
1.7014670631546176,1.3573287396,0.24752570489999992,1.2901357224999994
2.100970564762867,1.45,2.1240280335999997,0.8400492803999997
1.8811616044880355,0.9177123523999999,0.46027989290000015,2.1607767369
1.7651870851838907,0.5278728761,1.5,1.0880125696000005
3.0460844754044496,0.7280531904000002,2.8,5.750577440900001
1.812307892660626,1.5525070048999996,1.2319528928999997,0.5
1.8976064395969992,0.9309409956000001,1.1424147396,1.5275544644
2.5104971424998674,2.2,2.5,1.6025959025000005
2.2587125997124997,2.3181396484,0.5278728761,2.2557700835999985
1.526114823628943,1.3489300320999997,0.24009564839999986,0.7400007744
1.9968759089137211,0.0,1.4,2.5875133956000003
1.5507642158948598,0.5896520320999998,1.5877160335999998,0.22750158760000003
1.9532147918751794,2.65,0.7050456516,0.4600023716000002
1.5330237271484095,0.9601483524000006,0.45,0.9400133956000003
1.9627575273578752,1.2424147396000003,2.15,0.4600023716000002
2.032651841339288,1.3314929760999998,0.9517960643999995,1.8483844675999985
1.5675865766521475,0.42829242250000005,0.48823549439999986,1.5407997583999995
1.710280371576544,0.9475580644000001,0.7295875761000001,1.2479133089000007
1.9015517295619384,2.468348456899999,0.2875242064,0.8600263168999998
1.7037242204652723,0.7477576025000003,1.5073264568999996,0.6475921599999999
1.6674972203275182,0.7400956483999996,1.6904437688999998,0.3500075625000001
