Rg,Rgx2,Rgy2,Rgz2
2.072183515690635,1.3693876721,1.3770530481,1.5475038025
3.2788653356916018,1.3281718464000003,0.3400712336,9.0827148096
2.718656709075274,3.7100265263999987,2.8691537129,0.8119140625
2.9049802400877014,2.7776864568999997,3.17149401,2.489729728400001
2.2591568598926455,3.7537039215999988,0.31000004839999995,1.0400857475999994
2.61392113417754,1.6884694863999994,2.8007059849,2.3434082243999996
1.9848620235673815,2.2916344641000004,1.0080383363999998,0.6400044521000001
2.4494414273054175,2.215364,3.4368993049,0.34750000090000005
2.730307394342256,1.5481324495999995,1.6698753604,4.2365706576
2.840774008505429,2.7732653729000014,1.6336889689,3.6630426256
1.7763430880885598,0.2475096721,1.4603446448999997,1.4475404496000006
2.0648541931332582,3.475581894399999,0.3480317636,0.4400091809
2.2026976884947236,1.5479981823999995,3.1138784888999997,0.19000043560000016
2.1570263870662316,1.4180858025,3.0071758656,0.2275011664
2.0234196153294555,0.9876313316,2.5965869056000015,0.5100087024999999
2.6848581671850003,2.6977845969,3.583159508899999,0.9275192721000002
2.404508393123218,3.358992700099999,0.6123634100000005,1.8103045025
2.495223581845923,1.6800008784,1.8437887224999998,2.702351122499998
2.209777405011645,1.0376406289,1.7477757123999997,2.0976998384
2.431808100262025,3.3653112244,0.8874338495999998,1.6609455624999996
3.368873012358881,1.9454886243999994,1.6525143161,7.7513024329
1.8689743302678077,0.6275556516,0.9285995855999996,1.9369098100000002
2.6372791848228734,0.4275297025000001,2.1935058241,4.3342059721
1.9375366613563727,1.7530660480999998,1.6109821876,0.39000007839999995
1.9641964938875134,1.9303686736000003,0.2400361201,1.6876630729
1.5894630351788621,1.0724580441,0.9264326225000001,0.5275020736000001
2.0564023144560015,0.8401304163999999,0.25,3.1386600625
2.5190628957808894,3.6754637903999994,0.7821069529000002,1.8881071296000003
2.301651325679022,3.4369725569,1.1106205080999998,0.7500057600000003
2.2241433228324112,1.1165249025000004,1.7026106623999997,2.1276779555999994
2.7018373620556804,2.924427209999999,3.7354907920999993,0.6400071289
1.6540889545003317,0.8283258289,0.24750967210000002,1.6601747684
1.761403589697716,1.0724580441000002,1.2400361201,0.7900484416
2.352378053927557,2.2853900761000006,0.8876803648999999,2.3606120676
2.297811720071947,2.2413539264,1.4276648655999995,1.6109199089000001
2.0708523475612646,1.6225777801000003,1.8158283363999999,0.8500233288999999
