Rg,Rgx2,Rgy2,Rgz2
2.099065062593344,1.4,1.458568892899999,1.5475052440999995
2.7259642043321115,1.3303132416000003,0.3401739761,5.7603936256
1.8082869748189856,2.1150920335999994,1.0648080335999999,0.09000171609999977
2.746214215697676,2.75,2.3011200336000006,2.490572484900001
1.8932193969268327,2.2341634568999997,0.3100000196,1.0401162084000004
2.418796239868088,1.6558720336000003,1.85,2.3447032164
1.8383055506090387,2.1783607396000004,0.5610004569000001,0.6400061009000002
1.6688821644741723,1.2772240643999992,1.1604436128999995,0.3475000016
2.75196298125538,1.6109227688999996,1.7220224569,4.240355024399998
2.6894757759273458,1.9011200335999991,1.6678447396000007,3.6643151760999992
1.4617075040513403,0.24752570489999998,0.44150776890000004,1.4475553535999994
1.5749275153479287,1.6915292416000003,0.3488549760999999,0.44001246090000007
1.9209374255555542,1.55,1.95,0.19000059290000004
1.5227811594907525,0.45,1.6413608721000004,0.22750158760000003
1.6972958858431257,0.9878374568999998,1.3829640336000009,0.5100118336000004
2.040922310255831,1.05,2.1878374568999996,0.9275264195999995
1.9829286265773662,2.0740280335999994,0.04755806440000002,1.8104198401000005
1.881276568423686,1.7632496484000004,0.4882354943999999,1.2877163840999999
1.6559923484726613,0.2102798929000001,1.7718908164000002,0.7601399488999997
1.826664278568999,1.5476247689,0.1277808976,1.6612967201000015
2.7691611277966475,0.6146744569000001,1.7120516484000003,5.3415272464
1.4512454057463886,0.6276718720999998,0.9309409956000003,0.5475003600000005
2.6461933073946056,0.42757378809999996,2.2377160336000004,4.337049198400001
1.292733503046935,0.5896520320999998,0.6915077688999999,0.3900001089000001
1.9295093690884217,1.7951854568999994,0.2400956484,1.6877253000999999
1.2837927074103512,0.5903076516,0.5303132415999999,0.5275028223999998
1.6486281862506174,0.8404588164,0.25,1.6275160801
2.1629872437210533,2.7,0.09017397610000003,1.8883398403999998
2.0154450028219575,2.1999784569,1.1120322064,0.7500078960999997
1.846682680050907,0.6921840336,0.5903076516,2.1277452356000004
2.2349083881224305,1.6048057689000004,2.75,0.6400097344000002
1.5284170528687513,0.42829242250000005,0.2475257049,1.6602405600999997
1.618786346124775,0.5903076516,1.2400956483999999,0.7900659344
1.9776390820622451,0.6623697424000002,0.8878374568999995,2.3608491396
1.822152514061323,1.3011200336000002,1.4291176484000006,0.5900021024999998
1.6974282641101506,0.5436747843999996,1.4875560048999996,0.8500319224999998
