Rg,Rgx2,Rgy2,Rgz2
1.8031032018439765,1.2936120100000004,0.14751497689999993,1.8100541696
1.1087774120173985,0.4601442401000001,0.42922889640000006,0.3400142128999998
1.8107678853458828,2.4838474225000002,0.047531809599999995,0.7475011024999998
1.2645079940435329,0.34882132250000036,0.5901473795999999,0.6600117648999996
1.7602060492453717,0.4101787568999999,1.3606399225000003,1.3275066564000002
2.0429847994784494,0.9201727396000002,1.8260858489,1.4275283024000005
1.321675939479871,0.6610949481000002,0.9857323408999991,0.1
1.7120864798543325,0.4911778624,0.8,1.6400622521
2.7001146456030347,3.682452454400001,0.6540683320999999,2.9540983129
2.3667097337442966,1.4497676644,3.7240417769000005,0.4275055224999999
2.1852771961012176,1.8438579529,1.4411416608999996,1.4904368099999996
1.3740303227003396,0.7277859480999999,0.9201727395999999,0.24000063999999996
1.00397264873103,0.3116160399999999,0.3488213225000002,0.34752371690000006
1.5797117368051679,1.2154405376,0.2400485809,1.0400000529
1.0931588798065903,0.2400485809,0.6649477155999993,0.29000004000000007
1.4907209071452645,0.36000795240000016,1.4347403081000003,0.42750056249999985
2.412839041254099,3.5097901764,1.7019120024999999,0.6100900600999999
1.692316153973601,0.34009389609999996,1.7362201664,0.7876199025000002
1.9081141644566237,0.8032756484,1.8875691081,0.9500549080999996
1.7148920391383242,0.19003636089999995,2.0033176225,0.7475007225000003
1.9424497186285152,0.6122149840999996,0.6601787568999999,2.5007171683999982
1.3181038872562356,0.04753180959999999,1.1622476735999991,0.5276183744
1.7507979129813924,0.2,0.6540683320999999,2.2112249999999998
2.091262263371096,2.3964430048999996,1.6294348484000003,0.34750000090000005
2.4384608557243648,3.4666652100000013,1.7894228225000002,0.6900033123999998
2.289188781795857,2.1091759240999997,2.2910796225000003,0.8401297321000001
2.0804165017611256,1.4254493584,2.652683462399999,0.25
2.4771065896727174,3.5083776721,0.12764957289999992,2.5000298116
1.9586098391716507,1.7480712100000002,0.0,2.088081292099999
1.4275399092494754,1.5101855044,0.5276846881,0.0
1.9466114040044051,0.1917816841000002,3.010002371600001,0.5875119025
1.9760546692083192,1.8572888516,1.0,1.0475032040999994
1.2002015441583134,0.22754316489999984,0.9654405375999999,0.24750004410000015
2.9687979793007138,3.2758573928999994,3.8897934648999994,1.6481105841000006
2.588835696775676,0.9654405375999999,1.5711344704,4.1654952569
2.631980124583011,2.6506285049,0.8291224783999999,3.447568392900002
