Rg,Rgx2,Rgy2,Rgz2
1.396129403816136,0.4415077689000002,0.14752840890000005,1.3601411343999992
1.0297388051831395,0.46027989290000015,0.2600646415999998,0.34001747239999985
1.7185514486625069,2.158359648400001,0.0475580644,0.7475013689000002
1.200163555437341,0.19007039210000007,0.5903076516,0.6600145160999998
1.5052312792723914,0.41034003359999993,0.5278728760999999,1.3275082944
1.5556024929910595,0.22768961290000025,0.7646744568999996,1.4275350463999996
1.1428230513950965,0.6623697423999999,0.5436747843999996,0.1
1.712383661128545,0.49218088999999987,0.8,1.6400769128999997
2.172559126214981,1.6039411904,0.16034003359999988,2.9557319329
1.9197623216690134,1.4550498720999996,1.8029307396000007,0.4275067600000001
1.9896426534430751,1.8681396484000001,0.6,1.4905382400000007
1.0935006070871658,0.7280531904000002,0.2276896129000002,0.24000077439999995
0.9222883272057606,0.31301620639999994,0.19007039210000012,0.34752915999999995
1.582442336895724,1.2240280336,0.2400956484,1.0400000676000003
1.0951651626124708,0.24009564840000003,0.6692910320999994,0.29000005289999997
1.147966453908824,0.36001303210000013,0.5303132415999999,0.4275007056000001
1.967394965582661,2.5683484569,0.6921840336,0.6101104600999999
1.5257201059499739,0.3401739760999999,1.2,0.7876478655999998
1.7717445825795544,0.3475000049,1.8415114568999997,0.9500674040999995
1.7652002816111265,0.19007039210000004,2.1783607396000004,0.7475009024999998
1.5169879773089836,0.23090939210000014,0.6603400336,1.410003097600001
1.0013878056976728,0.04755806440000001,0.42757378810000013,0.5276456849
1.6037027760779117,0.2,0.1603400335999999,2.2115225604
2.004294391650089,1.9404588164000003,1.7292371903999997,0.34750000160000016
1.9264469913288556,1.6533491903999997,1.3678447396000002,0.6900040803999997
1.7871144292685905,1.1424147396,1.8413608720999999,0.21000237160000057
2.112181955443233,1.3613126129000002,2.85,0.25
2.2973502893551085,2.65,0.12778089759999992,2.5000374544
1.3068436924513964,0.7476758276000003,0.0,0.9601646088999998
1.4276388790587065,1.5102798928999999,0.5278728761,0.0
1.5116457036289952,0.04755806440000006,1.65,0.5875146688999997
1.8274036209059017,2.0419000336,0.25,1.0475039601000002
0.845684015220815,0.22758574759999983,0.24009564839999992,0.24750005760000002
2.3873367658753133,2.3011200336000006,1.75,1.6482568000999998
2.2407619415948674,0.2400956484,0.6139828720999999,4.1669355584
2.078029505180328,1.5466520336,0.8313663523999999,1.9401882384000004
