Rg,Rgx2,Rgy2,Rgz2
2.087997245520214,2.008188739600001,1.6915292416,0.6600145161000003
1.4759452987831225,0.42829242249999994,1.05,0.7001221025000011
3.2385786743261304,0.24752570489999992,1.55,8.690866124899998
1.4439026088001916,1.1073264568999996,0.2875242063999999,0.6900040803999998
2.217998078019907,1.9318332416000001,0.24750772839999996,2.7401745041000014
1.7651441545664197,2.0555880336000008,0.7126337424000002,0.34751211039999996
2.3178656023376334,1.0222427396,0.4900956484,3.8601625625
1.5850101455195797,1.1276718720999992,0.5445670563999999,0.8400182328999998
2.2277910366324756,0.9404588163999994,1.6619908929000005,2.3606031936000003
1.856644885243271,0.7646744568999994,1.0949356129,1.5875201600999993
1.8263624466408632,0.8,0.24752570489999984,2.2880740816
2.1453801578508176,1.0090268164,1.6536258929000003,1.9400033123999996
1.8960304742276692,1.9573287396,0.3876028196000001,1.25
2.2970795506686312,1.9100560335999994,2.3388976484000006,1.0276207801000001
1.830036384911513,0.3876028196000001,2.3514040335999997,0.6100263168999999
1.8684780138390709,1.3537417689000002,1.5774611903999993,0.5600071289
1.8085266253223922,1.9832480336000002,0.5,0.7875205209000001
1.4740164002140546,0.9051523684000001,1.0400703921,0.22750158760000003
1.4820289533608986,0.6413608721000003,0.8275374544,0.7275114921000004
2.5359847621979124,0.1,1.0580296516,5.273189062500001
1.7995925599146048,0.5105234943999999,2.2804894569000003,0.4475204304
2.5835127026782736,1.1365402064000003,1.5896520320999996,3.9483456463999986
1.8044101681435958,0.42829242249999994,1.7,1.1276036324
1.9338742879773754,1.5852056484000003,1.5071616484000008,0.6475024649
2.0811656887427294,0.6907011904000002,2.55,1.0905494335999997
2.336295522424336,2.4832480336,1.2475000048999998,1.7275287296000001
1.8169007292089463,0.8892089956000003,0.8639828721,1.5479363921000002
1.658716968292059,0.5610004569000001,0.5903076516,1.6000338723999998
2.104612666264271,0.8345476024999998,1.3802418929,2.214604979600002
2.0041750417815307,2.2388976483999996,0.5303132415999999,1.2475067081
1.6021240189510924,0.22758574759999992,0.8889303523999998,1.4502852721000006
1.6036234311396176,0.6340934399999998,1.35,0.5875146688999996
1.5265867093945236,0.4900956484,0.7,1.1403713328999998
2.206665196625895,1.0090268164,1.6,2.2603444735999996
1.6315632875864787,1.5102798928999985,0.4617147881000003,0.6900040803999998
1.769469192300335,0.6139828720999998,1.8895171904,0.6275211599999999
