Rg,Rgx2,Rgy2,Rgz2
1.005156756978731,0.3100000195999999,0.16034003359999996,0.5400000528999997
1.1981126503380222,0.6476247688999999,0.1603400336,0.6275091204
1.2080529814954308,0.5115507844000001,0.1603400335999999,0.7875011880999998
2.0905422948125207,2.1268691904,1.8159971903999996,0.42750070560000025
2.299872137750271,0.7280531904,2.35,2.2113586596
1.3246148537593863,0.5445670564,0.35,0.8600374544000002
1.7296047825153584,1.9561748164000003,0.5878374569000001,0.4475204304
1.6500802773501657,0.5445670563999998,1.6681396483999997,0.5100582169000001
2.598746116149094,0.3401739761,0.7,5.713307400100001
1.197686441185672,0.44665203360000005,0.46027989290000015,0.5275208849
1.5447111697013134,0.24752570489999987,1.2886068928999996,0.85
1.82126085654966,0.9336183684000003,1.9558720336,0.4275007056000003
1.1471938725429107,0.6285536516,0.4,0.28750012959999993
1.779923807610876,1.161048206399999,1.2195600335999999,0.7875205208999998
1.462260329353156,0.9407011903999999,0.85,0.3475040803999999
1.4837066940942203,0.33001401960000026,0.2102798929000001,1.6610916416
1.151248401084666,0.5278728760999999,0.3475000049,0.45
1.4892346826474328,0.7654051904000002,1.1424147395999997,0.3100000100000001
1.1468816228800598,0.18783745690000003,0.8,0.3274999999999997
1.1146862930887775,0.5028408899999999,0.6921840336,0.047500608400000165
1.8882068335063298,1.0415114569000004,1.9737440335999998,0.5500695556000001
2.0446419889310694,0.3876028196000002,1.9654051904000003,1.8275528528999996
1.4745333914157386,1.5466520335999998,0.2400956484,0.38750104039999994
1.214285954666363,0.42829242249999994,0.7586978276,0.28750012960000004
1.2091441433509902,0.18783745690000003,0.44665203359999983,0.8275400689
1.9450556046036318,0.8345476025,0.4,2.5486937024999996
1.2340858650839495,0.5478090563999999,0.0475580644,0.9276008015999999
1.3333655436151033,0.3900088209,0.7476758276000002,0.6401790244000001
1.676215520033149,1.8718908164,0.5903076516,0.3475000016000001
0.8930822356311876,0.3100000196,0.24009564839999994,0.24750021159999996
1.2888378736287975,0.12778089760000008,0.9433200644000003,0.5900021025
2.1853343981413915,0.8247428164,0.6623697424000002,3.288573872899999
1.6048069588894482,1.3,0.9154051903999996,0.3600001849
1.7476092969825952,0.9640328163999999,0.19007039210000004,1.9000350464000004
1.4609529347655248,0.16034003359999996,0.8640328163999996,1.1100106276000001
1.7735388154759963,0.6478534400000002,0.95,1.54758649
