Rg,Rgx2,Rgy2,Rgz2
1.7594975483358875,1.4442282816,0.8673427761000001,0.7842605648999987
1.882048470443841,0.4601442401,1.0719620024999998,2.010000202500001
1.812633143109769,1.1022434225000002,0.9558482921000004,1.2275471969000002
1.6354749030174691,0.9645877184000003,0.5,1.2101904399999999
1.1356929942110237,0.35044058009999995,0.2893326960999999,0.6500253009000005
1.592476677819804,0.5885323369000004,1.0199341088999998,0.9275155236
1.8346336012675666,0.4279088484000001,1.7666902249000003,1.1712813776000002
2.223960177408759,0.36000404010000014,0.2431422025,4.342852628099999
2.2409760781855748,1.0719620025000003,2.3100033124,1.6400084681
1.484195367867721,0.5,1.3628344976000002,0.34000139240000016
2.1291083667582544,0.7284284209000002,2.594599539600001,1.2100744769000005
2.088860486940188,1.3422857961,1.5732506209000001,1.4478017169000001
1.307665835945866,0.5315551424,0.7509292736000006,0.4275055224999999
1.5477712751243315,0.9932819903999999,0.8622867855999996,0.5400271441
1.3048392021241546,0.42753931290000013,0.2475130321,1.0275529984000005
1.3201132392715407,0.34820862440000006,0.9944903401000003,0.4
2.0869376372809993,1.2400485809000001,2.2877454521,0.8275146688999998
1.2757352377746727,0.3,0.5,0.8275003969000003
1.324048949737131,0.4519070688999999,0.9611971599999996,0.34000139240000016
1.5492329830274074,0.5400042435999998,0.0,1.8601185920999996
1.9811876814426241,1.4152717088999995,1.7276212201,0.7822117001000016
1.9529648151720502,0.0,1.9508430569000008,1.8632285123999999
1.6816463830722557,0.6275779688999996,1.8503504384,0.35000615040000005
2.420828896493926,0.9288485441000001,2.9414872643999996,1.9900767375999986
1.750531324998213,1.4542759041,0.4600241081,1.1500599075999998
1.2758844476283893,0.7,0.4878709476,0.4400101761000001
1.1743738140813598,0.5485956100000001,0.09054009760000001,0.7400181476000002
1.42563298004781,0.5475238144000001,0.8948307568999994,0.5900748225
1.4083330329506583,1.2418972676000002,0.3,0.4415046640999999
1.1501586967023292,0.6606885375999997,0.0,0.6621764900000006
1.4085698814400371,0.22759702249999997,1.1289668900000005,0.6275051984
1.5435999180487152,0.22754316489999998,0.8934444100000002,1.2617131321000001
1.7752550785732173,1.8259238404000002,1.0656063936,0.26000036
1.369469608023486,0.6475579121,0.4878709476,0.7400181476000003
1.654895934462346,0.38755610010000013,0.7287879089,1.6223365449000007
1.9992308805888328,1.3559879369000003,2.293436176099999,0.34750000090000005
