Rg,Rgx2,Rgy2,Rgz2
1.4966708454433126,0.25,0.5,1.4900236196000007
1.2291948295937465,0.3900088209,1.0309093920999999,0.09000171609999996
1.6100677547544389,0.8313663524000001,1.3109212415999998,0.4500305808999999
1.3006088393133424,0.7730296483999995,0.6285536516,0.29000005289999986
1.6693481449955248,1.7404588163999997,0.8587614544,0.18750295840000003
1.5420588963136264,1.1027571903999998,0.6476247688999999,0.6275636803999994
2.1188825248465286,1.7318488721,0.5303132415999999,2.2275010404000004
1.3812765396183344,0.12778089759999994,1.0326008164000005,0.7475431649000001
1.2389630608294986,0.7600185761000001,0.44751088999999994,0.3274999999999997
1.4990199375592042,1.2195600336,0.32750073960000015,0.7
1.2517540599095338,0.4882354944000002,0.7911526025000004,0.2875001296
0.9875168949440815,0.3475000049,0.22768961289999998,0.4
1.6377610161742158,1.7818987396000001,0.16034003360000001,0.7400223728999996
1.8697422315121401,0.3488549760999998,0.09017397610000004,3.056907060099998
1.391479462334964,0.5278728761,1.0483168164000003,0.3600254016000003
1.6534973592358713,0.9,0.5940108760999998,1.2400426409
1.8013531620701144,0.85,1.4669338929000002,0.9279393215999997
1.3030118297621094,0.18783745690000006,1.05,0.46000237160000007
0.978785458514786,0.3401739760999999,0.3303132415999999,0.2875337561000001
2.1562513032807655,2.8000876623999997,0.9390820643999997,0.9102499561
1.5345748986608636,0.7476758276000001,0.5597367843999993,1.0475075076000007
1.299100453852588,0.4882354944,0.8119254544000001,0.3875010404000002
1.1612385095664024,0.16034003359999988,0.1603400336,1.0277948089
1.9295139873035385,1.4921840335999996,1.5832480335999999,0.6475921599999999
2.0273403229107836,0.6,2.75,0.7601087849
1.9024112572469707,1.7110004568999997,0.8479743684000004,1.0601937663999998
1.630886895495822,1.2319528928999994,1.0878374569000002,0.3400017161000001
1.6573193446044128,1.25,0.8366538276,0.6600535823999998
1.6683476040981389,0.9366048721,1.3192760336000007,0.5275028223999998
2.358858386720153,1.9678447396000014,0.6687388721000002,2.9276292769000007
1.9063588591081166,1.2752763524,0.21027989290000018,2.1486478544
1.844249878758299,0.5303132415999999,0.5400092416,2.330935132100001
1.5396801772446118,1.4921840335999996,0.2309093921,0.6475216224999998
1.4620955867863086,0.3100000196,0.22768961290000025,1.6000338723999998
1.666645775262398,1.4878374569,0.6623697423999999,0.6275009408999999
1.7581347356218178,0.6139828720999996,0.5291176484,1.9479372280999996
