Rg,Rgx2,Rgy2,Rgz2
1.6055108159087559,0.9932035599999999,0.9569458963999995,0.6275155235999998
1.9801639040746097,1.0353180964,1.7606939025,1.1250370881000005
2.6695255739737727,4.238578457600001,2.0477869636,0.8400013689
1.7411907560632178,1.1085031225,1.4632403841000001,0.46000174240000014
2.7437404067076026,2.2803075536000015,2.9373889289,2.3104149369
2.0429794069691454,0.7850011880999996,2.6487630916000002,0.7400005776000003
1.781917661229048,2.0377232321000003,0.4475043264,0.6900029928999997
2.3060773531692296,3.3618468195999993,1.4661453615999993,0.4900005775999999
2.7263837177110637,2.8645542641,4.146724089600001,0.42188982249999996
2.5542847190749898,2.7238830961,3.4129865556,0.3875007744000001
1.9266305728914406,0.3275000900000001,1.3967864644,1.98761881
2.045972546296748,2.149173712099999,1.1893265625000002,0.8475033855999998
2.1960737489893187,2.1095174129,2.1857072100000012,0.5275152881
2.3962692339760157,0.7496538881,2.7645697599999997,2.2278825936000013
1.7627731088543412,1.4638681204000001,1.1960008399999997,0.44750007289999977
1.7523587676043966,0.5475174723999999,1.6956280004000004,0.8276157775999998
1.8296834789110383,1.5894808225,0.8482601049000003,0.9100007055999999
1.5284182767815884,0.6,0.7885419983999998,0.9475204304
2.6467109825215136,2.6712493024999984,0.44844556250000006,3.8853841599999988
1.8131423872933972,0.49003612009999997,0.6492994563999998,2.1481497401
2.3360972690793504,1.7913126129000005,0.9275035721,2.7385342656
1.7539826800456157,0.46573603690000026,1.2628227969000005,1.3478964081
2.232877566392748,0.48777489640000005,3.2378845201000006,1.26008281
2.2593469700999886,3.1166752804,0.22757224999999998,1.7604012008999992
2.012026941917031,0.22757224999999998,1.4106675624999998,2.4100126024999997
2.2355360390295655,1.2662893025000002,1.1412002889,2.5901317903999996
2.6944002192881444,2.7763920361,0.64762544,3.8357750656000014
1.7239347041289006,1.05,0.25,1.6719508640999998
1.9633770721641828,2.633896492099999,0.7109443328999998,0.5100087024999999
2.0922502609630618,0.5475174724,2.1392483921,1.69074529
2.04921541651921,0.7611718025,2.8506012624,0.5875107584000001
1.6066999126470383,0.9414845609000002,0.6,1.0400000484
1.6932960059009177,0.6905731236000002,1.7491777216000002,0.4275005184000002
1.8899094617996917,1.3603583449000003,0.6113749263999999,1.6000245025000002
2.0953219396073717,1.7514200120999992,0.5883350041000003,2.0506190143999996
2.5780283807786137,4.1377704576,1.3481416089,1.1603182655999995
