Rg,Rgx2,Rgy2,Rgz2
2.235320594925927,1.7866048720999999,2.0,1.2100532899999998
2.0093538658981895,2.85,1.0,0.18750295839999992
1.6319671531314595,0.42829242250000005,1.2875242064000005,0.94750016
2.089181767199781,1.9284960335999997,2.1961836484,0.24000077439999998
1.5960724044040109,0.6907011904000002,0.44665203359999983,1.4100938961
2.07606379422695,0.5445670563999999,0.9177123523999999,2.8477614689
1.831577614899243,1.35,1.4146744568999996,0.5900021025
1.3812487669134765,0.16034003359999996,0.4,1.3475081224999994
1.8197555619642984,1.4340076483999993,1.75,0.12750265690000004
2.3850941875112603,1.3489300321000004,1.692184033599999,2.6475602176
2.3831647137577376,1.5319528929000001,2.5,1.6475211600000006
2.5401131260831673,1.5074440049,0.3,4.644730688400001
1.7932476354368907,0.4882354943999999,2.5,0.22750158759999994
1.7319440589407038,1.7720927689,0.8275374544000001,0.4
2.40853534698995,0.46027989290000015,0.8889303523999998,4.4518322724
1.754999935270654,0.6284960336000003,2.0240280335999996,0.4275007056000001
1.8208114415831205,1.7537417689000019,0.6340934399999998,0.9275190968999999
2.095192077686435,0.04755806440000003,1.8022716484000008,2.5400001296
1.6782121906660075,0.5896520321000003,1.3365402063999996,0.8902039183999998
2.186429999794185,2.75,1.6829640335999998,0.34751211040000013
2.2271820836204657,2.1103400336,2.25,0.6
2.1054349638257652,1.4303132416000002,1.2747428164000003,1.7278003289000012
2.630312330522746,0.6284960336,2.55,3.7400469225000004
1.8272010665769653,0.3876028196000002,0.8609676025,2.0900933155999994
1.6753771100859651,0.3475000049000001,0.41034003359999993,2.0490484225
1.5588233498379476,1.2510736484,0.7513498276000001,0.4275067600000001
1.4834941094591514,0.6,0.9407011904000002,0.6600535824000004
1.6929238070864265,0.2475257049,0.5278728761000001,2.0905924356
1.4497019259489172,0.46027989290000015,0.7513498276000002,0.8900059535999999
2.3437650501916782,0.25,1.0146744569,4.228560153600001
2.4431890503397398,0.7372377424000003,2.3415114568999993,2.8904235363999993
2.030305188044398,2.1840076483999997,0.0901739761,1.8479575321
2.0580371598200067,1.8380167395999998,2.15,0.24750021160000002
1.9079563872636083,0.2400956484,1.7401091903999997,1.6600927369
1.6540523088765966,0.22768961290000003,0.44751088999999994,2.0606885376
1.8396260888832818,0.44150776890000004,1.2125867396,1.7301296384
