Rg,Rgx2,Rgy2,Rgz2
2.5005095894437197,2.5797647844000005,2.462744609599999,1.2100388129000001
2.411322518328894,2.5729371856,2.2140389929,1.0275001089
2.1746129378811303,1.0144127123999995,2.7670286016000007,0.9475001156000007
2.4384391000186985,2.8872671044000002,2.8187175625000007,0.24000057760000004
2.19015535978615,1.8334532724000003,1.553259,1.4100682276
2.1206406091320615,0.7369252681000001,0.9125050024999999,2.8476863225000004
2.153880209900263,1.4899513536000002,2.0263857025,1.1228629025
1.971723290601397,0.9876719329000002,1.5525148969000007,1.3475059049000002
2.9132392920252883,4.000068227600002,3.5549583225000005,0.9319366225
2.9477019395793738,3.2629996276000006,2.7784039321000007,2.6475431649000005
2.5877069888416653,2.0468754355999996,3.0018367363999996,1.6475152880999997
2.650578582743775,2.0822582729,0.3,4.6433085504
1.793119087735112,0.48777489640000005,2.5,0.2275011664
2.12365031368161,3.2823731823999998,0.8275174724,0.4
2.408037589905938,0.46010774439999985,0.8879990756000001,4.450538214399999
2.13248380413545,0.6278381920999998,3.4921484643999996,0.42750051840000014
2.148713109863669,2.0029111224999996,1.6865429184000007,0.9275139876
2.217695254695739,0.6880480625,1.6901240960999995,2.5400000841
1.7813405699640934,0.5882518564000002,1.6947727969000013,0.8901495729000002
2.7088398750203018,3.067443088400002,3.9228614400000006,0.3475089401000001
2.4071081114274864,2.952272857600001,2.2418966025,0.6
2.482819342984906,1.4280555449000003,3.0086176009,1.7277187441000006
2.7527495990917883,1.2059548836,2.6316417156000007,3.7400337561000008
1.8248078963277203,0.3875427716,0.8523121969,2.0900688900000004
2.6636185023572727,1.4287642024999994,1.4894024099999994,4.176696913600001
1.5576610651550615,1.2483590761,0.7504439449000003,0.4275049729000001
1.8742791442578661,0.6,0.9402277080999998,1.9726946024999994
1.6928014075195,0.2475096721,0.5276359556000001,2.0904309776
1.676535194411379,0.46010774439999985,1.460658145600001,0.8900043680999998
2.814480559765869,0.25,1.0114493249,6.659851496399999
2.8311572771748303,2.2917339024,2.8334134721,2.8903041536000003
2.3101752670089777,2.6853974225,0.8036785489000001,1.8478337929000002
2.5234453165860358,2.7299893695999993,3.3902867441,0.24750015209999998
2.131591754675365,1.0776236963999997,1.8059923081000004,1.6600674041000008
1.9932566941064063,0.22757224999999992,1.6850004761000001,2.0604995225
2.2981015843082306,0.4405731236000001,3.1112784521000005,1.7294193160999995
