Mean_Re,StdErr
4.337800221428571,0.011672071757452194
