Mean_Rg,StdErr
1.9038913642857143,0.0029281325575542267
