Mean_Re,StdErr
5.439026799107142,0.029283172802198436
