Mean_Rg,StdErr
2.2748486875000005,0.008043841572015037
