Rg,Rgx2,Rgy2,Rgz2
5.722761571129799,0.0,0.0,32.75
5.722761571129799,0.0,0.0,32.75
5.722761571129799,0.0,0.0,32.75
5.722761571129799,0.0,0.0,32.75
5.722761571129799,0.0,0.0,32.75
5.722761571129799,0.0,0.0,32.75
5.722761571129799,0.0,0.0,32.75
5.722761571129799,0.0,0.0,32.75
5.722761571129799,0.0,0.0,32.75
5.722761571129799,0.0,0.0,32.75
5.722761571129799,0.0,0.0,32.75
5.722761571129799,0.0,0.0,32.75
5.722761571129799,0.0,0.0,32.75
5.722761571129799,0.0,0.0,32.75
5.722761571129799,0.0,0.0,32.75
5.722761571129799,0.0,0.0,32.75
5.722761571129799,0.0,0.0,32.75
5.722761571129799,0.0,0.0,32.75
5.722761571129799,0.0,0.0,32.75
5.722761571129799,0.0,0.0,32.75
5.722761571129799,0.0,0.0,32.75
5.722761571129799,0.0,0.0,32.75
5.722761571129799,0.0,0.0,32.75
5.722761571129799,0.0,0.0,32.75
5.722761571129799,0.0,0.0,32.75
5.722761571129799,0.0,0.0,32.75
5.722761571129799,0.0,0.0,32.75
5.722761571129799,0.0,0.0,32.75
5.722761571129799,0.0,0.0,32.75
5.722761571129799,0.0,0.0,32.75
5.722761571129799,0.0,0.0,32.75
5.722761571129799,0.0,0.0,32.75
5.722761571129799,0.0,0.0,32.75
5.722761571129799,0.0,0.0,32.75
5.722761571129799,0.0,0.0,32.75
5.722761571129799,0.0,0.0,32.75
