Rg,Rgx2,Rgy2,Rgz2
5.7685745006543865,0.0,0.0,33.2764517696
5.7685745006543865,0.0,0.0,33.2764517696
5.7685745006543865,0.0,0.0,33.2764517696
5.7685745006543865,0.0,0.0,33.2764517696
5.7685745006543865,0.0,0.0,33.2764517696
5.7685745006543865,0.0,0.0,33.2764517696
5.7685745006543865,0.0,0.0,33.2764517696
5.7685745006543865,0.0,0.0,33.2764517696
5.7685745006543865,0.0,0.0,33.2764517696
5.7685745006543865,0.0,0.0,33.2764517696
5.7685745006543865,0.0,0.0,33.2764517696
5.7685745006543865,0.0,0.0,33.2764517696
5.7685745006543865,0.0,0.0,33.2764517696
5.7685745006543865,0.0,0.0,33.2764517696
5.7685745006543865,0.0,0.0,33.2764517696
5.7685745006543865,0.0,0.0,33.2764517696
5.7685745006543865,0.0,0.0,33.2764517696
5.7685745006543865,0.0,0.0,33.2764517696
5.7685745006543865,0.0,0.0,33.2764517696
5.7685745006543865,0.0,0.0,33.2764517696
5.7685745006543865,0.0,0.0,33.2764517696
5.7685745006543865,0.0,0.0,33.2764517696
5.7685745006543865,0.0,0.0,33.2764517696
5.7685745006543865,0.0,0.0,33.2764517696
5.7685745006543865,0.0,0.0,33.2764517696
5.7685745006543865,0.0,0.0,33.2764517696
5.7685745006543865,0.0,0.0,33.2764517696
5.7685745006543865,0.0,0.0,33.2764517696
5.7685745006543865,0.0,0.0,33.2764517696
5.7685745006543865,0.0,0.0,33.2764517696
5.7685745006543865,0.0,0.0,33.2764517696
5.7685745006543865,0.0,0.0,33.2764517696
5.7685745006543865,0.0,0.0,33.2764517696
5.7685745006543865,0.0,0.0,33.2764517696
5.7685745006543865,0.0,0.0,33.2764517696
5.7685745006543865,0.0,0.0,33.2764517696
