Rg,Rgx2,Rgy2,Rgz2
5.454356057317857,0.0,0.0,29.75
5.454356057317857,0.0,0.0,29.75
5.454356057317857,0.0,0.0,29.75
5.454356057317857,0.0,0.0,29.75
5.454356057317857,0.0,0.0,29.75
5.454356057317857,0.0,0.0,29.75
5.454356057317857,0.0,0.0,29.75
5.454356057317857,0.0,0.0,29.75
5.454356057317857,0.0,0.0,29.75
5.454356057317857,0.0,0.0,29.75
5.454356057317857,0.0,0.0,29.75
5.454356057317857,0.0,0.0,29.75
5.454356057317857,0.0,0.0,29.75
5.454356057317857,0.0,0.0,29.75
5.454356057317857,0.0,0.0,29.75
5.454356057317857,0.0,0.0,29.75
5.454356057317857,0.0,0.0,29.75
5.454356057317857,0.0,0.0,29.75
5.454356057317857,0.0,0.0,29.75
5.454356057317857,0.0,0.0,29.75
5.454356057317857,0.0,0.0,29.75
5.454356057317857,0.0,0.0,29.75
5.454356057317857,0.0,0.0,29.75
5.454356057317857,0.0,0.0,29.75
5.454356057317857,0.0,0.0,29.75
5.454356057317857,0.0,0.0,29.75
5.454356057317857,0.0,0.0,29.75
5.454356057317857,0.0,0.0,29.75
5.454356057317857,0.0,0.0,29.75
5.454356057317857,0.0,0.0,29.75
5.454356057317857,0.0,0.0,29.75
5.454356057317857,0.0,0.0,29.75
5.454356057317857,0.0,0.0,29.75
5.454356057317857,0.0,0.0,29.75
5.454356057317857,0.0,0.0,29.75
5.454356057317857,0.0,0.0,29.75
