Rg,Rgx2,Rgy2,Rgz2
1.2534237593886595,0.7295875761000001,0.6139828720999996,0.22750067240000008
1.8071104907558917,0.5896520320999996,2.5284960336,0.1475002601
1.6860863540756148,0.22768961290000003,0.9275007395999998,1.6876968409
2.246947695697432,0.3,0.1603400335999999,4.588433913600001
1.6181794877268711,0.3900088209,1.5284960335999997,0.7
1.1491822860190632,0.7103400335999999,0.21027989290000018,0.4
1.789320240594176,1.1894922064000002,1.8646744569000002,0.1475002600999998
1.4779544760580414,1.4415077688999998,0.5028408899999999,0.24000077439999995
1.259089783851811,0.22768961290000003,0.5475485808999999,0.8100688899999999
1.1959470515453432,0.5542930563999998,0.7284960336,0.14750026010000009
1.615551648478005,1.4,0.65,0.5600071288999998
1.7956221409027011,1.6866048720999998,0.5276127843999999,1.0100412164
1.4867069453661674,0.8110004568999999,0.9517960644000001,0.44750102010000015
1.814518239561124,0.8404588163999998,0.6915077689,1.7605098564000001
1.9883766070339897,2.3648080336000006,1.0613126129000001,0.5275208849
1.0989918931002174,0.09017397610000003,0.19007039210000004,0.9275388128999996
1.5991063776059427,1.5195600336,0.2475077284000001,0.7900734449
1.7469144831101495,0.8345476025000002,1.3071616484000004,0.9100009604000002
1.2491389977500502,0.0901739761,0.31000001960000023,1.1601742399999995
1.0724324361002888,0.2400956484,0.45,0.4600156816
1.4452563927898747,0.7510736484,0.7476758276000002,0.5900165649000003
1.394456754151953,0.8366538276000002,0.6478534400000001,0.4600023716000002
1.4014003261381096,0.6284960336,0.34750000489999994,0.9879268356
1.7615951870109092,2.1279196484,0.1277808976,0.8475170569000001
1.3201361426004516,0.8924147395999998,0.21027989290000013,0.6400648025000002
1.4795469017574268,1.1,0.4415077689000003,0.6475512656
1.7725717986022458,0.7440018276000002,0.45,1.9480089536
1.9518877243325243,0.5597367844,1.5401091904,1.7100197136000006
1.482856979853418,1.1285586128999998,0.46027989290000015,0.6100263169000002
2.4047638419187862,0.5878374569000001,0.5475485809,4.6475030976000005
1.6512379387901674,0.42829242250000005,0.9100749956000003,1.3882193124000008
1.732006015029971,0.6520616515999998,0.3876028196000001,1.9601803648999998
1.2667646223746543,0.22768961290000006,1.3770029956,0.0
1.7138601733221996,0.7295875761000001,0.7476758276000003,1.4600532899999998
1.9029990969256922,0.14752840890000005,2.8463680336,0.6275091204
1.4688492158489241,0.65,0.44751088999999994,1.0600071288999997
