Rg,Rgx2,Rgy2,Rgz2
1.6126558297107292,0.16017875689999997,1.5003034441000003,0.9401766240999999
2.22426286542306,3.1116116004000007,1.2457320041000002,0.59000169
2.0803557306864615,0.9714971081,1.02877449,2.3276083681000004
2.3803287718506447,0.5422458121,1.2936120100000004,3.8301072399999994
2.1556932063259837,3.3994745641,0.2475130321,1.0000256036000004
1.1882310886776193,0.0,0.6118931201000002,0.8
1.7393106583356523,0.7722934760999998,1.9254080900000006,0.32750000010000013
2.285677914974023,2.4007365795999993,2.076085848899999,0.7475011024999998
1.8097725464267602,0.12764957289999998,3.1476270969,0.0
2.1440785237952458,0.21014424009999993,3.3994260736,0.9875024025000003
2.3031219664837552,1.2869538768999995,2.0889246656000005,1.9284922500000001
1.896823961731821,2.5477355600000005,0.2400485809,0.8101570009000009
1.7480455880210906,0.6404566769000002,1.9677066225000002,0.44750007839999995
1.4661707511064324,0.6907700624999998,0.34882132250000036,1.1100652863999998
1.8762761900637126,1.9254080900000006,0.24750380249999998,1.3475004489
1.5995029524824265,0.4434398224999999,1.5649636224999997,0.5500062499999999
1.8291871100026922,1.0502406399999997,1.1481848209000005,1.1475000225000005
2.155698622372803,2.4895358144000013,1.1475003135999997,1.0100004225
2.2154127696661856,3.4305140099999996,1.1875396900000004,0.2900000400000001
1.562910610943569,0.51026896,1.0449160809000002,0.8875045369000002
2.4663025893835493,0.5,3.3881594624,2.194489
1.9242096739700694,0.3275001764,2.8475116281000004,0.5275710649000002
1.6098270027863242,0.5283543929000001,0.8517094143999999,1.2114791715999995
3.1721648738676875,2.8797062400999995,0.6279674243999999,6.5549563225000025
1.8355746326695623,1.3596308195999995,0.24750380249999998,1.7621996099999997
1.2208503667116624,0.6903179089,0.2101442401,0.5900134689000003
1.5638172677458195,0.04753180959999999,0.7504181604,1.6475744768999998
1.7135849517313109,0.9915194404,0.5547420100000001,1.390111936399999
1.968355555279584,3.2955928015999993,0.32883079039999996,0.25
1.7665142246526067,1.2324648449000002,0.1601787569,1.7279289041
1.188231088677619,0.6,0.6118931201000002,0.2
1.7298062414906472,1.2752751400999995,1.3568644329000001,0.3600900600999996
1.9502692652298046,0.6,1.554232890000001,1.6493173169000002
1.8304518791271187,0.6404566769000002,2.0599960000000004,0.6501014049
1.5259705219629902,1.1484916201000002,0.4900485808999999,0.6900458329000004
1.6701228408114177,0.44750576,1.3516641209,0.9901404225
