Rg,Rgx2,Rgy2,Rgz2
1.2864101008620852,0.16034003359999988,0.5542930564,0.9402178575999999
1.973873582299535,2.45,0.8561748163999996,0.5900021024999998
1.9541811781664464,0.4602798929000002,1.0309093920999999,2.3276347921000005
1.8143685394373434,0.5445670564,0.4415077689000003,2.305858371599999
1.7464509000255346,1.8025334569000002,0.2475257049,1.0000315843999994
1.1891101177351069,0.0,0.6139828720999997,0.8
1.4176577162700454,0.7914570321000005,0.8907963684000002,0.3275
2.0970220239425243,1.5,2.15,0.7475013689000002
1.3474488318670954,0.1277808976,1.6878374568999999,0.0
1.7741992140963203,0.2102798929000001,1.95,0.9875029584000004
1.9743592217223287,1.3404762063999998,0.9474769956000001,1.6101411344000003
1.7393335385141055,2.495185456899999,0.24009564840000008,0.2900000529000003
1.488970166020797,0.64097344,1.1285586128999998,0.4475001024
1.4112614220618376,0.6915077688999999,0.19007039209999999,1.1100806404
1.576643478818214,0.8907963684000002,0.24750772839999988,1.3475005625
1.6099208734903714,0.44665203360000005,1.5951854569000001,0.5500077284
1.408053173179195,0.44751088999999994,0.3876028196000002,1.1475000289
2.135159144279414,2.4014040336000004,1.1475000049,1.0100005329
1.9121724981287644,2.5150920335999998,0.8513115761,0.29000005289999997
1.3371753381288485,0.5105234943999999,0.3900088209,0.8875055696000004
2.1536525514576397,0.5,2.75,1.3882193124
1.7898661686561932,0.32750073960000015,2.3485327396,0.5275874225000001
1.6111984665149113,0.5291176484,0.8550238276000002,1.2118190225000016
2.8820134552253567,2.55,0.6284960336000003,5.1275055225
1.63417521438186,1.3752988928999987,0.24750772839999988,1.0477220099999998
1.2210641458170823,0.6907011904000002,0.21027989290000013,0.5900165649000003
1.5647682278535693,0.04755806440000002,0.7533491904,1.6475923520999998
1.4101438997137847,0.24752570489999978,0.3508415801,1.390138532900001
1.5826423588416936,1.9247428164000002,0.33001401960000004,0.25
1.7814255842161917,1.2851043920999998,0.16034003359999996,1.7280326864000002
1.1891101177351067,0.6,0.6139828720999996,0.2
1.2121281145572034,0.44665203359999994,0.9326008164000003,0.09000171610000009
1.728289747264619,0.6,0.7372377424000003,1.6497477081000003
1.4862068445542838,0.6409734400000001,0.9177123524000003,0.6501249924000001
1.236160438050013,0.34794058009999995,0.4900956484000001,0.6900564001000002
1.6718292611687355,0.44751088999999994,1.3573287396000002,0.9901734489
