Rg,Rgx2,Rgy2,Rgz2
1.6669877630624645,1.3030210921,1.2483265624999993,0.22750054760000005
2.256826894580087,2.84540244,0.6,1.6478651920999987
1.925407767850748,0.5485956100000002,1.9484090224999995,1.21019044
1.624546921513811,1.5516417440999999,0.2875109561000001,0.8
1.7125515250934786,0.7973128836,1.8955192024999998,0.24000064000000002
1.5764780582995754,1.0100701224999997,0.22754316489999998,1.2476697809
1.0053708012967155,0.31000002560000006,0.44077006249999995,0.26000036
1.4748924845560774,0.3,0.24751303209999995,1.6277948088999987
1.6719077392308463,0.5107711729000003,1.3741372099999998,0.9103671055999996
1.828087228143121,1.4116232841,0.5901473795999999,1.34013225
1.285133068012803,0.45,0.8015670024999997,0.4
1.4466919879850024,0.5275580643999997,1.205359491599999,0.36000015209999986
1.3567827084319732,0.5107711729000001,0.2400485809,1.090039564100001
1.6816497247048805,0.7905822569000003,1.6273610116000001,0.4100025281
1.59620635511202,0.5475238144000001,1.1502527055999998,0.8500982081
1.798823396195413,0.7876334024999997,0.4601442401,1.9879879681000001
1.978697204399905,0.44077006250000006,0.2101442401,3.264328324099999
1.5925880236269518,0.6475579121,0.96119716,0.9275815409000003
1.5422189546883411,0.5908350625000003,0.7475776160999998,1.0400266255999997
1.8851757464225982,0.5302019203999999,1.6961195775999998,1.3275660969000005
2.1975176611349454,0.9599523281,0.8401890625,3.0289424804000005
2.4865907678385684,0.6118931201000002,0.8422744024999999,4.7289661241
1.3675393884638205,0.0900938961,1.1900683929000004,0.59000169
1.4844719364474357,0.2101442401,1.3035093775999997,0.6900033123999998
1.4037801348145658,0.5288875625000002,0.8517094143999998,0.59000169
1.625597156155239,1.1509333025,1.3016323216,0.19000049
1.6282217381548494,0.18767556249999998,1.873428776099999,0.59000169
1.65752435339575,0.5901473795999999,0.7168906600999996,1.4403489423999993
1.823122113545881,2.0274981284000004,0.44877234890000006,0.8475037636
1.857905171396,1.5298707161,1.0944262409,0.8275146688999998
1.2874500424482498,0.4279088483999999,0.8021132409000004,0.4275055224999999
2.2732453994674664,0.7620475625,2.4648080356000004,1.9407890480999999
1.977131745483846,2.3206605624999996,1.4283868484,0.16000252810000004
1.5510156606237089,0.7905822569000003,0.3875561001000002,1.2275112225
1.5460397844169471,0.9100450241000001,0.8401890625000001,0.6400049284000003
1.8853398034837114,1.0100701224999997,0.5422458121000001,2.00219024
