Rg,Rgx2,Rgy2,Rgz2
1.7092763288304207,0.46027989290000015,1.0613126129000003,1.4000330625
1.6250754913234031,0.3976727396000002,1.1931976129000004,1.05
1.741367214834367,1.0146744569,0.8275374544000001,1.1901478656000006
1.6836586477371236,1.4871567395999998,0.8,0.5475497024999998
2.413530026662192,1.0871567396000001,0.41034003359999993,4.327630416400003
1.6328506529073628,0.5896520321000002,0.42829242249999994,1.6482568001000004
1.648855812647061,0.5445670563999998,1.5466520336000005,0.6275064009
1.6078535006958812,1.25,0.38760281960000015,0.9475900600999998
1.9420718905848977,2.0562074568999984,1.0154051904,0.7000305809
1.8500264274328626,1.0309093921,0.3508415801000003,2.0408468100000006
2.983165116868324,0.12778089759999992,1.3488594569,7.422633760000001
1.753550310284823,1.0613126129,1.6536258928999996,0.3600001849
2.201861392776575,2.2341634568999993,2.0240280335999996,0.5900021025
1.9742461250816725,0.9475580643999996,1.9625867395999996,0.9875029584000001
2.300242935191846,0.3900088209,1.5120516483999995,3.3890570916000002
1.4572880804082629,1.1525070048999997,0.5436747843999997,0.4275067600000001
2.1307896715771832,2.1400956484,0.45266242249999983,1.9475065535999998
1.7658231287985782,1.4291176484,0.44150776890000004,1.2475059049000001
1.512625482398072,0.41034003359999993,0.28752420639999987,1.5901716100000007
2.138498737642835,0.3300140196000001,2.483044456899999,1.7601183743999997
1.5930604574842726,0.4103400336,1.9,0.2275015876
1.7752438616145105,0.45,0.6139828720999996,2.0875078960999995
1.8800568560817517,1.6192760336000003,0.18783745690000003,1.7275002915999997
2.3455093401007807,3.25,0.7400956484000001,1.5113184160999995
2.0804115910078944,1.8380167395999998,0.5,1.9900956483999999
2.0335030100789133,1.6558720336000008,1.1192623684,1.3600000900000004
1.9590022662569844,0.3976727396,0.85,2.5900171396000005
1.6516166521926328,2.15,0.18783745690000006,0.3900001089
3.0242442141632675,1.8603400336,1.5999784568999993,5.6857345764
1.8019351068226626,0.9336183684000001,2.0033228163999994,0.31002894440000095
1.9427693493824738,1.9610004569000001,1.6533491904000002,0.16000309760000003
2.1546492066227394,1.2900092416000002,1.8247428164000001,1.5277611455999998
1.1798731989497857,0.5542930563999999,0.5903076516,0.2475000576000003
1.7327294505779025,0.8404588164,2.0718908164000003,0.09000171609999977
1.6424321811569575,1.1168848164000003,1.1931976129000006,0.3875010404000001
1.8620575946785323,1.3967689761,1.780489456900001,0.29000005289999986
