Rg,Rgx2,Rgy2,Rgz2
1.615227179965716,0.6921840335999999,1.5292737689,0.3875010404000001
1.7548264552655912,2.1919000336000005,0.3600130321000001,0.5275028223999998
1.9231913686630355,1.7469360335999997,0.5115507844,1.4401782225000004
1.6448181580041,0.85,0.22768961290000006,1.6277371600000001
2.9029649644630564,1.5,0.6340934400000002,6.293112144899995
2.1248138371631526,1.7183484568999998,1.3489300320999997,1.4475553535999999
2.309553447746988,2.5,1.9737440335999992,0.8602930944000002
2.3694121163064903,1.0390820644,1.6247428164000002,2.950288896100001
2.206817322050015,2.2804894569000003,2.3620516484000005,0.22750158760000003
1.5493548704218798,1.1120322064,0.8609676024999997,0.4275007056000003
2.2080447638804785,0.2475257049,1.6,3.0279359743999983
1.407554146063305,0.09017397610000003,0.9309409956000001,0.9600937023999997
1.7937901484008658,2.5,0.09017397610000003,0.6275091204
2.5576305489651943,0.1603400336,0.4526624224999999,5.928471568900002
2.2185533010049587,0.24752570489999984,1.4632496484000004,3.211203396099999
2.576850893804296,2.8,2.75,1.0901605289000005
1.8391282605897827,1.1797488164,1.2125873920999994,0.9900565504000005
2.34615356466707,2.4466520336000004,0.21027989290000013,2.8475046225
3.4595646001773113,0.5,0.8159971904000003,10.6525900324
1.5684408123356137,1.2103400336000003,0.5896520320999998,0.6600145160999997
1.396124697761629,0.6616134399999999,0.3600130321,0.9275376996000004
2.043949864673789,0.43557481960000005,2.3011200336,1.4410361961
2.290083577907147,1.7,0.9341634569,2.6103193368999995
1.9055610665890508,0.6413608721000006,1.7797488164000002,1.21005329
1.6026868014368871,0.4297118209,0.42829242250000005,1.7106007400999996
2.293696729168876,1.7573264569000002,1.2752763524,2.2284418761000007
2.3692176481066483,2.7562074568999986,1.8169847395999998,1.0400000676000003
1.0971261113017043,0.7284960335999999,0.22768961289999998,0.2475000575999998
1.9270402419513717,2.3380167396000013,0.5278728761,0.8475944783999999
1.6101401729352633,1.4825490048999996,0.65,0.46000237160000007
1.8182572200324132,1.1976727395999998,0.8208805761000001,1.2875060024999996
1.7470131945981404,1.4275007396,0.8345476025000005,0.7900067599999996
1.3342766095903802,0.2400956484,0.4526624225,1.087536
1.6846828295557597,0.7477576025000002,1.3303740321000004,0.7600246015999998
1.794945249137143,2.2240280336,0.21027989290000004,0.7875205209000001
1.8591252715726285,1.0949356129,1.5514040335999997,0.8100071289000003
