Rg,Rgx2,Rgy2,Rgz2
2.1589830176497453,1.3475497025000005,2.9261571216,0.3875008464
1.7451596847853212,2.025571844900001,0.36000795240000016,0.6600025281000004
2.1406054220710553,2.6312761600000005,0.5107711729000002,1.4401442400999998
1.6927040770613155,0.85,0.38755610009999975,1.6276909923999998
3.063485164661321,1.5,1.6020409316,6.282900422500002
2.1169180861100885,1.6987909376,1.3350064895999998,1.4475447561000003
2.4153863716184207,2.2215844968999994,2.7522687424000005,0.8602380849
2.3657870613814764,1.0330547209,1.6141705764000007,2.9497231225000005
2.4374919964176294,2.2318270916,3.4820388641,0.2275012769
1.5467570369970842,1.1108779369000001,0.8540788320999996,0.4275005624999998
2.206453077724518,0.2475130321,1.5930747024999998,3.027847449599998
1.5290163934372973,0.44877234889999995,0.9290429183999999,0.9600758640999999
2.111383551370996,3.4428770025,0.38755610009999997,0.6275073983999999
2.6376445487593654,0.4,0.6289212900000001,5.928247475599997
2.547337838037978,0.7284284208999999,2.5495412600999994,3.2109603801000004
2.62179438778101,3.0193658201,2.7643102595999998,1.0901297321000007
1.8274569804512495,1.1502527056000003,1.1993004768999993,0.9900458328999994
2.622233890521591,3.8184625729000006,0.2101442401,2.8475037635999993
3.8772613646361265,0.5,0.8081018001,13.7250538896
1.6500576751435088,1.3525326400000002,0.7101459264000003,0.6600117648999999
1.6742202696777984,0.9451494976000001,0.9303334328999998,0.9275305809000001
2.306423450734925,0.43173020160000003,3.4470219875999994,1.4408369449000005
2.691644210905297,2.8680042495999993,1.7666902249,2.6102540835999997
2.109507032010085,1.2777408328999993,1.7445406916,1.4277383935999999
2.066773828772757,1.0330547208999998,0.4279088484,2.8105904900000014
2.736830162523791,3.0666490244,2.1953340641,2.2282562500000007
2.8105072772899913,3.0269760164,3.8319750864,1.0400000529
1.45792633332415,0.7279848804000002,0.6475579121000004,0.7500064009
2.2030338755906587,3.4780970063999987,0.5276846881,0.8475765624999994
1.7570464826236105,1.9772104100000014,0.65,0.4600019321000001
1.8150327257104761,1.1916951529,0.8151437584000003,1.2875048841
2.0217201129236457,2.4664420169,0.8309047225000002,0.7900054755999997
1.543460003012712,0.24004858089999997,1.0546910400000002,1.0875291600000003
1.9578525078513958,1.05469104,1.3284954025,1.45
1.8688986533517542,2.49512129,0.21014424009999993,0.7875166463999999
2.1496253468220927,1.0906516996,2.7202316721000024,0.8100057600000001
