Rg,Rgx2,Rgy2,Rgz2
1.4582557565804435,1.0580296516000014,0.6409734400000003,0.4275067600000001
1.2731049881686896,1.1630162063999994,0.21027989290000004,0.24750021160000008
1.3360480021316599,1.25,0.2875242063999999,0.24750005760000007
1.7931809212681247,1.5949856483999998,0.1603400335999999,1.4601721344000003
1.5963060791088903,0.14752840890000005,2.0731414568999993,0.32752323240000003
1.7442594634113355,1.1168848164000007,1.3855562063999993,0.5400000528999997
1.231003566566726,0.18783745690000006,0.3275007396000001,1.0000315844
1.3663793659522236,0.22768961290000025,0.5115507844,1.1277521744
1.7755134863188171,0.4355748196000002,1.1268206129,1.5900527076000002
1.106923654006906,0.7476758276000002,0.19007039210000007,0.2875337561000004
1.259298366591492,0.5105234944000002,0.12778089759999994,0.9475279840999997
1.9936481750298873,0.6341634569000001,1.35,1.9904695889000004
1.6808518752109003,1.8222427396000005,0.3130162064000001,0.6900040803999997
1.250482646061112,0.7403278276,0.49585578809999975,0.32752323240000025
1.1512550283494964,0.18783745690000003,0.5475485808999999,0.5900021025
1.7120804723201535,1.8561748163999998,0.2875242063999999,0.7875205209000001
1.6325139711500174,0.5550994943999998,1.9,0.21000237160000004
1.7001692022266488,0.3508415800999999,1.9921840335999996,0.5475497024999998
1.982547213208301,0.7601488761000001,2.4828096484000004,0.6875349280999998
1.1898917392771495,0.5478090563999999,0.2400956484,0.6279376463999998
2.044959326832688,1.6510736483999995,1.5832480335999999,0.9475369664000002
2.068855952114598,0.4526624224999999,1.9,1.9275025281000002
1.9834320149679947,1.5961836483999998,0.38760281960000026,1.9502160899999992
1.6686242285487765,0.35084158009999994,2.2059636483999996,0.22750158760000008
1.1573480830761331,0.5918515808999999,0.3876028196000001,0.36000018489999996
2.276738294270995,0.7601488761,0.5954887844000001,3.8278996000999994
1.7714015326288954,0.3900088209,1.3,1.4478545688999995
2.048184863067785,0.0,0.6415114569000001,3.5535497763999997
1.9487908428818113,2.85,0.46027989290000015,0.4875058563999997
2.041960080829202,0.7295875761000001,2.5,0.9400133956000001
1.603153463053366,1.3620843683999997,0.16034003359999996,1.0476766240999997
1.9809544002828536,0.44665203360000005,2.45,1.0275283024
1.745501805069247,1.0341634569000004,1.2851043920999998,0.7275087024999997
1.645002746289501,1.0659971903999998,0.25,1.3900368449000005
1.8439088914585775,2.45,0.65,0.3
1.3892908467272072,1.15,0.24009564840000003,0.5400334084
