Rg,Rgx2,Rgy2,Rgz2
1.5241954306781003,0.8431494544,0.3300140196,1.1500082368999995
2.4196553410764925,0.4882354943999999,0.7103400335999999,4.6561564415999985
1.635492846147607,0.6623697424000001,1.4224650049,0.5900021025
1.4875915602409149,0.41034003359999993,0.9625867395999996,0.8400018768999997
2.716814358416857,1.1218908163999999,1.671096032099999,4.588093409599999
1.2207231720992278,0.32750073960000015,0.7126337424000002,0.4500305809000002
2.2378597470350994,0.31301620639999994,0.3475000049000001,4.3475000361
1.5226898903585062,0.7792737688999994,0.9517960644000001,0.5875146689000001
1.6705694209161135,0.5903076516,0.7103400335999999,1.4901545048999993
1.49698588754203,1.0613126129,0.5896520321000001,0.5900021024999998
1.40741646459035,0.55,1.0433200643999996,0.3875010404000001
1.7744153307780004,0.2475257049,1.3109212416000002,1.5901028196000007
1.748850779626438,0.5940108760999999,1.2168848164,1.2475833569000006
1.7799548938386052,0.42829242249999994,1.7124412415999999,1.02750576
2.3493538209899336,3.05,1.7794069761000002,0.6900564001000002
1.8706936032391837,0.5594012416,1.25,1.6900933156000004
1.8755435343654383,1.2424930048999996,0.5276127844000001,1.74755776
1.3812479431296902,0.8275374544,0.5903076516,0.4900007743999998
1.455091396923231,0.6476247689000001,0.44150776889999993,1.0281584356
1.456358982291111,0.9309409956000003,0.2900092415999999,0.9000312481000001
1.85125804584342,0.21027989290000018,1.9293704568999985,1.2875060024999996
1.722862049323741,0.45374176889999995,0.8639828721000002,1.650529
1.8753846553174098,1.0222427396000002,1.1548057689,1.3400190968999997
1.9865858689218545,1.9284960335999997,0.5278728761000001,1.4901545049
1.7117250646642994,0.2102798929000001,1.6721372416000002,1.0475855625
1.7939997028706558,0.36001303210000013,2.068348456900001,0.7900734449
1.5401301613175427,0.5610004569000001,0.5610004569000001,1.25
2.2753589914780483,0.44665203359999983,1.8027571904,2.9278493161
2.1535470561842853,2.3466520336000007,0.25,2.041112889600001
2.038497786631126,2.4377160336,0.4900956483999999,1.2276615441
1.4513511530294794,0.3488549760999999,0.9475580643999997,0.8100071288999997
2.5915786856663257,1.1061748163999998,2.45,3.160105267600001
1.8818197665291967,0.9336183684000001,0.6476247688999999,1.9600024964000002
1.5860882879902998,0.9475580644000002,0.9280531903999997,0.6400648025000001
1.66356929942819,0.9976727395999998,0.5597367843999999,1.2100532899999998
2.3785927487697425,2.25,1.2575140048999998,2.1501894596
