Rg,Rgx2,Rgy2,Rgz2
1.2670295348175589,0.7103400335999999,0.24750772840000002,0.6475160800999997
1.7355648799454317,0.7477576024999999,0.9168848164000003,1.3475430336000003
1.6236500928771576,0.16034003359999988,0.4882354944,1.9876640961000025
1.8253810125012258,0.24009564840000003,1.2,1.8919201924
1.300909597512448,0.6616134399999999,0.6032455808999999,0.4275067599999998
1.6646686449260704,1.0073264568999993,0.6361545808999999,1.1276406596000002
1.4963613739334494,0.34193512009999977,1.7071616484000003,0.1900005929000001
1.923319255791924,1.4191863524000012,0.24752570490000006,2.0324449023999995
1.6870303089749157,1.9756964569000002,0.6303740320999998,0.24000077439999998
1.8240974808655375,0.8513115761000002,1.9284960336,0.5475240099999995
1.6974265644203876,0.8533491904000001,0.7403278276,1.2875799236000003
1.7839635801775773,0.22768961290000006,1.0073264569,1.9475099855999995
1.595963323795381,1.0146744568999997,0.8924147395999998,0.6400097344000002
1.6186725876470511,0.7,1.6326008164,0.28750012960000004
1.3248096317584652,0.2400956484,1.0875242064,0.4275007056000001
1.8529304147754713,1.8555880336000001,0.65,0.9277630884000002
2.127873875820651,0.42829242249999994,2.05,2.0495548089
1.8724423808758441,0.5278728761,0.42849603359999994,2.5496715599999997
1.6807877634609314,0.14752840890000005,1.75,0.9275190968999999
1.4799075070084617,0.25,0.4900956484000001,1.4500305809
1.164683186149779,0.3876028196000001,0.6413608721000006,0.32752323240000003
1.8962470003931453,0.4617147881000002,1.3852056484,1.7488322500000006
1.4146606817537553,0.0,0.8110004568999996,1.1902643876
1.1640917747755115,0.32750073960000015,0.3876028196000002,0.6400061008999999
1.256146568876419,0.2400956484,0.5903076516,0.7475009025
1.4791709645946942,0.16034003359999988,0.5,1.5276067088999983
1.0281723833579661,0.0901739761,0.5169338929,0.4500305809000002
1.6636401512947445,0.22768961290000006,1.75,0.7900089401000004
1.33419280653135,1.05,0.19007039210000007,0.5400000529000003
1.9575878768014476,1.45,1.2319528928999997,1.1501974025000004
1.2960706730730387,0.6921840336,0.5276127843999998,0.4600023715999999
1.2263392493922716,0.6284960336000002,0.22768961289999998,0.6477223081
1.318903578962465,0.8431494543999998,0.3488549760999998,0.5475022200999998
1.0817980850879703,0.4900956484,0.3401739760999999,0.3400174723999996
1.3539092358426392,0.5445670563999998,0.7284960335999998,0.5600071288999997
1.835979554188989,1.7951854568999999,0.12778089759999997,1.447854568899999
