Rg,Rgx2,Rgy2,Rgz2
1.3856135664751557,0.5594012416000002,0.31301620640000005,1.0475075076000002
1.3767509826399256,1.0400703921,0.5278728761,0.32750000000000057
2.7301598310172244,2.65,0.46027989290000015,4.343492810000001
2.0368193542629154,0.46027989290000015,1.4007350320999996,2.2876181569
1.2022792040537007,0.4900956484000001,0.5278728760999999,0.4275067600000001
1.9356138825189286,0.24752570489999992,1.0090268164000002,2.4900485809000004
1.9393525116646533,2.35,0.7510736484,0.6600145160999997
1.5425143840172122,0.44150776889999993,1.4103400336000003,0.5275028223999997
1.889789209118308,1.85,0.9738023523999999,0.7475009025000002
2.6041367128858655,0.18783745690000003,2.7,3.8936905624999993
1.8538397398642634,0.34885497610000005,0.7477576025,2.3401092025
1.9997249860918374,1.35,2.4388976483999993,0.21000237159999996
3.0369622555771087,0.12778089759999994,0.6413608720999999,8.453997972100002
1.7762853410699533,2.6,0.22768961290000017,0.3274999999999999
1.715593844737151,1.3192910321000004,0.7963134543999996,0.8276577535999999
2.4674728270844244,2.1877160335999997,0.6907011904000002,3.210004928400001
1.863368862732229,1.8044708721,0.9276718721000001,0.7400007743999998
2.00381393330319,0.7377657424,1.95,1.3275045369
1.616250081330238,1.5969718929000003,0.22768961290000003,0.7876028196000002
1.9787808843073047,1.55,0.6340934399999998,1.7314803480999992
1.5230111937868351,1.2649842064000005,0.5445670563999999,0.5100118335999999
2.315007066814268,2.0642211904000005,0.2475257049,3.0475108241
1.6883527215898932,1.25,0.45266242250000027,1.1478724899999997
1.9732669028035714,1.8852056484000006,1.4585688928999987,0.5500077284
1.5736781916580023,1.8488594569,0.38760281960000015,0.24000077439999998
2.127809860513857,2.1921840336000002,1.8353907689,0.5
1.6512852219407768,1.0492313920999998,0.95,0.7275114921000004
1.8417178940869312,1.2275007396,0.6146744569,1.549749604900001
1.5545349195498952,0.5597367843999995,0.6667996516,1.1900423801
1.4345951231270793,0.8404588164,0.4900956484000001,0.7275087024999997
1.8139950776669709,1.0583923921,1.8921840335999995,0.3400017161000003
2.4876750980785256,2.0284960336,2.85,1.3100313600000004
1.6374744596786843,1.3512252415999997,1.2400956484,0.09000171609999971
1.7398958032307565,0.24752570489999987,2.0921840336,0.6875276675999998
1.648620608326852,0.9878374568999997,0.3900088209,1.3401036324
2.136997756667049,0.8889303524000003,2.55,1.1278290596000002
