Rg,Rgx2,Rgy2,Rgz2
1.0326753465634784,0.48860689290000014,0.12778089759999994,0.45003058090000014
1.6090164725695009,1.8731414568999998,0.42829242249999994,0.2875001295999999
1.8179929291941705,2.05,0.42757378809999996,0.8275245025
2.139533508127414,1.85,2.1,0.6276036323999997
1.6365252691602414,0.2102798929000001,0.22758574759999997,2.2403493161000005
1.732994417994472,0.31301620639999994,1.45,1.2402534463999992
1.030877780146609,0.3876028196,0.22758574759999992,0.44752043040000034
1.6949928409878312,0.26351174759999996,0.5475485809,2.0619404024999994
1.6642378484159048,1.1103400336,0.6692910321000002,0.9900565504000003
1.750128242986782,0.18783745690000006,0.3275007396000001,2.5476106704
1.5585049324593108,0.7513498276000001,0.45,1.2275877969000004
1.2670138558437314,0.7295875761000001,0.48823549439999986,0.3875010404
1.5218708206020641,0.42849603359999994,0.24752570489999992,1.6400690561000002
2.083029198643169,2.0412936484000017,1.3877160335999998,0.9100009604000002
2.311780280606269,1.7341634569,2.65,0.9601646088999995
1.0713832171076791,0.21027989290000004,0.2475257049,0.6900564001000001
1.9867717811817238,1.2324790049,0.85,1.864783105599999
1.6188501767612715,0.6340934399999998,0.9764403683999996,1.0101420864000001
1.7145675077406546,0.4103400336,1.8793704568999998,0.6500312480999998
1.2178451186008836,0.4115888196000001,0.5115507844,0.5600071289000002
2.2594151793993063,1.7804894569000003,0.6907011904000002,2.6337663055999982
1.5416219308896717,0.16034003359999988,1.4687388721000003,0.7475192721000001
1.165464175082186,0.3600130321,0.4882354944,0.5100582168999999
1.4314639182319617,0.4115888195999998,1.35,0.2875001296
1.94211563579515,0.6921840335999999,1.8520707395999998,1.2275583695999996
1.92596914204252,1.4,0.6603400336,1.6490171025000002
1.4345170491492947,0.1878374569,1.1424930049,0.7275087024999998
1.7897048087883094,1.9737440336000003,0.6692910320999993,0.5600082368999999
1.601922022477998,0.2600646416,0.5954887844000002,1.7106007400999996
1.5169316215637405,0.2,1.3510736483999994,0.7500078960999997
1.327355634183997,1.0640328164000006,0.4103400336,0.28750012960000004
1.1925208346188338,0.6270798760999997,0.2475257049,0.5475003600000001
1.7206411162122102,2.1731027396,0.32750073960000015,0.4600023716000002
2.0030794706651056,2.7648080336,0.3600130321000001,0.8875063000999998
1.6173272294746046,1.1057449956000003,1.05,0.46000237160000007
1.2714501976090138,0.4275737881,0.6415114569000001,0.5475003600000001
