Rg,Rgx2,Rgy2,Rgz2
2.33215800984839,1.2600489729,1.351206374400001,2.8277056356000014
1.8663263980879659,0.12761299689999994,3.0280609024000005,0.3275003248999998
1.537793267607841,1.2896562841000005,0.4475471968999999,0.6276046529
1.9888724837203615,1.1462026729,2.209411083599999,0.6
2.7497466598397753,3.8786149616000003,2.1224385876000005,1.5600531441000007
1.9712211143603349,2.8374239824000007,0.6607879248999997,0.3875007744
1.9941001219848515,0.6475417316000001,2.7288935649,0.6
1.8457169471238,1.3538987535999998,1.6052722224,0.4475000728999999
1.6138235117261117,0.6880480625000001,0.2875077840999999,1.6288704803999998
2.03192216784994,0.5,2.8136482520999997,0.8150594440999999
1.1641523263301932,0.7277137444000001,0.24003612010000003,0.3875007744000001
1.9354271819161786,1.6350196401000001,1.6108587364000004,0.5
2.2891878808433352,2.0322914521,1.6804209615999999,1.5276687400999998
1.5794810386326266,0.12761299690000005,1.6301915344000004,0.7369558201
1.421055507642119,0.3600063000999999,1.0318769321,0.6275155236000003
2.3480318683101387,3.1077727081000006,1.9154652649,0.4900156816000002
1.161895003862225,0.3,0.4,0.65
1.699142148409014,1.3092680516,0.4275297025000001,1.1502862863999996
1.9383811188721376,2.2871956399999998,0.46010774439999996,1.0100179775999998
2.5165926556755265,0.6,0.8875979225,4.8456406721
2.133604972083633,2.1874230656000004,1.9373465928999998,0.42750051840000003
1.8125905795297512,0.4275297025000001,2.0679483528999993,0.7900065535999997
1.426374978047498,0.9276387683999996,0.25,0.8569068096000002
1.688135836299911,1.1412002889000004,1.2611022399999996,0.44750007290000016
2.6151745901373395,3.2866537769000006,0.6,2.95248436
2.221957602250772,0.6905731236000001,3.5990219001,0.6475005625000002
1.7900457450579303,1.4600019043999999,1.3967529249000006,0.3475089401000001
1.5240733990198765,0.18763133159999987,1.5751623424,0.5600060515999999
1.7065042160217478,1.4050672600999998,1.2670888016,0.2400005776000001
1.3510339518309673,0.3600063000999999,0.5377852289,0.9275012100000003
2.3519313892203573,3.5780596436000005,1.7135210383999997,0.2400005776
1.5479360392794013,0.6285445824000002,0.3275162409,1.4400451584
1.2616379775910362,0.5413630864,0.5603667225,0.49000057759999976
1.2319738595441059,0.6278381921,0.6799196561000002,0.21000174240000002
1.9318330731716962,1.3400013689000003,1.9019619720999992,0.4900156815999999
2.5653058321767412,3.553620336900002,2.2996157636000008,0.7275579121000002
