Rg,Rgx2,Rgy2,Rgz2
1.344965414722624,0.8892089956000001,0.6921840335999999,0.2275389375999998
1.2020335051486708,0.5896520320999996,0.22768961290000025,0.6275429025
1.4794243864760375,1.2510736484000002,0.04755806440000006,0.8900648024999999
0.928090675580786,0.18783745690000003,0.2635117475999998,0.41000309759999987
1.1711544663279903,0.2900092415999999,0.6340934399999998,0.4475001024000001
1.4018620761330265,1.05,0.2276896128999999,0.6875276675999997
1.4240429878693972,1.0400703920999996,0.7403278276000003,0.24750021160000008
1.167612194309395,0.24752570489999992,0.4282924225000002,0.6875001088999998
0.9812605498541149,0.18783745690000003,0.14752840890000002,0.6275064009
1.8322651847371876,0.5594012416,1.85,0.9477944655999998
1.5767022687558994,0.4275737881,0.3479405800999999,1.7104756761000004
1.9822444516507038,1.1285586128999998,1.1603400336000003,1.6403944195999998
1.4923041517398523,0.4115888196000001,0.5278728761,1.2875099856000003
1.8027734426155717,1.3621816129,0.5478090563999999,1.3400014161000002
1.930689012373562,1.65,0.45,1.6275600625000002
1.0593288249641846,0.3475000049,0.6146744569000001,0.16000309759999998
1.4287203709963678,0.0,1.753741768899999,0.28750012960000004
1.4058499360173544,0.5609418761,0.12778089759999997,1.2876912688999997
0.9618338274878876,0.4900956484,0.24752570489999992,0.1875029583999996
1.9369138375518926,0.3876028196,1.0027571904,2.361275204099999
1.7031915044410009,0.7533491904,1.8,0.34751211039999996
1.3964273796012452,0.2900092416,1.05,0.6100001849000003
1.6520254388174533,2.2291176483999995,0.19007039210000012,0.3100000099999999
1.8534716371717157,1.2752988929,1.65,0.5100582169000001
1.1769448665506808,0.24752570490000006,0.3976727396000002,0.7400007743999997
1.3560602319956148,0.24009564840000008,0.8587614544000001,0.7400422500000001
2.24541756330532,2.85,1.8919000336000003,0.3
2.024417022404228,1.3192910321,1.4510736483999993,1.327899600100001
1.9637332540851875,0.2600646416,0.5903076516,3.0058759999999998
2.159290397190707,1.5025334569000002,2.45,0.7100015624999998
1.2167710749767189,0.5400092416,0.31301620640000005,0.6275064009
1.5898629173925656,0.5,0.5,1.5276640960999999
1.6798294804235339,1.5536258929000002,0.9407011903999998,0.32749999999999996
1.6056087527788327,0.8779426024999996,0.3100000195999999,1.3900368448999996
1.4585974087800924,1.05,0.45,0.6275064009
1.3743619004468945,0.7138156515999999,0.5475485808999999,0.6275064009
