Rg,Rgx2,Rgy2,Rgz2
1.6839216849069911,0.9177123523999999,1.4303740321,0.4875058563999997
1.5399809736487011,1.0580296516000014,0.26351174759999996,1.05
1.72080268084403,1.0774611903999998,1.2561369956000004,0.6275636804
1.2762218239005316,0.6285536516,0.3401739760999999,0.6600145161000001
1.4371764095266801,0.4900956484,0.5278728760999998,1.0475075076000002
2.127283200563573,1.75,0.7477576025000002,2.0275762129
2.2984045830532103,1.3174580049000013,0.55,3.4152056224999994
1.7321586076338393,0.65,1.8103400336000006,0.5400334084
1.6029593124593025,0.5276127844,0.7913608721000001,1.2505049008999995
2.109272678010124,1.5102798928999988,1.5510736484000003,1.3876776889000006
1.837943284734325,0.46027989290000015,0.3900088209,2.5277468041
1.7540467233229564,1.3690972416,0.9475580644000002,0.7600246015999997
1.709083780831121,1.2319528928999994,0.4415077689000003,1.2475067081
1.5724928064700328,1.8976727395999997,0.04755806440000003,0.5275028224000001
1.3921873277687884,0.44665203359999983,1.0640328163999997,0.4275007056000001
1.5860237492547204,1.1365402063999999,0.8889303524000003,0.4900007743999998
1.8214164919369757,0.7295875761000001,1.3475000048999999,1.2404704560999995
2.411650424916514,1.7852056484000005,2.7829640336,1.2478880899999996
2.8832627029981155,1.0640328163999997,1.2352709956000003,6.0139000025
1.6280334223841966,1.1729860643999996,1.05,0.42750676000000015
1.9573786191996685,1.4071616484000002,1.5341634569000002,0.8900059535999999
2.05766634829362,1.3224650049000002,2.0840076484000005,0.8275181476000002
1.8724309219835056,1.1573287395999998,2.0011688164000003,0.34750000160000016
2.15809600944907,0.6284960336000004,0.6,3.4288823523999996
1.940500093841791,0.9640328163999999,0.4415077689000002,2.360000028899999
1.455778496921836,0.25,0.6692910321,1.2
1.700694712227918,1.8234948721000002,0.6413608720999999,0.42750676
1.4072364448094712,0.6,0.5903076516,0.7900067599999998
1.8873502360982184,1.1168848164000003,2.1852056484,0.2600004488999999
1.6943862323567198,0.7400956484,0.9407011903999998,1.1901478656000006
2.453567341566153,0.41034003359999993,0.4900956484,5.1195570176
1.7446340644673881,1.5537417688999995,0.6,0.8900062499999997
1.5759780451199186,1.3951854568999997,0.5610004569000001,0.5275208849000002
1.4994160215897385,0.16034003359999988,0.3401739760999999,1.7477343960999996
2.216462300017756,0.6146744569000001,0.6966520336000005,3.6013786369000007
1.8908822882453578,1.65,0.9976727395999998,0.9277630884000001
