Rg,Rgx2,Rgy2,Rgz2
1.685982932535202,1.5522716484,0.8027571903999998,0.48750960999999976
1.4309359880511776,0.14752840890000005,0.3600130321,1.5400363609
1.3685875388151096,0.8779426024999994,0.14752840890000005,0.8475608399999999
1.4041001818246448,0.8110004569000001,0.3100000196,0.8504968441000005
1.5749374576788755,1.0921840336000002,0.9407011903999996,0.44754277160000006
1.9162414983764442,1.1728119761000007,0.5497052416,1.9494642623999998
1.8295105244299634,0.32750073960000015,1.9720224569,1.0475855625
1.7486222772514364,1.5,0.9976727395999998,0.5600071288999999
1.6006542626376254,1.3477283684000005,0.8043626025,0.4100030975999999
1.2797224479159535,0.29000924159999997,0.9976727395999999,0.35000756250000004
1.376957243381217,0.6409734399999998,0.3275361200999999,0.92750169
1.287915505963027,0.55,0.8687255760999999,0.24000077439999998
2.114079141872413,0.7913608721000001,0.04755806440000002,3.6304116815999996
1.8974057186853845,0.8601483523999999,2.35,0.39000010890000014
1.523201595948481,1.2125873921,0.5475485808999999,0.5600071288999997
1.1728897384664938,0.18783745690000003,0.5400092416,0.6478236401
1.2714272930057777,0.44751088999999994,0.4415077689000002,0.7275087024999998
1.203984309075496,0.6520616515999998,0.25,0.5475165648999998
1.8709762403622343,0.6284960336000002,2.3620516484000005,0.5100044100000002
1.7159375181515206,0.2475257049,0.4694148209000007,2.2275010404
1.3721229605614798,0.44751088999999994,0.2875242063999999,1.1476863225
1.148282961860882,0.3,0.6285536516,0.39000010890000014
1.6369832493339693,0.14752840890000005,2.1921840336000002,0.3400017161000002
1.79160238004977,0.8779426025000001,0.5303132415999999,1.8015832441000008
1.785378923282114,1.95,0.19007039210000007,1.0475075076000007
1.8868487807452934,0.8043626025,0.42829242249999994,2.3275432964000005
1.9201166812462207,0.32750073960000015,2.3718316483999997,0.9875156816000006
1.985307503939881,0.45,0.33001401960000015,3.1614318656000004
1.848771760980787,0.6303740321000002,0.7,2.0875829921000006
1.5918609975748512,0.12778089759999997,1.5559636484000001,0.8502768896000001
1.6587119598351006,0.7,0.41034003359999993,1.6409853321
1.5975169719599227,1.2621816128999999,0.6623697424000002,0.6275091204000001
1.4579592998777435,1.2878374569000002,0.5903076516,0.24750021159999996
1.170838392136165,0.5940108760999998,0.53685089,0.24000077440000006
1.6055995337567832,0.6478534399999999,1.6900956483999998,0.24000077439999995
1.7175564037317668,2.25,0.3,0.4
