Rg,Rgx2,Rgy2,Rgz2
1.7133027598471906,0.18783745690000006,1.5,1.2475688899999997
2.0240298974323476,1.05,0.7991565761000001,2.2475404496
2.324392241361169,3.2,1.1424147395999997,1.0603845520999997
1.959631166929124,0.1,0.45,3.2901543103999997
2.288989221927443,2.8,0.42829242249999994,2.0111792356000007
1.2428504633301627,0.3275007395999999,0.3896520321,0.8275245025
1.4925785610479605,0.9976727395999999,0.4900956483999999,0.7400223729000001
2.413513515043991,0.24752570489999992,0.6875017424000001,4.8900200400000005
1.928472911113869,0.4415077688999999,2.95,0.3275000000000001
2.280494727575576,2.2731414569,2.4,0.5275147456
1.4646804206378947,0.22768961290000006,0.1900703921000002,1.7275287296000001
1.1933860690070082,0.5475485808999999,0.5291176484,0.3475040803999999
1.8495296357993294,0.16034003360000001,1.45,1.8104198401000002
1.699149959656298,0.8110004568999996,0.22768961289999998,1.8484205156000002
1.6782019155334078,0.6413608720999997,1.9275007395999992,0.24750005760000002
1.5268670114322334,1.1309093921,0.41034003359999993,0.7900734448999999
1.2866532199858671,0.5278728761,0.0,1.1276036324
1.6149345857340478,0.2875242064,1.7804894569000003,0.5400000529000002
1.9918029958055592,1.2125867396,1.4146744569,1.3400179776
1.8784283705268086,0.6478534400000001,0.8403278276000004,2.0403118756000005
1.5058422859316973,0.6921840335999999,0.5278728761,1.0475040803999998
1.8018453846265503,0.2600646415999999,0.9390820644000002,2.047500084100001
1.127909569469113,0.39249300490000005,0.6921840336000002,0.1875029583999996
1.528413244741094,0.2475257049,1.5610004568999998,0.5275208849
1.4613845972912127,1.4603400335999999,0.1277808976,0.5475240100000001
1.6664066189558897,0.21027989290000013,1.7388976483999996,0.8277334784000006
1.4108511543745499,0.0901739761,0.9726729956,0.9276540081
1.7142403981064034,2.0011200336000003,0.25,0.6875001088999997
2.0684143348226924,0.4921808899999999,0.3479405800999999,3.438216390400001
1.8717038091535745,0.7,2.0432747396,0.7600004096000004
1.5956161815110796,0.21027989290000004,0.5878374569000001,1.7478736488999989
1.7400215987739922,1.05,1.1901739761,0.7875011880999998
1.5124497288835752,1.3466520335999999,0.7533491904000003,0.18750295840000003
1.6867900842428494,0.8415114568999998,1.6537417688999998,0.3500075624999993
1.388607831354843,0.3475000049,0.9807014543999998,0.60003025
1.2238487101762214,0.24752570490000006,0.2102798929000001,1.0400000676000005
