Rg,Rgx2,Rgy2,Rgz2
2.365118234422965,0.9623303684000003,1.1,3.5314538944000007
1.6337450328922196,1.1309093921,0.6907011904000002,0.8475122499999997
0.7911391989403634,0.04755806440000002,0.35084158009999994,0.2275015875999999
1.3689423041896251,0.8639828721,0.1,0.9100201601000002
1.3596901172325992,0.4900956484,0.23090939209999997,1.1277521743999999
1.9094854891828847,1.7220224569,0.6139828721,1.3101295044000005
2.101366673215315,0.4882354943999999,3.3,0.6275064009
1.1864435738795167,0.8601483523999999,0.2,0.3475000016
1.5884468942020065,0.7280531904,0.24750772840000002,1.5476026169
1.287677097761702,0.3419351200999997,0.8561748163999999,0.46000237160000007
2.2199301967854757,2.9,1.4380879761000014,0.5900021024999998
1.7536478834703393,2.6,0.12778089759999994,0.3475000016000001
1.4984610237507014,0.5903076516,0.42757378810000013,1.2275040000000002
0.9622418989526491,0.4882354944,0.0901739761,0.3475000016000001
1.2807035265821674,0.45266242250000016,0.2475257049,0.9400133956
1.2512783639941996,0.21027989290000013,0.9154051904000001,0.44001246090000007
2.1952669779550735,0.5475485808999999,2.2195600336,2.0520884900000005
1.1514958140609977,0.7295875761000001,0.3488549760999998,0.24750005759999985
1.969542396497217,1.2690972416000004,2.3,0.3100000099999999
1.7766937605282456,0.46027989290000015,1.9488594568999986,0.7475013689000002
1.8304282280930877,0.22768961290000006,0.5115507844,2.6112271009000003
1.8940911172380277,0.8601483523999999,2.2374320336,0.4900007743999999
1.3472004494135237,1.0195083684000004,0.34794058009999995,0.4475001024
1.762999411939777,1.1886068928999998,1.5195600336,0.4
1.686949146269679,0.3876028196000001,1.0103400336,1.447854568899999
1.08039563850471,0.4275737881,0.49218088999999987,0.24750005760000002
1.7040495093746544,1.9033228164000005,0.8404588164,0.16000309760000012
1.4430406395178204,0.43557481960000005,1.3192910321000002,0.3275004356000001
1.540333441109424,0.8345476024999998,0.9280531903999997,0.6100263168999999
1.5827409268101966,0.4900956483999999,1.2274720049000007,0.7875011880999998
1.5101794076201673,0.65,0.6206172416,1.0100246015999998
1.227912812255007,0.34017397609999983,0.24009564840000003,0.9275002500000002
1.7255924159545906,0.2,0.6875017424000001,2.0901674436000004
1.5270650312609482,0.12778089760000003,0.8639828721,1.3401638400000007
1.0488656735254522,0.7824278721000005,0.2276896129000002,0.0900017161
1.33497515591115,0.5445670563999999,0.28752420639999987,0.9500674040999997
