Rg,Rgx2,Rgy2,Rgz2
2.0458009362105587,0.3600130321000001,1.9774611903999997,1.8478272480999998
2.1419128865572477,1.4071616483999996,1.893049241600001,1.2875799236000005
1.6872308493504975,0.5878374569000001,0.6687388721000004,1.5901716100000003
2.5177066617261032,0.9878374568999998,2.1,3.2510093776000004
1.7247790840858428,1.8533491903999995,0.5940108760999998,0.5275028224
2.2327849191984437,1.6729158720999997,1.8521651904000003,1.4602474329000008
2.4503735684788968,1.5476247688999998,0.5278728760999999,3.9288329801000024
1.9305888061935925,0.7295875761000001,1.95,1.0475855625000003
2.0096418187577605,0.5278728760999998,2.15,1.3607873635999987
2.023677870808494,1.9466520336000008,1.9011200335999991,0.24750005760000002
2.1167561031209994,0.8208805761000001,0.7284960335999998,2.9312797903999996
2.1769000158252556,2.3510736483999994,1.0275374544,1.3602825760999995
2.000553610603825,0.5278728761,1.8640328164,1.6103090563999998
2.042828754888671,1.3675533920999998,2.0555880336000003,0.7500078960999998
1.4554655364521694,0.35084158010000027,1.3075359761,0.46000237160000046
2.258339951114535,1.9,0.24009564840000008,2.9600036864
1.9679803145610983,2.0620516484,0.35084158010000016,1.4600532899999994
2.256573692946898,2.1642211904,1.5999784569000002,1.3279251844000002
1.7470515521300451,1.0146744569000004,1.45,0.5875146689
2.406988334080579,2.0242276484,0.5303132416,3.2390519504000004
1.9545811071940704,0.6303740321,1.1285586128999994,2.0614546595999985
2.4662711033866493,1.6048057689000004,2.1220224568999995,2.3556649296
2.338319064028688,2.75,0.2900092416,2.4277268035999993
2.0787542182759364,2.4832480336,0.9904588164,0.8475122499999997
2.321539786305632,0.5610004569000001,3.3,1.5285465225
1.84387666922167,0.5303132415999999,2.1195600335999996,0.7500078960999997
1.516893004137075,0.8431494544000001,0.5303132415999999,0.9275016899999999
2.362346812642039,0.5542930564,1.8954648163999999,3.1309245904000007
2.3284834085730566,2.1,2.5740280336,0.7478069503999999
1.6888998452839057,0.7466520335999999,1.5782097688999996,0.5275208849000007
1.7999237504961147,0.6616134399999999,1.35,1.2281120676000001
1.7862353240544764,1.6829640336,0.24752570489999987,1.2601468944000003
2.1303928579489746,1.0876068163999997,1.7620516483999995,1.6889152643999998
1.9371489555013568,2.022022456899998,0.8404588164,0.8900648024999999
1.9480761738956718,2.8,0.3475000049,0.6475007743999999
2.4136887913109257,1.5573287396000002,0.5400092416,3.728555600099998
