Rg,Rgx2,Rgy2,Rgz2
1.6819291096238274,1.1403029225000005,0.8485810943999998,0.8400015129
1.8483236784989798,0.1475149769000002,2.6687854436,0.6
1.5907937413442388,0.45190706890000004,0.8309047225000002,1.2478129361000003
1.737217346620739,0.9293369796000001,0.4275393129,1.6610478169000007
2.453512087498246,1.7895522025,0.4900485808999999,3.7401207801
2.2418518444580586,0.34750001690000004,2.8883409999999996,1.7900586756000003
1.523028598845078,0.883543833600001,0.5885323369,0.8475399424000003
1.6373343812428787,0.25,1.3404169763999998,1.0904468996000003
1.8418818220776272,0.3100000256,0.24004858089999997,2.8424800400000003
1.01282472827237,0.3504405801,0.4878709476,0.18750240249999992
1.4467679948768566,1.6046217224999997,0.3410156969000001,0.14750021160000007
1.678339968808465,1.4654405375999997,0.3913823523999999,0.9600021609
2.318253099081289,1.3795218689,0.18767556249999998,3.8071000000000006
2.051416234434153,1.2156064004000007,2.3651969681000002,0.6275051984000001
2.180129379876341,0.45190706890000004,0.44750576,3.8535512841
1.7469705982929424,0.6100079524000002,0.6942519089000003,1.7476464100000004
2.3840822431493423,0.4878709476,0.6610949481,4.5348822464000005
1.380661385025307,0.8486909401000002,0.4475057599999997,0.6100291599999996
1.9377182991343194,1.6240717775999989,1.0906516996000004,1.0400287295999997
1.3658931417208302,0.7905736024999996,0.2475130321,0.8275774400000003
2.233323833616612,1.8890971528999987,2.4085923600000023,0.6900458328999999
1.3503689493986448,0.6934398224999999,0.4900485808999999,0.6400078961
2.1901542817801674,2.3296891599999996,1.8670620163999998,0.6000246016000003
2.14387352376487,0.7620475624999999,2.3939652208999993,1.4401809024999999
2.3506298715450717,0.8618931201000002,0.25,4.4135676729
1.3409189598555162,0.3,1.3105612543999998,0.18750240249999992
1.4289927842365056,0.6511445369,1.0508744481,0.34000139240000005
1.7691339025070998,1.4712622225,0.5107711729000002,1.1478013696000002
1.2994970600582367,0.42753931290000013,1.0511513641000003,0.21000193209999996
1.7950349613308374,0.5,2.622150512400001,0.1
1.5959108051203865,0.49004858090000036,0.2275431648999998,1.8293395520999998
1.3520238254187682,0.9500010001000001,0.6279674243999999,0.25
1.6153825551552796,0.4519070688999999,1.7475512025,0.4100025281
2.110206048091039,3.277697690000001,0.3477325625000001,0.8275393129000002
1.5075398092919472,0.6610949481000002,1.0215678596000006,0.5900134689
2.158833500133811,0.3275001763999999,2.7722957225000004,1.5607661823999996
