Rg,Rgx2,Rgy2,Rgz2
1.9116930480074459,0.7284960335999997,1.3785690321000001,1.5475052440999995
1.7665040178839109,1.6,0.5303132415999999,0.9902232036000006
1.5326541336191934,0.5,1.0090268164,0.8400018768999999
2.1282442615686765,2.2648080336000005,0.5169338929000002,1.7476817104000002
1.9672109761029701,1.1424147396000002,1.1,1.6275042849
2.0657490720317413,1.2510736483999998,1.7687388721000001,1.2475067081
2.38895913776272,1.0779426024999994,2.0804894568999996,2.5486937024999996
2.0917738357671465,2.2380167396000004,1.75,0.3875010404000001
2.5016565737526806,1.5794069761000014,2.15,2.528878636899999
1.2906348502965508,0.65,0.4882354944000002,0.5275028224000001
1.7420441286316488,1.2144049956,1.1728119761000007,0.6475007743999998
1.4104858411554513,0.9517960644000002,0.8276718721,0.21000237160000057
1.966947744908339,0.8483168163999999,2.0730296484,0.9475369664000002
2.323101367138335,1.65,2.2190388164000017,1.5277611455999998
1.7184392677368612,0.4900956484,1.4029307396000001,1.0600071289
1.9019920864714448,2.8,0.42757378810000013,0.3900001089000001
1.928161099934339,1.8240280336,1.1662169760999999,0.7275602176000001
1.6864774691942968,0.8743734543999999,1.0222427396,0.9475900601000002
1.682631176877452,0.0901739761,1.4510736483999997,1.2900000528999995
2.9137441764506367,0.4537417689000002,2.95,5.0861633569
1.8990173738541731,1.2510736483999998,0.22768961290000017,2.1275037249000004
1.7986146698501042,0.7646744568999998,1.6103400336,0.8600002400999998
1.7830585382146038,0.21027989290000013,2.3415114569,0.6275064009
1.4497178292688546,0.8840076483999996,0.09017397610000004,1.1275001600000003
1.3448091553822796,0.6907011904000002,0.5903076516,0.5275028224000002
1.6241526014817695,1.15,0.6478534400000001,0.8400182328999998
2.028795382117181,2.9,0.6284960336000001,0.5875146688999999
1.917673001869714,1.1275007395999999,0.6616134400000002,1.8883555625
2.3411533407703136,0.65,1.6674860320999993,3.1635129329
2.4621501384968387,0.9513498276000003,3.5,1.6108334769000003
2.0543817232929227,1.3,1.6729158721000001,1.2475683928999999
2.8288692928624335,1.0,0.6,6.402501476100004
2.2511997937322223,0.7377657423999999,1.1,3.2301347688999997
1.0038191012826967,0.24009564839999994,0.32750073960000015,0.4400564001000008
2.1453688684466363,1.1525070049000004,0.24009564840000008,3.210004928400001
1.8107486834179944,1.2966520335999998,0.8911526025000001,1.0910061584000001
