Rg,Rgx2,Rgy2,Rgz2
2.0102059200987346,0.9433200644000002,2.1876068164,0.9100009603999997
2.4853416093567495,0.7240280336,0.26006464159999987,5.1928302399999975
1.4338044921466804,0.8275374543999995,0.48823549440000014,0.7400223729000001
1.588803910619558,1.2029307395999997,0.8313663524000001,0.4900007743999998
1.744603264240899,1.0876068163999995,1.0284960336,0.9275376996000004
1.6557570118226888,1.0640328164,1.2374860048999998,0.44001246089999996
2.1742983405227534,0.65,2.75,1.3275732736
1.7200018481966814,0.7904495761000001,0.5278728761,1.6400839056000003
1.7825562431519517,1.2,1.55,0.42750676
1.9974120911068902,1.2536258929,0.8071616483999999,1.9288675203999996
1.8313624600553546,1.9876068164,0.9187388721000002,0.44754277160000006
1.9401243809611797,1.2336183684000002,2.2829640336000003,0.24750021160000008
2.0561142223378543,1.0,1.5999784568999993,1.6276272384000001
1.605133693777562,0.3600130320999999,0.9764403684000003,1.2400007744000003
2.3259408763766976,2.45,2.05,0.9100009604
1.8563289825890237,0.6284960336000002,1.7774611903999997,1.0400000676000003
1.6340774765291879,0.6340934399999998,0.6476247688999999,1.3884909903999991
2.0413212025793492,2.5466520336000005,1.2603400336000004,0.36000018489999996
1.943807316093856,1.0222427395999998,0.7284960335999998,2.0276481089000002
2.6605562361656636,2.45,2.1146744569,2.5138850289000003
1.4728878144991222,0.4192910321000002,1.2400956484,0.5100118336
1.689731468399639,2.1,0.22768961290000003,0.5275028223999997
1.7897160199875286,0.24752570489999992,1.6280531903999997,1.3275045369
1.8131636045872972,1.25,0.3475000049,1.6900622521000006
1.6339840890902213,0.8415114568999998,0.9183484569000001,0.9100440896000002
1.9180830742436576,0.8609676025000003,0.1277808976,2.690294179600001
1.948436682163421,1.3011200336000002,0.9475580644000002,1.5477274063999995
2.4634080273474797,1.05,0.1603400336,4.858039075600001
1.2793723671394501,0.42829242249999994,0.5610004569000001,0.6475007743999999
2.1280745130986367,2.9125,1.0061748164000002,0.6100263169
1.07474656966189,0.1,0.42757378810000013,0.6275064008999998
2.3514415181756063,0.46027989290000015,1.2767143921000002,3.7922829284
1.9434107872758144,0.9976727395999998,0.7513498276000001,2.027822920900001
1.6110454532073264,1.7951854568999994,0.21027989290000013,0.5900021024999998
1.6738601129126651,1.3900092416,0.9517960643999999,0.4600023715999998
1.8148349348081219,0.3508415800999999,2.1951854569000004,0.7475988035999998
