Rg,Rgx2,Rgy2,Rgz2
1.5735340428475006,0.6907011904000002,1.1377160335999998,0.6475921599999999
1.6258081822896577,0.6284960336000005,1.0747428164,0.9400133956000003
2.0093538658981895,1.6,2.25,0.1875029583999996
1.9593577589097915,1.3497052416000002,1.9293704569000003,0.5600071288999995
2.2716413003156988,1.4102798928999989,2.6,1.1500743044000004
1.6389389590219643,0.7240280335999999,1.5720927689,0.39000010890000014
1.959160072301393,2.0632496484000002,0.9475580643999997,0.8275004760999998
1.7223138724982736,0.8639828721,0.6623697423999999,1.4400124608999998
2.0408717833563186,1.3537417688999998,2.3014040336000003,0.5100118336000002
1.8752666940464764,0.44150776890000004,2.6276173025,0.4475001024000001
1.361306178528548,0.24009564839999994,1.4855562063999996,0.12750265690000004
2.1331485283730247,2.1919000336000005,1.6109212415999994,0.7475013689000003
1.566093798244537,0.5115507844000003,0.7403278276000003,1.2007711729000001
1.7957442523087748,0.9464943524000006,0.6907011904000002,1.5875018769
2.154532139676733,2.2341634568999997,0.9660458276,1.441799456400001
2.50584258504001,2.45,0.5278728760999998,3.3013741849000007
2.2241500178045546,2.5,0.5948038760999997,1.8520394255999997
1.6524614029077955,1.4603400335999999,0.46027989290000015,0.8100087615999996
1.9214479251075216,0.7513498276000002,0.4900956483999999,2.4505166529
1.958628575917343,0.8,2.296183648399999,0.7400422499999995
2.205823853461559,1.6380879761000007,2.8,0.4275708963999997
1.6569136623855816,1.6413608721000004,0.7440018276000002,0.36000018490000013
2.0488762664690126,0.46027989290000004,3.05,0.6876140623999999
1.7498057783937053,1.6829640336000007,0.7513498276000002,0.6275064009
1.5429078676317651,1.2648080336000003,0.4882354944,0.62752116
2.1099394459557366,0.8431494543999998,1.3603400336000004,2.2483549776000005
1.7485793081813588,2.15,0.36001303210000013,0.5475165648999998
1.957105717992771,0.9280531903999998,0.45374176890000006,2.4484678321000004
1.4554713109161583,0.4503058209,0.7403278276,0.9277630884000004
2.053724659734114,3.15,0.12778089760000003,0.9400040804000005
2.0853882827185926,1.1120322063999997,0.8963134543999995,2.3404986289000007
1.761109213024564,1.9488594568999993,0.7126337424,0.44001246089999996
1.657290560221713,1.6866048720999995,0.5,0.5600071288999999
1.6693268407355106,1.0466520336000003,0.7,1.0400000676
1.7656480301860842,1.3900092415999996,0.2,1.5275037248999996
1.8594643074014625,0.36001303210000013,2.25,0.8475944784000002
