Rg,Rgx2,Rgy2,Rgz2
1.3774299181446583,1.0297572001000002,0.2400485809,0.6275073983999999
1.4079791385883527,0.24004858089999997,0.9023551608999998,0.8400015129000001
1.608954416445662,1.1291859236000001,1.0120475625000005,0.4475008281000001
2.056296611240703,1.0427657080999995,1.0375340289,2.1480560163999995
1.782546646851072,0.3875561001000001,2.2999158081000006,0.4900006399999999
1.6379366049698016,0.7626532801,0.4101787568999999,1.5100042849000002
2.0415823987534765,0.7509292736,2.8696098808999997,0.5475195364
1.3673911396524405,0.4911778624,0.8685710563999999,0.51000961
1.9264369144355598,0.5604897369000003,2.2606646084,0.8900048400000001
1.786465009592967,0.6123474025000003,1.3790053796000001,1.2001044483999999
1.7979243919030632,0.24750380249999998,2.4975235640999998,0.48750475240000013
1.3892630756267872,0.4900485809000001,0.5,0.9400033123999998
1.914575051049188,1.6376243844000005,1.3879653456,0.6400078961
2.106488487032388,0.8957851235999998,3.2140082623999993,0.32750036000000005
1.5439719977706852,1.5963100649000004,0.42753931290000013,0.36000015210000014
2.3886426460649153,0.3504405801,0.7418079503999999,4.6133651601
1.8112043969966505,1.4220033936,1.6709555716000004,0.18750240249999992
2.0157895493329656,0.43173020160000003,3.181677305600001,0.45
1.219454227677284,0.6487974404000003,0.5107711729000003,0.32750000010000024
2.0276260757102134,0.5901473796000001,1.0334490369,2.4876710864
1.6493119195591839,1.1311433296,0.9290429184000002,0.6600435600000002
1.876824114721462,0.4878709476,1.9070976804000004,1.1275001295999991
1.693950981345092,1.8219696356,0.5,0.5475002915999998
1.2698697933646586,0.25,1.1225686521000002,0.24000064000000002
1.538418978367077,0.6475579121000001,0.8291224784000004,0.8900525625
2.158756162353683,1.0621555236,1.45,2.1480726449
1.9527412300404785,1.0120475625,0.6610949481000001,2.1400558009000004
1.6885548543651163,1.0581018000999998,1.0656063936,0.7275093024999998
2.157476880664078,2.6945207641000004,0.4101787569,1.5500069696000005
1.823699520507696,1.8868206128999998,0.34892959609999974,1.0901297321000005
1.2332039066593976,0.65,0.5107711729000002,0.36002070249999996
1.4422730751144182,0.5901473796,0.29000424360000016,1.2
1.6226917415516726,1.2626347689,0.5604866436000001,0.8100070756000003
1.6016023574220912,0.19003636090000006,0.9475211599999998,1.4275725904
2.0609838900146698,0.6289212899999995,2.368709,1.2500243049000002
1.7188666481143906,2.0440097600000002,0.5604866436000001,0.3500061504
