Rg,Rgx2,Rgy2,Rgz2
1.3774299181446583,1.0297572001000002,0.2400485809,0.6275073983999999
1.2114242620568567,0.24004858089999997,0.9023551608999998,0.3251450009000004
1.6536849432403988,1.1811061409,1.0120475625000005,0.5415201881
2.056296611240703,1.0427657080999995,1.0375340289,2.1480560163999995
1.466109074728071,0.3875561001000001,1.2382474689,0.5236722500000004
1.5369333693755236,0.4419811400999999,0.4101787568999999,1.5100042849000002
1.9448323789211246,0.7509292736,2.483924172100001,0.5475195364
1.161850730860036,0.4911778624,0.34870964839999996,0.51000961
1.7625444360355855,0.5613082689000001,1.6552497801000001,0.8900048400000001
1.6503274481144643,0.6123290275999999,0.91114721,1.2001044483999999
1.4990647915617257,0.24750380249999998,1.5121866943999995,0.48750475240000013
1.2369622973235683,0.4900485809000001,0.5,0.5400271441
1.8747650716023065,1.6376243844000005,1.0486240408999998,0.8284956484000012
1.9157529234481152,0.8957851235999998,2.4468237801,0.32750036000000005
1.5569272670873233,1.5802972099999997,0.12764957289999992,0.7160757321000014
2.324101304203412,0.047531809599999995,0.7405499025000001,4.6133651601
1.6385119380096071,1.6033339395999993,0.8938850288999998,0.18750240249999992
2.0501277533119735,0.4409397649,3.31208404,0.45
1.1602867408964048,0.5079941481,0.5107711729000003,0.32750000010000024
2.0766345039269667,0.7912907395999993,1.0334490369,2.4876710864
1.4635199597203998,1.1289668900000005,0.35288022249999995,0.6600435600000002
1.897459953305998,0.4878709476,1.9070976804000004,1.2053856463999997
1.6837918651662385,1.7876547536000005,0.5,0.5475002915999998
1.0168200738085378,0.25,0.5439224225000001,0.24000064000000002
1.6593639488068916,0.6475579121000001,1.21587824,0.8900525625
1.8976482151073206,1.4758048024999995,0.6152596609000001,1.5100042849000002
1.9527412300404785,1.0120475625,0.6610949481000001,2.1400558009000004
1.6885548543651163,1.0581018000999998,1.0656063936,0.7275093024999998
2.0614350255586524,2.6601219076000002,0.4101787569,1.1792137001000014
1.5322475265113011,1.0576527504000002,0.2,1.0901297321000005
0.9432443158058256,0.44077006249999995,0.12974865640000005,0.31919112040000003
1.2504309037287906,0.20339868810000014,0.1601787569,1.2
1.524714659895418,1.2746991376000003,0.2400485809,0.8100070756000003
1.3392773652235004,0.19003636090000006,0.5288875624999998,1.0747399376000015
2.0609838900146698,0.6289212899999995,2.368709,1.2500243049000002
1.3946564062879432,1.0345736976000002,0.5604866436000001,0.3500061504
