Rg,Rgx2,Rgy2,Rgz2
1.3771885975058027,1.0291056048999998,0.2400361201,0.6275067081000001
1.5634038108562995,0.2400361201,0.9016924996,1.3025028561
1.636162043747501,1.1286854248999998,1.0114493249000003,0.5368914835999998
2.055370185489709,1.0419228225000001,1.03462336,2.1480004169000004
1.988158343593387,0.3875427716,3.0752302499999997,0.49000057760000004
1.7205053728483386,1.0400003364,0.4101345600000001,1.5100038416000001
2.0403373703875545,0.7499532209,2.8655056400000003,0.5475177241000002
1.5137108176266694,0.4908928143999999,1.2904189225000002,0.5100087024999997
2.010316214678676,0.5603667225000002,2.5910001924,0.8900043681000003
1.9443781567894658,0.6117347224999997,1.9687774100000008,1.2000942841
2.0043814798835076,0.24750278889999996,3.2825380016,0.48750432639999985
1.5000219770723362,0.4900361200999998,0.5,1.2600298116000004
2.015671644936248,1.6336889689,1.6267394864,0.8025037248999999
2.0843643542096952,0.8941589601000001,3.1229154760999993,0.32750032490000003
1.6790164040294544,1.5809194961,0.7356589489,0.5025176400000002
2.4581157343583317,0.6880480625,0.7412895281000003,4.6129953728999995
2.0958723646491455,1.9243670064000002,2.2808117721000003,0.18750219040000005
2.4618549300273567,0.43067081609999996,5.1800588804,0.45
1.2646108591578675,0.7611718024999995,0.5105688224999999,0.32750000010000024
2.1059650927069042,0.9157762516000002,1.0316589601,2.4876537599999993
1.7874892197157441,1.1300110121,1.4050672600999998,0.6600394384000002
1.8722986705117324,0.48777489640000005,1.8902272996,1.1275001156000006
1.6902993670057382,1.8096116899999999,0.5,0.5475002601000002
1.4452818278799469,0.25,1.5988389844000004,0.2400005776
1.5382529698654896,0.6475417315999998,0.8286329955999994,0.8900474720999997
2.3841358052132855,1.0578958416000002,2.0625,2.5637076961000007
1.9525080071282679,1.0114493249,0.6607879248999998,2.1400502681000004
1.6863944183375372,1.0559923081,1.0604254161,0.7275084100000002
2.34604663732416,3.0412733283999995,0.41013455999999976,2.052526936099999
1.9964959329284897,2.4345654969000003,0.4613132244,1.0901172888999997
1.464128109217223,0.8243567481000001,0.8874338496,0.43188052250000003
1.6078881328313857,0.9622382836,0.42306596409999997,1.2
1.7079987248824282,1.2617875984000002,0.8454656449000002,0.8100064009000002
1.8679325432413234,0.19002714409999996,1.2840383396,2.0151065023999992
2.056168481131836,0.6285445824000002,2.3492621504000004,1.2500220900000003
1.9337054824610704,2.8288552464000016,0.5603560769,0.35000556959999995
