Rg,Rgx2,Rgy2,Rgz2
1.6636763801893684,1.75,0.5303132415999999,0.4875058564
2.114844286584712,2.5648080336,0.44751088999999994,1.4602474329000001
2.1047781465275626,2.1921840336000007,1.6878374569,0.5500695556000003
1.7092505906683197,1.2240280336000002,0.45,1.2475095480999998
2.045723841040134,1.7,1.3374860049000001,1.1475000288999997
1.8623910554982808,1.0284960336,0.45,1.9900044100000003
1.6064741062027736,1.1728119761000002,0.46027989290000015,0.9476671849
1.658721355080473,0.6,0.5610004569000001,1.5903560768999998
2.1676636125100224,0.4,1.6380879761000002,2.6606775609
2.157360181564497,0.5475485808999999,1.2515226024999992,2.8551317696
2.1461738450088332,1.0583923921,1.1,2.4476697808999996
2.079956748035882,1.2662169761000004,2.65,0.4100030975999999
1.7421652444013456,0.9518069955999999,0.43557481960000033,1.6477579235999997
2.005457177428628,1.1518069956000003,1.3224650049000002,1.54758649
1.8830723897397041,1.15,1.1475000049000001,1.2484616201
1.5994968161581313,0.85,0.2475257049,1.4608643599999993
2.1363559630829316,0.6284960336000002,0.24752570489999992,3.6879950624999998
2.206013388966622,0.2102798929000001,2.2683484569,2.3878667225
1.7385370753596252,1.7924147395999999,0.7400956483999999,0.4900007743999999
2.4008705738127576,1.7476247689000002,1.2649842063999999,2.7515705369000005
1.4176743402488459,0.22758574759999992,0.8345476025000004,0.9476671848999997
1.2763698709230018,0.24752570489999992,0.6340934399999999,0.7475009025000002
1.545444363605497,0.3508415801,0.65,1.3875567009
1.9083437757647335,0.6139828721,0.7,2.3277930943999996
1.832976739786951,0.8483168164000002,0.8639828721,1.6475040400999994
2.1729424524823475,2.4,0.9341634568999997,1.3875154448999996
1.9576870476151187,0.4103400336,2.1620516484000003,1.2601468944000003
1.4793868722886516,1.0400703920999996,0.5610004569000001,0.5875146688999996
1.9249446080342156,1.8,0.7654051904000002,1.1400065536
1.4030003900926042,0.34017397609999983,0.9407011903999999,0.6875349280999998
1.8281561017320156,1.5007350320999995,0.2309093921000002,1.6105103080999998
2.4497063015798446,1.0195083684,1.05,3.9315525956000004
2.1066264690257737,2.5103400336,0.5,1.4275350463999996
1.90440442031098,2.5650920336,0.6341634569,0.4275007056000001
1.8235019544546696,1.6598587689,1.5752988929,0.09000171609999971
2.2887019924184098,1.8876068164000004,0.4103400336,2.9402099601
