Rg,Rgx2,Rgy2,Rgz2
1.190762988759728,0.4476247688999999,0.46027989290000015,0.5100118336
1.1652861261080902,0.3275361201000001,0.5028408900000001,0.5275147455999999
1.7146005246995581,0.6623697424000001,1.8499784569,0.4275067600000001
1.2114433105184905,0.45,0.19007039210000012,0.8275245024999999
1.4786602174265728,1.0514040336,0.24752570489999998,0.8875063000999999
1.5763263147267446,0.5948038761000001,1.65,0.24000077439999998
1.3467645894513263,0.35084158009999994,0.9353907688999998,0.5275425103999999
1.5476110261948899,1.5,0.24750772839999996,0.6475921599999999
2.016886068968696,3.1,0.7403278276000003,0.22750158760000003
1.7284957291240262,0.44751088999999994,1.65,0.8901865955999997
1.1983027654144842,0.9683429956000003,0.22758574759999997,0.24000077440000012
1.8336336040223522,1.75,1.1621816129,0.45003058090000003
1.2594292364797635,0.8483168164000002,0.1878374569,0.5500077284
1.6644717949247445,2.2951854569,0.12778089760000005,0.3475000016000002
1.1424833850433012,0.42757378810000013,0.0901739761,0.7875205209
1.5459852496385598,1.95,0.1900703921000001,0.25
1.1114045874028056,0.2400956484,0.24752570489999998,0.7475988036000003
2.040025868487947,2.3740280336000006,0.3401739760999999,1.4475035344000005
2.282391041539552,0.4,2.5192760335999997,2.2900328329
1.7585068464751563,0.6100130321,0.19007039209999999,2.2922629048999994
1.4738876405275945,0.4882354943999999,0.5940108760999998,1.0900984064
1.8726270751273464,0.6476247689000001,0.41034003359999993,2.44876736
1.6517671017731286,0.12778089760000005,0.8,1.8005536609000008
1.6609297385801725,0.8366538276000004,1.2120322063999993,0.7100015625000001
1.3883981776493366,0.5475485808999998,0.9326008163999994,0.4475001024000001
0.9195266311532255,0.04755806440000006,0.3479405801000001,0.4500305808999999
1.7161857588559577,2.0877160335999996,0.5475485809,0.3100289444000001
2.005857193271744,2.2432747395999995,0.09017397610000004,1.6900143641
1.614967553853637,1.3706172416,1.05,0.18750295839999973
1.2087105084758714,0.9407011903999996,0.2102798929000001,0.31000000999999994
1.4007555038621124,1.1645100644000002,0.3876028196000002,0.4100030975999999
1.699915845034689,1.9521651904000001,0.5475485808999999,0.39000010890000025
1.6380231202885993,1.0309093920999994,0.7921840335999998,0.8600263168999998
1.2160765302397711,0.22768961290000003,1.0036524569000007,0.24750005760000002
1.6591927279553753,0.50284089,0.26006464159999987,1.9900149769
1.2591139370207922,1.1475580643999992,0.12778089759999994,0.31002894440000006
