Rg,Rgx2,Rgy2,Rgz2
2.059439919614068,0.7,0.47391375999999985,3.0673790224999986
1.8365481014664442,1.7422401289,0.8906682225000001,0.7400005775999998
1.8785405782415243,0.6483573183999999,2.6330572336000007,0.24750015209999998
1.4388311168445032,0.2,0.46010774439999996,1.4101272384
1.9525029314702707,0.9295412324000001,0.7821069529000002,2.1006195120999998
2.426918864692431,3.8877613363999997,1.6621725624999997,0.3400012769000001
1.7692207900937633,2.07013696,0.5,0.5600052440999999
1.3096341448664204,0.24750278889999996,0.9276387684000003,0.5400000361
2.1244391298646335,1.2628227969000003,0.41013455999999976,2.8402842595999997
1.8017601140273916,1.0275038024999996,1.2286723776,0.9901633283999993
1.6028202784779084,1.2491060600999997,0.6799196560999998,0.6400071289
1.8947968946829103,2.2629232675999997,0.9998148648999999,0.3275171396000001
1.686279541535151,0.14751122250000007,2.1060259320999997,0.5900015375999998
1.3984556085553805,0.34750001690000004,0.8981056521000005,0.7100724200999993
1.8898142319286306,0.3100000484000001,2.8738970084,0.3875007744
1.7288923744987714,1.3125,0.8290327225,0.8475361200999998
2.500354847416662,5.048337502499998,0.6434316163999998,0.5600052440999999
2.45246593739852,1.2357973880999997,2.721901419600001,2.0568903664
1.8768224219941534,0.6285445824,0.6338838324000001,2.2600339888999996
1.6296957262323541,0.6475417316000001,1.2482865049,0.7600799236
2.1345341761845837,2.3981360484,1.0705001009000001,1.0876000000000003
1.7314978156497915,0.3579338516,2.1526437584,0.48750707560000006
1.7205365706662556,0.28750778409999994,0.63264089,2.0400974168999997
2.3805987793200263,0.8137209999999999,0.4,4.453529548099999
1.4784094699710226,0.7281604899999999,0.1475112225,1.3100228484
1.3123798264603126,0.9847177764000001,0.2101077443999999,0.5275152881000001
1.309857614170334,0.4877748963999998,0.5879449441,0.6400071289
1.9397237374688179,0.5416491721000001,1.6933767556,1.52750225
1.0824523378883708,0.3275162408999999,0.6166863328999999,0.22750049
1.9840726287613564,0.4514175225,2.8450792016,0.6400474720999996
2.649222188397945,1.4573830328999997,2.3665182225,3.194476948099999
2.0240262668503095,2.5752751401000005,0.6113749264,0.9100322623999995
1.538022348472219,0.43880899239999993,1.5392029776000002,0.3875007744000001
1.1858208044219836,0.6484703225,0.5102005056,0.2475001520999999
1.6974181055355808,1.5430077209,0.5879449441000001,0.7502755600000003
1.214514632517863,0.7964888025000001,0.3910569000999997,0.2875000900000001
