Rg,Rgx2,Rgy2,Rgz2
1.43537705878978,0.7,0.0,1.3603073009
1.839134446961396,1.75,0.8924147395999998,0.7400007743999997
1.3238391457046437,0.65,0.8550498721,0.24750021160000063
1.438907270431281,0.2,0.46027989290000004,1.41017424
1.7676675287225254,0.9336183684000001,0.09017397610000003,2.1008561476000005
1.6673920476600574,1.8461836483999998,0.5940108760999997,0.34000171610000013
1.8097235044337572,2.215092033599999,0.5,0.5600071288999999
1.3097942478496383,0.24750772840000007,0.9280531903999997,0.5400000528999999
1.9481545858581142,0.5445670564,0.41034003359999993,2.8403992004000007
1.5524218348760752,0.18783745690000006,1.2319528928999994,0.9902232036000006
1.0654541602997287,0.4476247688999998,0.04755806440000006,0.6400097344000002
1.7534832399826352,1.7276718720999997,1.0195083684,0.3275232323999998
1.2604927954970628,0.14752840890000005,0.8513115761000002,0.5900021025
1.1779697908265727,0.3475000049,0.3300140196000001,0.7100988035999994
1.354267797150918,0.3100000195999999,1.1365402064,0.38750104040000005
1.407178061511762,0.3,0.8326008163999999,0.8475492804000002
1.7510516683696116,1.8561748164,0.65,0.5600071288999999
1.8241715360678115,1.25,1.267528004899999,0.8100737880999999
1.760880897448774,0.6303740321,0.21027989290000004,2.26004761
1.3643589420310185,0.6476247688999999,0.45374176890000006,0.7601087848999999
1.7685435574223214,0.95,1.0901091904000002,1.0876371241
1.3276067487400027,0.047558064400000044,1.2274720049000003,0.48750961000000015
1.723128236725288,0.28752420639999987,0.6415114569000001,2.0401352569
2.0201190492146748,0.8208805760999999,0.4,2.860000396900001
1.4789007218200958,0.7295875761000001,0.14752840890000005,1.3100313599999998
1.0887201972040383,0.44751088999999994,0.2102798929000001,0.5275208849000002
1.1038202774455634,0.4882354944,0.09017397610000004,0.6400097344000003
1.946523808048594,0.5445670563999998,1.7168848164,1.5275030625000001
0.8093434329751492,0.3275361200999999,0.1,0.22750067240000002
1.5892638120526115,0.45374176889999995,1.431952892899999,0.6400648024999993
2.2958608993360206,0.4192910321000002,1.6554499761000003,3.1962362609000015
1.5440774961445427,0.8601483524000002,0.6139828720999998,0.9100440896000002
1.1939505522424285,0.04755806440000002,0.9904588164,0.38750104040000005
1.186601747006973,0.65,0.5105234944,0.24750021160000008
1.5574833655933538,1.5852056484000001,0.0901739761,0.7503748096000002
0.9695657667739719,0.26006464159999987,0.39249300490000005,0.28750012960000004
