Rg,Rgx2,Rgy2,Rgz2
2.211094996670202,2.3872333449,1.2141495225,1.2875582169000002
1.9853068906091067,1.3511726488999993,2.0302655569000003,0.5600052440999999
2.109472488870144,0.4475043264,1.6793568324000006,2.3230130224999996
2.1908929447830174,1.3629878025000008,2.5968543121000005,0.8401697809000002
2.840114468855085,1.4403087048999998,1.9639772288999997,4.661964262400001
2.376777959339071,3.818577559999999,1.2704898563999998,0.5600060515999999
2.794821040961299,5.0097790169,2.1537438116,0.6475018224999997
2.1238384276822946,1.7478187184,2.4153709476000005,0.3475000009
2.8736737299491746,0.9400212521,4.4779638516,2.8400156024999994
1.9833518113032798,1.2334923081000004,1.5601847009,1.1400073984000003
1.950947519898985,1.6803975524,1.4157975281,0.7100011448999998
2.886999504953196,3.85772636,2.3148812499999982,2.1621585316
2.6578514645668223,1.2151087476,2.2890593600000004,3.560006300100001
2.1026345238533493,3.1227146225000006,0.6483573183999998,0.65
2.2271950733153125,0.24003612009999994,4.0328616960999994,0.6875000783999999
2.337162986657114,0.6484703225,3.8019019641000007,1.0119585396000006
2.010279264729157,0.9475139875999998,1.9336679025000003,1.1600408321000002
2.399113991143397,0.4,0.4275297025000001,4.92821824
1.9614448954278576,1.7590774248999999,1.1406682225,0.9475204303999998
1.66222956684689,1.3824310163999998,0.4405731236,0.9400029928999996
2.588776593895271,2.0251414041,2.0166205688999996,2.6600022801000005
2.1863870797505185,1.0315398736000003,2.63868976,1.1100588289000002
2.161563635010545,1.5521265025000008,2.1102128681000005,1.0100179775999998
2.252593684866403,1.8887159441000005,2.5753808241000007,0.6100815409000003
2.1494514542319862,2.9200332321,0.21010774439999985,1.4900005775999998
1.7029511564340298,0.46010774439999985,1.1299120483999996,1.3100228484
2.456285033663642,2.8212694800999985,2.1620428721,1.0500238143999998
1.8273683898437116,1.9873280024999995,0.7619456921000001,0.5900015376000001
2.456038970782019,3.0771079935999994,2.8275174724000003,0.12750195999999997
1.8454457280559617,0.5,1.0577594676,1.847910467599999
2.358733386141808,2.9854881720999997,2.1506344964,0.42750051840000003
1.9060229446153056,1.6850004761000004,0.5603560769,1.3875669124
2.0374272288845066,2.7809680625,0.7101022121000002,0.6600394383999996
2.389593604318525,1.5013045721,3.1017886840999997,1.1070643375999996
2.044676685102073,0.24750967210000002,2.6263011001000005,1.3068919744000005
1.9367800712264673,0.6278381921,1.1757778721000003,1.9475009800999996
