Rg,Rgx2,Rgy2,Rgz2
1.9274907267481214,1.2603400336000004,1.2647326025,1.1901478656000006
1.691038949226185,0.24009564840000008,0.18783745690000006,2.4316796225
2.1968390423060127,2.55,1.5285586129,0.7475431648999995
1.4825557236407674,0.8561748163999999,1.1517960643999994,0.1900005929
1.7770366641406137,0.6603400336000003,1.75,0.7475192721
1.496186368738868,0.45,0.44751088999999994,1.3410627599999998
1.4875102681998533,0.9625867395999996,0.7400956483999999,0.5100044100000002
1.9469247372458958,1.2529307396,1.95,0.5875851928999998
1.7538471641793645,0.6550498720999993,1.6109212415999994,0.8100087616000001
1.333448775394091,0.6303740321000002,0.3876028196000002,0.7601087849000001
1.4907996810437008,0.8639828721,0.8110004568999998,0.5475003600000004
2.0335537180512344,0.9183484568999996,1.267528004899999,1.9494642623999998
0.9961728671771785,0.09017397610000004,0.6921840335999999,0.21000237160000051
0.8889173055464721,0.0,0.0901739761,0.7
1.6958599629096736,0.7,0.4476247688999999,1.7283162448999996
1.403109542266747,0.24009564840000008,1.3011200336000002,0.4275007056000001
1.6906406707813462,1.4071616484000002,0.7510736483999998,0.7000305808999998
1.466682974606305,0.0,0.9904588163999998,1.1607001315999996
1.816693610518846,1.9103400336000003,0.1,1.2900356409000004
1.4719379912210975,1.0648080335999999,0.5542930563999998,0.5475003600000004
1.540325742302582,1.0774611904000004,0.7550238276000001,0.5401183743999998
1.2983477919648494,0.6340934399999998,0.6616134399999999,0.3900001089000001
0.9315946743621928,0.22768961290000003,0.0,0.6401790244000001
1.442257044635248,0.4900956484,0.7,0.8900097344000001
1.2046774711100063,0.09017397610000004,0.7510736483999999,0.6100001849000002
1.3574228572187812,0.5,0.9025843523999999,0.44001246089999996
1.4092728545955888,0.8110004568999999,0.5475485809,0.6275009408999999
1.97229751138108,1.7924147396000003,0.24752570489999978,1.8500170289000006
1.481365963325741,1.7866048721000005,0.1603400336,0.24750021160000008
1.2083901300490667,0.5681396484000001,0.5445670563999998,0.34750000160000016
1.581461723248464,0.7284960335999999,1.0450203524000012,0.7275047961000001
1.3971413481820658,0.32750073960000015,1.3770029956000003,0.24750021160000002
1.4205656876399626,0.24752570489999992,0.41034003359999993,1.3601411343999998
2.326755685756457,1.2630162064000001,0.4900956484000001,3.6606801664
1.2830517131822865,0.5278728761,0.42829242250000005,0.6900564001000001
2.497581632960172,0.95,0.22768961289999998,5.060224400399999
