Rg,Rgx2,Rgy2,Rgz2
2.1061893590558283,1.2601075369,1.2866846863999999,1.8892413929000011
1.853712192197052,0.24004858089999997,0.7653536881000006,2.4308466225
2.506708313426195,3.1292058084,2.4068458320999992,0.7475349281000001
1.5716656903107604,0.8527196224999999,1.427412929599999,0.19000049
1.7658429321148583,0.6601787568999999,1.7105068224000004,0.7475156816
1.4957066416246203,0.44877234890000006,0.44750576,1.3408602488999999
1.6262840577525195,0.9611971599999997,1.1735991044000003,0.5100035721000001
2.277112922342676,2.8146203961000005,1.7830534760999999,0.5875693889000001
1.900063166686834,0.6511445369000002,2.1490884249,0.8100070755999997
1.4628957856593887,0.9924196196000002,0.38755610009999986,0.7600883599999999
1.9396431421269222,1.9405494016000002,1.2741658256000004,0.5475002915999996
2.6515606374171417,0.9040683320999999,2.7898797168999985,3.3368257648999995
1.705266498879281,0.3658920976000002,1.7019120024999999,0.8401297321000006
0.8888722608451677,0.0,0.09009389609999992,0.7
1.6957953757750375,0.7,0.44756352090000007,1.7281584356000004
1.3914966999242222,0.24004858090000006,1.2687139225000006,0.42750056249999996
1.68623171981196,1.3941896041000006,0.7491630084,0.7000248004000001
2.106430113367163,0.0,2.1477330625,2.289314759999999
2.185487083489628,3.3863250625,0.1,1.2900287296000001
1.4672731593333261,1.0545459236000003,0.5508443088999996,0.5475002915999998
1.7866754349069671,1.0507135696000005,1.6013995000999999,0.5400960399999993
1.5691886471039742,1.418137123600001,0.6542158025,0.3900000840999999
0.9315272131827387,0.22759702249999997,0.0,0.6401459263999996
1.7435811956717129,0.4900485808999999,1.6600189089000001,0.8900078960999999
1.544246996370723,0.3658920975999999,1.4088065360999997,0.6100001521000001
1.3549152370904978,0.5,0.8957851236,0.44001017609999993
1.643161169940429,1.5249540416,0.5475238144000001,0.6275007743999997
2.596501747467157,2.9893228201,0.9915194404,2.7609790641000003
1.5097343147388549,1.8716187760999996,0.1601787569,0.24750016809999997
1.6600261654263162,1.3257728368999993,0.5422458121,0.8876682208999996
1.740684032356246,1.28090916,1.0215678596000004,0.7275038809000003
1.544149621927875,0.3275001764000001,1.809397710399999,0.24750016810000003
1.6618700449192771,0.9915194404,0.4101787569,1.3601138489000004
2.679491383845076,2.2613307556000004,1.2578008963999996,3.6605424240999986
1.2828247617660022,0.5276846881,0.4279088483999998,0.6900458329000003
2.5772741971703357,1.3545657048999993,0.2275970225,5.06017956
