Rg,Rgx2,Rgy2,Rgz2
1.9116811844290356,0.5291176484,1.8377160336,1.2876912689000002
1.5490595745160998,1.5120516484,0.3600130321000002,0.5275208849
1.738259090814715,1.6640328164000002,0.44751088999999994,0.9100009604
1.779737462015114,1.6303132416000001,0.5896520320999998,0.94750016
1.5013272949293903,1.7139828721000008,0.3,0.24000077439999998
2.069549249885105,2.5737440336,0.6616134399999998,1.0476766240999997
1.4258735351005012,0.16034003359999988,1.2827587396,0.5900165649000003
1.9820591850144131,1.5285586129000002,0.6,1.8
1.6980261626076318,0.4526624225000003,0.8404588164,1.5901716099999998
2.484848847656533,1.2901739760999997,0.4355748196000001,4.448724999999999
1.8781647484712305,0.2,2.8,0.5275028224000003
1.6059965405940326,0.32750073960000015,2.0642211904000005,0.1875029584
1.729739242342614,0.8159971904000001,1.3284960336,0.8475046225
1.8175524132194922,1.9275007396,1.0284960336000002,0.34750000159999994
1.6828668207258706,1.4374860048999998,0.8345476025000004,0.5600071288999997
1.8873553273562456,1.1942653920999997,2.167844739600001,0.2
2.0071203002311546,0.24009564839999992,1.9466520336000002,1.8417842175999997
2.2705261285657996,2.2469360335999995,0.9183484568999996,1.9900044099999998
1.7773814818997073,0.5610004569000001,0.2875242064000001,2.3105602688999998
2.2234612079593385,0.6623697423999999,0.25,4.0314100009
1.6713547860642874,2.0558720336,0.2875242063999999,0.4500305809000002
2.1500735619043363,2.2100560336,2.0027571903999997,0.41000309759999987
1.8784824286907769,1.6280531904,1.6731414569000003,0.22750158760000008
2.813357573647545,1.2649842064000005,0.4882354943999999,6.1617611364
1.8505780172421809,1.973141456900001,0.8639828720999997,0.5875146689000003
1.6424481368980879,1.35,0.44751088999999994,0.9001249924000003
1.6111188161647174,0.5878374569000001,0.46027989290000015,1.54758649
1.9646182756454242,1.6550498721,1.0146744569000001,1.1900006400000003
1.429788366332584,0.5542930563999999,1.15,0.3400017161000001
2.03554725666097,1.8558720336000003,0.36001303209999996,1.9275675684000002
2.130677792112172,0.44150776890000004,0.85,3.2482800849
1.71819139382084,1.2621816129000005,1.4,0.29000005290000025
2.186447030526923,0.6,0.4900956484,3.6904549689
2.1159820385343537,2.4514040336,1.6659757688999997,0.36000018489999996
2.339904618077412,3.0,0.7648080336000002,1.7103455880999998
1.9333283289188103,2.4220224568999993,0.4882354944,0.8275004760999998
