Rg,Rgx2,Rgy2,Rgz2
1.6769521110037697,0.95,0.8345476025,1.0276207801
2.618228491193998,3.75,1.7550498721000003,1.3500705599999998
2.073481223787667,1.7415077689000014,0.2102798929000001,2.3475367236
1.6968917818470335,0.6284960336000001,0.41034003359999993,1.8406056520999996
2.8156112997713305,1.0647326025,1.6,5.262934388900001
1.5391055704206908,0.9336183684000006,0.6476247688999999,0.7876028196000001
1.9819972733331395,0.42829242250000005,1.1525070048999997,2.3475137640999995
2.7206700532589396,0.45266242250000027,0.9002938721,6.0490892441
2.134551868894265,0.6547334399999999,1.4133583921000004,2.4882198488999996
2.112814801017827,0.9280531903999998,0.9353907689,2.6005424241
2.208810011386221,0.9949856483999996,1.1275007395999996,2.7563552783999996
1.9146553635054013,0.6478534399999998,1.6303740321,1.3876776889000009
2.030034302616584,0.5610004569000001,2.8,0.7600388129000002
1.575620991355472,0.24009564840000014,1.9949856483999997,0.24750021160000063
2.10376337179351,0.4900956484,1.6,2.3357246760999972
1.7228058932450863,0.21027989290000013,0.21027989290000004,2.5475003599999995
2.2161259594391294,1.8499784569000006,2.2011200336,0.8601157775999996
1.5644139717159267,0.7126337424000001,1.0747428163999997,0.6600145161000004
2.3423542256883354,2.1832480336,0.6550498720999999,2.648325412900001
2.289319470235642,0.8121057424000002,0.7,3.7288778944
1.59421238349851,0.7654051904000002,1.3886068929,0.3875010404
1.597690172624217,0.85,0.7550238276000001,0.9475900600999999
1.697457797590267,0.6413608720999998,1.65,0.5900021024999998
2.1141408831012187,0.8,0.6409734399999998,3.0286182336000005
2.439076356410352,0.12778089760000005,0.8907963683999996,4.930516206399999
1.9328259602457745,1.1475000049000001,0.36001303209999996,2.2283031556
1.2534229407107564,0.0901739761,0.8208805761000001,0.6600145161000003
1.7365158434347785,0.5878374569000001,0.7,1.7276498176000001
1.758156687357529,1.0901091904000002,0.5610004569,1.4400052899999993
2.0868482153716883,1.6774611903999994,1.9374320336000004,0.7400422500000001
1.9603147121572089,0.8341634569000002,1.3802418928999998,1.6284284209000006
2.01626084869989,1.1377160336,1.0,1.9275917763999995
2.045643876924818,1.0871567396000001,1.25,1.8475021316
1.2711225071565682,0.5475485809,0.9407011903999996,0.12750265690000004
1.7042329231944793,0.3488549760999999,1.6280531903999997,0.92750169
1.98859451065319,0.38760281960000004,1.6192910320999996,1.9476142761000002
