Rg,Rgx2,Rgy2,Rgz2
1.618154387473581,1.4681396484000002,0.21027989290000013,0.9400040804000002
1.850827840156939,1.2248979760999998,0.3900088209,1.8106568968999999
2.240696820567209,2.5106240335999996,1.05,1.4600982081
1.1001834152994674,0.21027989290000013,0.2,0.8001236544000001
1.515694814301349,0.12778089759999994,0.7291176484000002,1.4404322241
2.535140258545866,0.6284960336000002,2.55,3.2484400969000005
1.0620069360413802,0.3600130321,0.12778089759999992,0.6400648025
1.1535520962661374,0.4103400336,0.7103400335999999,0.2100023716
1.5712373902755752,0.35084158010000027,1.8904437689000002,0.22750158760000003
1.3472932011258723,0.3275361200999999,0.2600646416,1.2275982081000003
1.4118308113226599,0.7181396484,0.4476247689,0.8275018225
1.8140677189675143,2.55,0.35084158009999994,0.39000010890000014
1.5542976603276477,1.7280531904,0.1277808976000001,0.5600071288999998
1.2812822584817134,0.45374176889999995,0.34794058010000006,0.8400018769
1.4273381100496128,0.7272134400000001,0.2,1.1100806404
1.3532096686397124,0.5510510563999999,0.2400956484,1.0400297025000003
2.0636437708335222,0.9807014543999999,0.6303740321000001,2.6475501264
1.8296152673171482,0.7654051904000002,0.5542930563999999,2.0277937795999996
1.375585838252197,0.6547334399999998,1.05,0.18750295840000003
1.4799105817582359,0.7126337424000001,1.25,0.2275015875999999
1.6658961495243332,0.3401739760999999,1.3475000048999999,1.087536
1.5387301216587657,1.9,0.22768961290000003,0.24000077439999995
1.3078619447403457,0.047558064400000044,1.252930739599999,0.4100140625000003
1.9815703541635858,0.45,0.8889303523999998,2.5876907160999996
1.4614090084230353,0.5278728760999999,0.46027989290000015,1.1475635208999997
1.8325003792905477,2.0521651904000007,1.0583923921,0.24750005759999985
1.8569370420130027,1.5907011903999997,0.44751088999999994,1.4100030976
1.4999191296199939,0.3130162064,1.0492313920999998,0.8875097969000002
1.1300246103957206,0.34193512009999993,0.44751088999999994,0.4875096099999999
2.0160684773340414,1.9183484569,1.4461836484,0.7
1.2923092896052402,0.3300140196000004,0.5,0.8400492804000004
1.298451654048005,0.14752840890000005,0.35084158009999994,1.1876067089000004
1.3548164254613981,0.24752570489999998,0.22768961289999998,1.3603122289000003
1.7854271220355087,0.12778089759999997,0.5594012416,2.5005678688999993
1.3648496295929453,1.3476247689000003,0.22768961289999995,0.28750012960000004
1.4958852267804505,0.8601483524000001,1.0875242064,0.29000005289999997
