Rg,Rgx2,Rgy2,Rgz2
2.369975739580471,0.44077006249999984,2.7832418680999993,2.3927730756
1.224293128625657,0.21944395239999998,0.21944395240000003,1.06000576
1.8337533693765904,0.8275223729000001,2.1851228963999985,0.3500061504
1.592264565610879,1.2388449216000006,0.6279674244,0.6684941009
1.8216544818927654,2.3862731681,0.22754316489999984,0.7046087184000001
1.3938521317557326,0.8553216336,0.6875021315999998,0.4
1.2650365769020278,0.5102689600000001,0.24004858089999997,0.85
1.2013354166926071,0.9040683320999999,0.2516383488999999,0.2875001023999999
1.3434753001451125,0.6289212899999999,0.8540788320999997,0.32192576000000067
1.7091592323127767,0.4279088484000001,0.2600314721,2.2332849609
2.7767556054143476,0.2491248961000001,2.85,4.6112467961
1.74875373926691,1.1509333025,0.2275970224999999,1.6796093155999998
1.5676558176143127,1.69550736,0.46203740249999986,0.3
1.4051575193194532,0.3,1.4269676099999997,0.2475000441
1.5251888687306894,1.71852225,0.1601787569,0.44750007839999995
1.9002374417424783,1.95991921,0.5507505624999994,1.1002325624999996
1.760396443673981,0.5397838564,1.3114135296,1.2477982528999996
1.6481733714024138,0.5283543929000001,0.7279848804,1.460136188899999
1.8773719267635807,1.884799196899999,0.7797259609000001,0.8600001936000001
1.8862773143151566,2.6418826921000003,0.38864244,0.5275169743999999
1.7137097857572035,1.7092502464000003,0.2400485809,0.9875024025000002
1.2806404789010848,0.8881848688999998,0.5913539264000002,0.1605012408999999
1.9539786867056665,1.9296104836000005,0.3378849121000004,1.5505373124
1.3946941077168142,1.05,0.6476716100000002,0.24750004410000007
1.3074860799641426,1.2154405376000004,0.2840773796,0.2100019321
1.633462079204779,1.1475003136,0.47301822249999964,1.0476798281000002
1.4197953110571957,0.24004858089999997,0.7282225343999997,1.0475476099999996
2.1065004117730433,0.35,1.3400474084000003,2.7472965764
1.730495536573267,0.5270663395999995,1.0400201600999999,1.4275283024
1.9339986792911728,2.4282469289,0.7620475625000002,0.5500564001000001
1.33894920482444,0.6409979280999998,0.6934398225000005,0.4583472225000002
1.2821766874343021,0.3564567296000002,1.0400201600999999,0.24750016810000003
1.471857403724967,1.5088397604000001,0.2475130321,0.41001142440000005
1.2441744885264285,0.6406651241000001,0.7798028728999999,0.1275021608999999
1.7561799705041623,1.3437460516,0.2900042436000001,1.4504177936000002
1.215975877104476,0.5422458120999998,0.3963284815999999,0.54002304
