Rg,Rgx2,Rgy2,Rgz2
1.957220553054765,1.3500035344000003,0.6326408900000001,1.8480678689
1.5098780503404903,0.9564352399999999,0.98329521,0.34000127690000015
1.9180599434324253,0.6297619535999995,1.4616752648999998,1.5875167280999993
1.7428490311269074,0.48777489640000005,2.2997478489,0.25
2.14170336900328,1.9088038099999998,0.5879680704,2.0901214404
2.3201659603140463,2.102820640000001,0.6484703225,2.6318791209000003
1.6335936412094654,0.8523121969,1.1887845156,0.6275314720999996
1.5671446638393025,0.24750967210000002,0.7484199089000002,1.4600128164
2.0399459069789083,1.3156143225,1.4887689809000002,1.356996
1.3289586784772505,0.3275162408999998,1.1486148921,0.2900000361000001
1.2829573519801818,0.22757224999999992,0.7614493249000002,0.6569579921
2.3311364984058742,3.1766262440999995,0.14751122250000007,2.110059907600001
1.549813490036785,0.5883350041,0.4657360369,1.3478508129000002
1.2480140900646912,0.3,1.0100390168999993,0.24750015209999998
1.2876166894305152,0.6629521523999996,0.4475043264,0.5475002601000002
2.5858605992009704,0.7638976976,2.792489500900002,3.1302878400000003
1.8976844588603237,0.3319835764,2.6216928080999997,0.6475299209000001
1.8065473737491635,0.4405731236,1.8229477456,1.0000925444
1.656709905505487,0.1876313316,1.4695300625,1.0875263168999996
1.819585542561822,1.4900361201,1.2933446025,0.5275108240999999
2.1976604888835767,2.1418369924000005,2.2403595776,0.4475150543999999
1.4692403589270204,0.7504439449,0.5081317025,0.9000915849000004
1.9022531653016115,1.5027583504,0.42780520089999996,1.6880035536000002
1.8878661581796525,1.8065533956000004,0.8299840256,0.9275012100000003
2.097599142853563,0.1876313316,2.5888167684,1.623474064100001
1.55886722773301,1.45,0.2400361201,0.7400309135999998
1.8767945737613374,0.5534245903999999,2.3789317440999995,0.5900015376000001
2.1645038141107538,1.0929615364,2.1037555625000004,1.4883596624000006
1.405637430740943,0.6333354320999999,0.5105688224999999,0.8319123320999996
1.5968164885483869,0.9200893955999996,1.089709,0.5400245025000003
1.772227653378651,1.2528237849000001,1.4979669920999996,0.39000007839999995
1.4144722828673597,0.6279084440999999,0.42281749000000024,0.9500059049
1.7400482957665286,1.3400395204000006,0.18763133159999987,1.5000972196000004
1.5836232456300963,1.1506270016,0.8297202944000001,0.5275152880999999
2.204841969597821,0.31000004840000006,4.3013280625,0.25
1.6872458612188088,0.14751122250000004,1.0869190895999998,1.6123682841
