Rg,Rgx2,Rgy2,Rgz2
2.004502442827147,0.6875017424000001,0.8,2.5305283009
2.5103060295908146,2.368348456899999,2.3852056484000004,1.5480822569000012
2.4520255948093204,0.6907011904000002,1.5617267396,3.7600015876000006
2.3954866338596004,3.0,0.3900088209,2.3483473921
2.1863293699257667,2.6025334569000007,2.05,0.1275026569
2.204124096347572,2.0,0.6303740321,2.227789000000001
1.523336647297635,0.24752570489999992,1.1829640335999998,0.8900648024999999
2.0642765816140045,0.9878374569000001,1.4827587395999995,1.7906416088999997
1.5451893373952592,0.24009564839999994,0.5,1.6475144400000001
2.148065351636211,2.7374320336,0.18783745690000006,1.6889152644000003
2.6471683354105005,0.31000001959999995,2.45,4.2475001764
1.4087505752971319,0.8345476025000002,0.7,0.4500305809000002
2.060690870582,1.1573287396,0.7291176484000002,2.3600004760999997
1.984439990022374,1.05,2.0400956483999995,0.8479064256000001
2.5185017869161817,0.8639828720999999,0.8687255760999999,4.610142802499999
1.6015705864556826,1.3475000048999999,0.2900092416,0.9275190968999996
2.162831982841016,0.5303132416,2.0,2.1475289444000003
2.0830465737712154,1.4415114569000003,1.85,1.0475715716
2.0654372565875727,0.5436747843999999,0.9623303683999997,2.760025908099999
1.7161060169173699,1.3,1.1575140049,0.4875058563999997
1.711725477318136,1.651073648400001,0.8889303523999998,0.39000010890000014
1.8474059400413327,1.2140002064000002,0.25,1.9489085009
1.7497063322169235,1.6192910320999991,1.0146744569,0.42750676
2.0002921827573092,1.8011688163999995,0.5,1.7
1.8336235444605309,0.2,2.3620516484,0.8001236544000001
1.4153568370909155,0.18783745690000006,0.18783745690000006,1.6275600625000002
1.7464459370962502,0.6623697424000002,1.5401091903999995,0.8475944784000001
2.151611563874855,0.0901739761,1.0284960336000002,3.5107623121000002
1.677940863499069,0.4537417689000002,0.9738023523999999,1.387941420100001
1.94244420473279,0.4355748196000001,2.75,0.5875146689000001
1.82145447782809,0.7291176484000002,1.2385082064000001,1.3500705599999994
1.9849220745661529,1.1424147396,2.05,0.7475009024999999
2.1145117764155392,1.1728119761000007,0.5445670563999998,2.7537810201
2.242946783898361,0.7295875761000001,2.5136291904000005,1.7875935089000006
1.8135681380637452,0.4415077688999999,2.2,0.6475216224999999
1.9583244615742306,0.9100749956000003,2.2374320336,0.6875276675999997
