Rg,Rgx2,Rgy2,Rgz2
1.61272460243527,0.31000001959999984,1.5432747395999995,0.7476058841000002
1.8460567130237355,1.3802418928999993,1.5401091903999995,0.4875743044
1.4163782848871975,0.8110004568999999,0.6476247688999999,0.5475022200999998
1.6912463201438162,0.95,0.21027989290000004,1.7000342224999998
1.5786484536146734,1.3706172416000002,0.5940108761,0.5275028223999997
2.089897679457059,1.3466520336000003,0.21027989290000018,2.8107403841
1.5390287607773934,1.6303740320999995,0.4882354943999999,0.25
1.8708368664584307,1.45,1.6,0.45003058090000003
1.6863508382302894,0.5445670563999998,0.8892089956000003,1.4100030975999993
1.3285369910168103,0.55,0.32750073960000015,0.8875097968999999
1.5731013608474185,0.7646744568999994,0.7824278721000005,0.9275455625000004
1.3730375396543242,0.5475485808999999,0.04755806440000005,1.29012544
2.009403842461739,0.0,0.32750073960000015,3.7102030624999998
1.279233583596053,0.6413608721000003,0.14752840890000005,0.8475492804
2.1908635678654202,1.75,2.709881456899999,0.3400017161000001
1.4971282254035558,0.5303132415999999,1.2835789761,0.42750070560000025
1.4904833545196001,0.44150776890000004,0.2900092416000001,1.4900236195999998
1.2680159768709542,0.38760281960000026,1.0327587395999998,0.18750295840000003
1.5575050819178728,0.4882354944,1.4875560048999996,0.45003058090000014
1.3765903193761027,0.8,0.3475000049,0.7475009025
1.4155592773176262,0.12778089759999997,0.7284960335999998,1.1475311364000003
1.829664370752188,2.15,0.3876028196000002,0.8100688900000004
1.268227026758222,0.21027989290000013,1.2706172416,0.1275026569
1.1292645131234755,0.3401739760999999,0.047558064400000044,0.8875063001000001
1.3893965943890896,0.1,0.24009564839999994,1.5903272481000006
1.7139967466421866,0.34193512010000016,0.3475000049,2.2483497224999995
1.5251213387793117,1.3884892416,0.45,0.4875058563999997
1.3238890988674241,1.0726729956000003,0.29000924159999997,0.39000010890000014
1.452447833624327,0.34794058009999995,1.5341634569000004,0.2275006724
2.008682803182225,2.2499784569,0.8573264569000004,0.9275016899999999
1.7785385900227189,2.1877160336,0.34794058009999995,0.6275429025000003
1.6124716104477623,0.2600646415999999,2.05,0.29000005289999986
0.8945246922248709,0.45,0.09017397610000004,0.26000044889999996
1.368222283256635,1.1120322064,0.45,0.31000000999999994
1.6264800022133687,0.3303132416,1.0876068164000001,1.2275171396000002
1.3371263911463271,0.19007039210000007,0.21027989290000018,1.3875567009000005
