Rg,Rgx2,Rgy2,Rgz2
1.2245726306348672,0.24752570489999984,0.7620516483999994,0.4900007743999998
1.8804303626829686,1.2400956484,1.5483168164000003,0.7476058841000002
1.4578086903980234,0.22768961290000012,1.35,0.5475165648999998
2.2548955173133853,0.7684934399999995,0.7284960335999999,3.5875643204
1.163019747596747,0.0,0.9025843524000005,0.4500305809000003
1.870250642801654,0.18783745690000006,3.0,0.31000000999999994
1.3051426605930863,0.4275737881,0.8483168163999999,0.42750676
1.6808776222854536,0.7295875761000001,0.5475485808999999,1.5482134240999996
1.1046418183284572,0.24009564839999992,0.24009564840000003,0.7400422500000003
1.7103581633388958,1.4901739761000012,0.6875017424000001,0.7476493283999999
1.864989751446372,0.18783745690000006,1.05,2.240349316100001
1.4641566096562213,0.6921840335999999,0.9240280336,0.5275425104000002
1.9775510141081065,1.4461836484000001,0.6139828721,1.8505414929000004
1.7683406036168485,0.3625867396000002,2.3169416484,0.4475001024
1.9045179628714455,0.7513498276000002,1.3276896129,1.5481492304000006
1.8535737093517484,0.4882354944,2.6,0.34750000159999994
1.724430883306142,2.0558720336,0.1277808976,0.7900089401000002
1.617209548883508,1.4,0.18783745690000003,1.0275292681
1.6634485135404702,0.44665203359999994,1.5103400336,0.8100688900000002
2.310692758503389,0.5610004569000001,0.18783745690000006,4.5904631104
1.3413623989064254,0.0,0.8892089956000001,0.9100440896000002
1.5969028605397384,0.24009564840000014,1.9,0.41000309759999903
2.0308791389937513,2.1603400336,1.2240280336,0.7401020100000004
1.8592458989870062,1.1415114569000004,0.12778089759999997,2.1875029584000005
1.5240083959086315,1.6326008164,0.2,0.4900007743999998
1.1525574269857448,0.65,0.2908686416,0.38751998090000017
1.4592556138661932,0.7600185761000001,0.5594012416000002,0.8100071288999999
1.4983489191106323,0.5475485809,0.95,0.7475009024999998
2.5712103502241894,2.091939872100001,1.2248979760999998,3.2942848168999994
1.5937777619542821,0.0901739761,0.9623303684000003,1.4876232100000002
1.4523404381204843,0.7,1.3192910321000002,0.09000171609999999
1.5387485986021237,1.55,0.0901739761,0.7275732735999995
0.978676811720805,0.21027989290000013,0.14752840890000005,0.6
1.2276767712635113,0.3275361200999999,0.5896520320999996,0.5900021025000001
2.2889201625657463,2.401404033600001,0.4275737881,2.4101776889
1.7540295835589548,0.1,2.1291176484000007,0.8475021315999998
