Rg,Rgx2,Rgy2,Rgz2
2.0705670437346386,0.8558720336000004,1.4413608720999997,1.9900149769000008
1.7564856214896836,2.1877160336,0.24752570489999987,0.65
1.607041162633988,0.7400956484,1.4949856483999997,0.3475000016000001
1.7906607243137938,0.7440018276000002,0.9623303684,1.5001336336000004
1.7124498573096965,2.0341634569,0.4882354944,0.41008556250000006
1.882796360257795,2.1573264569000004,0.2400956484,1.1475000289000001
1.5573373421966097,0.5445670563999999,1.1931976129000008,0.6875349280999999
1.7359810269124487,0.7295875761000001,1.6240280336000001,0.6600145160999997
2.4444257145595567,2.6377160335999994,2.95,0.3875010404000002
1.9254692678409593,0.8415114568999998,0.9177123523999999,1.9482080920999998
2.1065388680249884,0.4,2.75,1.2875060024999994
2.2724748386065796,0.5115507843999999,1.9625867396,2.6900043681000003
2.1490758874455786,2.45,0.6284960336000002,1.5400311364000003
1.971006519446346,1.35,1.2871567396000003,1.2477099600999988
1.4946343099567865,1.0466520335999998,0.5597367843999993,0.6275429024999999
2.193689597139942,0.3900088209,1.1309409956,3.2913242321
2.492578348397498,0.7126337424000001,0.5903076516,4.910005428899998
1.6441108097083967,1.2248979760999998,0.6907011904000002,0.7875011880999998
2.5212266006053485,2.2740280336,1.9949856484000001,2.0875698896
1.72582503742413,1.1348440644,1.2536258929000001,0.5900021025
2.1390705290148806,1.3141309761000002,1.3011200336000004,1.9603717184
1.902882558304637,1.2319528929,0.4415077689000002,1.9475013689
1.669738739084651,0.4900956484,0.85,1.4479318084000004
2.23355453322725,1.95,0.21027989290000018,2.8284859600000005
2.130302249071713,2.0640328163999997,1.9466520336000002,0.5275028224
1.8372232133031634,0.7951854569000001,1.2901739761000002,1.2900297025000005
1.5414453219300386,0.6285536516,0.6,1.1475000289
1.8857793958202005,0.0,2.8061560336000007,0.7500078961000001
2.0086537274751963,2.0640328164,1.7231567688999998,0.24750021160000008
2.042817624214164,0.09017397610000003,1.1921840335999998,2.8907458361
2.3144306616963055,0.5475485809,1.9183484568999998,2.890692249999999
1.9816593397958189,0.5896520321000002,2.0268154569000005,1.3105062500000002
1.7795274426937058,0.8071616484000004,1.5120516483999995,0.8475046225000004
1.9616865531985483,1.3,1.9082080321000003,0.6400061009000002
1.9836871503591487,1.1575140049,2.35,0.42750070560000014
1.747980782903519,1.3802418928999998,0.7476758276000002,0.9275190968999996
