Rg,Rgx2,Rgy2,Rgz2
1.4195277931763084,0.5303132415999999,1.0747428164000001,0.41000309760000037
2.029059807127429,1.5619908928999988,2.3150920336,0.24000077439999995
2.3490093102412346,2.1678447396000005,2.05,1.3
1.639030949860313,0.42829242249999994,1.4303740321,0.8277559999999999
1.6327665729062437,0.6340934399999998,1.6318332416,0.4
1.1506464626895616,0.6139828720999996,0.2,0.5100044100000011
1.933863470413566,0.9623303684000005,1.8499784569000006,0.9275190968999999
1.9954484712465017,1.8207259761000008,0.7510736483999998,1.4100149769000005
2.3338384609265486,0.4282924225000001,1.0648080335999999,3.9537015056
1.637048924009298,0.8,0.8924147396000001,0.9875144400000002
1.9015154675416133,0.1603400336,0.5278728760999999,2.9275481636
1.5225457377694764,0.5303132415999999,1.0602720643999997,0.7275602176
2.4875178780463068,3.0,2.1377160335999994,1.0500291599999998
1.5191632863191502,1.3,0.1603400336,0.8475170569000001
1.8667643515452077,0.6476247688999998,1.8895171904,0.9476671849000002
1.4510398101361657,0.5475485808999999,0.41034003359999993,1.1476279160999998
1.9871588203513075,2.1921840336000002,0.5278728760999999,1.2287432676
1.509083966583702,0.3401739760999999,0.5896520320999997,1.34750841
1.9301992541963122,1.8242276484000002,0.7913608721000001,1.1100806404
1.8869751187548818,0.5115507843999999,1.0390820643999998,2.0100422500000006
1.6900815137146492,0.5436747843999999,0.45266242250000016,1.8600383161
1.9084232513779535,2.25,0.5445670563999998,0.8475122499999997
2.2525905600663427,2.85,1.7341634568999997,0.4900007743999998
2.500620481720487,1.7150920336,2.25,2.2880107599999997
2.5305061154243433,1.8804894569000006,2.4951854568999994,2.0277862863999996
1.5525005074717366,0.9336183683999998,0.7291176484000002,0.7475218088999998
1.6517051394543762,0.6139828720999999,1.0266109956,1.0875360000000005
2.366175347454199,0.4882354943999999,1.8625867396,3.2479635409
1.9212416449265304,0.8483168164000003,1.8951854568999997,0.9476671849
2.1670847805519746,2.2081887396,1.8280531903999997,0.6600145161000001
1.9387108488890241,0.9309409956000003,0.6,2.22765876
1.9092791254554689,1.95,0.6476247688999999,1.0477220099999998
2.0682265428139153,2.55,0.7875017423999999,0.9400592900000004
1.4572632627291475,1.0284960336000002,0.2475257049,0.8475944784000002
1.3696031735141387,0.42829242249999994,1.0,0.4475204303999999
1.4249206918632351,0.9100749956000003,0.2102798929000001,0.9100440896000002
