Rg,Rgx2,Rgy2,Rgz2
1.3706545216428536,1.0208805761000002,0.5303132415999999,0.32749999999999957
1.7430081442437382,0.8479743684000003,0.7,1.4901030224999996
2.518862422185857,0.8341634569,1.4821790321000006,4.028325412900001
1.8248530420283162,0.19007039210000012,2.3,0.8400182328999997
1.6672095177571413,0.7295875761000001,1.8,0.25
1.6793389313953275,0.42829242249999994,1.731833241600001,0.6600535823999998
1.4650701457609463,0.8889303523999998,0.3100000196000002,0.94750016
1.6987389660863141,0.5115507843999997,0.7740280335999998,1.6001352569000002
1.3667010109017992,0.5903076516,0.29000924159999997,0.9875547599999999
2.064244583425132,1.6027571903999998,2.368348456899999,0.29000005289999986
1.9352002906417725,0.3475000049,2.45,0.94750016
2.990974355924838,2.6061560336000005,0.3479405800999999,5.991830984100001
1.7840543042463701,0.9336183683999998,1.0492313921,1.2
1.5846052683239442,0.8121057424,0.7510736484,0.9477944655999992
2.476286824279449,2.4921840336,1.1921840336000002,2.4476283688999994
1.412253024248842,0.4275737881,0.9168848164000007,0.65
2.6041686322125916,0.45374176890000023,1.05,5.2779524961
1.3986831002053324,0.7963134544000002,0.25,0.9100009603999997
2.3930483550484305,0.44751088999999994,2.25,3.029169539599999
1.933428173297369,1.690095648400001,0.46027989290000015,1.5877689600000002
1.531120939997883,0.8639828721,0.5328114944000004,0.9475369664000002
1.750948334046439,1.0479743683999994,0.12778089759999994,1.8900648025000002
2.388330452052228,2.55,0.6139828720999999,2.5401394761
1.7946450029184045,0.21027989290000004,2.5829640336,0.4275067600000001
1.9400479037900067,1.1285586128999998,1.3877160335999998,1.2475112224999996
1.9034404885364817,0.7476758276000002,1.5353907689000004,1.3400190968999999
1.7075755641844963,0.4415077689000002,1.3466520336000003,1.1276545049
2.46163016247364,1.55,1.3620843683999997,3.1475386883999996
2.051654133156951,1.95,1.0492313921,1.21005329
1.7152266052624066,1.0103400336,0.44150776889999993,1.4901545048999991
1.909842980875653,2.15,1.25,0.24750021160000002
1.8682176576619756,0.9280531903999998,1.8521651903999998,0.7100188355999989
2.1107841345575817,0.5896520321,0.8345476025,3.0312100281000003
1.9699913579759685,1.1424147396,0.4900956484000001,2.2483555625
2.4070968554048666,0.22768961289999998,1.6620516483999999,3.9043740099999966
2.0310720591352736,0.9309409956000001,1.5659757689,1.6283369449000002
