Rg,Rgx2,Rgy2,Rgz2
1.5511604130456655,0.5115507843999999,1.0345476024999996,0.8600002401
1.6905010854181668,1.3415077689000001,0.42829242250000005,1.0879937283999994
1.5940055134158098,1.3529307395999992,0.2275857475999999,0.9603370896000001
1.5833206415000087,1.3452608928999994,0.6616134399999997,0.5000299209000001
1.1726629905049446,0.24752570489999984,0.5276127844000001,0.6
1.472468177279224,0.22768961289999998,0.09017397610000004,1.8502989441000004
2.1092700616564017,0.49343278809999996,0.0,3.9555874049
1.2188007972593389,0.7904495761000001,0.24752570490000006,0.4475001024
1.655849216625717,0.7913608721000001,0.6603400336000004,1.2901357225
1.379337540633184,1.1275007395999999,0.14752840890000002,0.6275429025000006
1.2309498948373163,0.2600646416,0.5276127844000001,0.7275602176
1.1012096110187197,0.4,0.4526624225000001,0.36000018489999996
2.1720355334340185,2.1029307396000005,1.7247428163999998,0.8900648025000001
1.6979003210141637,1.0341634569,0.6603400336,1.1883620095999998
1.5154893412360244,0.8276718720999998,0.44150776890000004,1.0275283024
1.8223135443166745,0.42829242250000005,2.4025334569,0.4900007743999999
1.344340058095421,0.7295875761,0.3300140196000003,0.7476485960999999
1.313857281176308,0.55,0.4886068929000002,0.6876140624000001
2.1719894118066043,2.2,0.18783745690000003,2.3297005481
1.4881780319571982,0.5291176484,1.2855562064000001,0.4
1.695780970673984,1.9415114568999996,0.44665203359999983,0.48750961000000015
1.4635892761632276,1.0640328164000004,0.7280531904000002,0.3500075625000001
1.1268827691468177,0.6146744569000001,0.22768961289999995,0.4275007056000001
2.314667142938699,0.5475485808999999,0.1603400336,4.6497953680999995
1.53990859394316,0.6276718721000001,1.2561369956000001,0.48750961000000004
1.6173783603721175,1.5007350320999995,0.6276718720999999,0.4875058564
2.2887920408809532,2.2877160335999998,0.9407011903999998,2.0101517823999995
1.6878593208558588,0.3488549761,0.3900088209,2.110005290000001
1.694378520018476,0.42757378810000013,1.0146744569000004,1.428670324100001
1.4895494520156087,0.7,0.6285536516,0.8902039183999999
1.3161011547749664,1.1120322064,0.26006464159999987,0.3600254016000001
1.1306220540039007,0.42829242249999994,0.3600130321,0.49000077439999973
1.6848987513200904,0.5510510564,0.46027989290000015,1.8275528528999998
1.5627138745144613,0.9573287396,1.0747428164000001,0.4100030975999999
1.2000398528382297,0.24009564839999986,0.5,0.7
1.5682175339218727,0.04755806440000001,1.6242276483999998,0.7875205209
