Rg,Rgx2,Rgy2,Rgz2
1.900095298373216,1.2510736483999998,1.9192760336000003,0.44001246090000024
1.8521680655113346,1.5319528928999988,1.5510736484000003,0.3475000016000001
1.462063313676942,1.1218908164000003,0.48823549440000014,0.5275028223999997
1.389064780346835,0.5115507844,0.3275007396000001,1.0904494400000007
1.3373933071837918,0.16034003359999996,0.32750073960000015,1.3007800849
1.7206212589933905,2.0730296484,0.32750073960000015,0.5600071289
2.0704833987743054,1.9488594568999986,0.5903076516,1.7477343961000007
2.108449027626705,0.5,2.2029307395999997,1.7426265625
2.1686578531893868,0.34193512010000027,1.9,2.4611417641
1.6310410178471908,1.3600130321000004,0.46027989290000015,0.8400018768999997
1.7267394622235286,0.4900956483999999,2.0640328164000006,0.4275007056000001
1.636004907969411,0.5115507844,1.0774611904000004,1.0875000841000002
2.0427524214647255,1.3452608928999998,0.2,2.6275765625
1.912787697602638,0.4103400336,1.5007350320999995,1.7476817104000006
2.0551255539990736,1.5341634568999996,1.8793704568999998,0.8100071289
2.3611184232265865,2.25,1.964032816400001,1.3608473921000002
1.5676463063140231,0.6623697423999999,1.3476247689,0.44752043039999984
1.8666459623881546,1.5120516484,1.0222427396,0.9500727609
2.1707619514585192,0.9415114568999995,2.583044456899999,1.1876515361000002
2.515167855491955,1.0871567396000001,1.3284960336,3.9104165680999996
2.03445614769648,1.35,2.2415114569000005,0.5475003600000002
1.988862969462703,2.1999784568999994,1.1055974544000007,0.65
2.064952334195635,2.5740280336000003,1.3,0.39000010890000025
2.0729178001310133,0.6146744569000001,1.8919000336000003,1.7904137155999986
1.9334913241336253,1.3488594569,0.1603400336,2.22918921
2.1680454232095783,1.4525070049000002,1.3192910320999998,1.9286229200999998
1.9423213499315708,1.7247428163999998,0.1603400335999999,1.8875293764000003
2.0913510605347922,2.45,0.8961836484000001,1.0275656100000004
2.2444588993340915,3.35,1.2400956484,0.4475001024000001
1.5342968414879827,0.8,1.1940666129,0.36000018489999996
2.170832595250034,0.9025843523999999,0.9824278720999994,2.8275019320999992
2.1435988965522443,2.65,1.4949856483999997,0.45003058090000003
2.0504819361798825,1.7284960336000001,0.6276718721000002,1.8483082649
2.0076727045512173,0.5597367843999999,1.4413608720999997,2.0296520320999996
2.1212828695155204,0.24009564840000003,1.2706172416000006,2.9891281224999995
1.2250559634971785,0.6413608721000001,0.5594012416,0.3
