Rg,Rgx2,Rgy2,Rgz2
1.417843395054616,0.21027989290000013,0.5,1.3
1.2982717729735944,0.7440018276000002,0.44150776890000004,0.5
1.0992979521494617,0.3303132416,0.7181396484,0.16000309760000006
2.3074205800417054,2.75,1.6466520336000001,0.9275376996000002
1.2176683662229217,0.8877160335999996,0.3475000049,0.24750021160000008
1.275879450457605,0.41034003359999993,0.2900092416,0.9275190968999999
1.5589230575624957,1.25,0.45266242250000027,0.7275786769
1.6045348143932556,0.6303740320999995,0.6966520335999998,1.2475059049000001
1.7893262200336753,0.42829242249999994,1.5832480335999999,1.1901478656000006
2.172388855361765,2.3642211904000003,1.1275007395999999,1.2275514088999997
1.5483863729702612,0.0,1.85,0.5475003600000001
1.6210176066286264,0.2276896128999999,1.05,1.3500084681
1.5197773216165584,0.6921840335999999,1.2075359760999997,0.41000309760000003
1.8354366895373972,0.7586978276000003,0.5497052416,2.0604247721
1.9590731577202523,0.9904588164000003,1.8,1.0475088209000003
1.7399569597550397,0.6270798760999998,1.1728119761000007,1.2275583696
1.9844874301693118,0.46027989290000015,0.75,2.7279104675999997
1.7888884889785612,0.2900092416000001,0.2,2.7101127843999997
1.4036404700990919,0.6,0.8601483523999999,0.5100582169000001
1.2798099015478823,0.41034003359999993,1.0400703921000003,0.18750295839999967
1.7678201055820129,0.0901739761,1.9871567395999992,1.04785721
1.2469291078886557,0.2635117475999998,0.5510736484,0.7402468040999993
1.236949716237487,0.75,0.33001401959999976,0.45003058090000014
1.0898131539397016,0.22768961290000003,0.55,0.41000309759999987
2.3207360679965308,0.7103400335999999,0.3479405801000001,4.327535283599998
1.3299552330435789,1.3886068929,0.0901739761,0.29000005289999986
1.0187194236393062,0.46027989290000015,0.2900092416,0.28750012959999993
1.124830480828111,0.2900092415999999,0.22768961290000003,0.7475447560999999
1.474842818947158,0.09017397610000004,1.9949856484000001,0.09000171609999993
1.6710094598475498,0.5475485808999999,0.5542930563999999,1.6904309776000002
1.1938857862877839,0.24752570489999992,0.7878374568999996,0.39000010890000025
2.133724127833774,2.360853648400001,1.3019148929,0.8900101124
1.1540408445977985,0.42829242249999994,0.26351174759999996,0.6400061009000001
1.8732777969644547,0.6710960321000006,1.2102798928999998,1.6277937796
1.966278163358379,0.7284960335999998,2.8277537721000003,0.3100000100000001
1.3071912020817764,1.1687480643999997,0.3,0.24000077439999998
