Rg,Rgx2,Rgy2,Rgz2
1.9566564932046706,0.8889303523999998,1.7292371904,1.2103370896
1.811666018917394,1.0871567396,1.0474769956000003,1.1475000289
1.4554845341672307,0.44751088999999994,1.5109212415999997,0.16000309760000053
1.737158142081486,0.8275374544,0.34193512010000027,1.8482458360999998
1.8204380700260034,1.0774611904,1.8090268164000005,0.4275067599999999
2.1096025037432997,1.6961168721,0.6667996515999999,2.0875062000999995
1.45728821531638,0.44751088999999994,0.24750772839999985,1.4286703241
1.9601460334117966,0.8110004568999996,1.6836638929000003,1.3475081224999998
1.4983910801923508,1.15,0.7476758276000003,0.3475000015999999
1.7058629144512167,0.7963134543999999,1.6536524568999997,0.4600023716
1.5560075090114445,1.2217483920999999,0.5594012416000002,0.6400097343999999
2.20012416560975,1.4915292415999999,1.7,1.6490171024999996
1.691279673087807,0.41929103209999985,0.7510736483999998,1.6900622521
2.3373477455012974,1.7720224568999998,0.6284960336000003,3.062675992899999
2.656095291362868,2.0377160335999998,0.2900092416,4.727116921599999
1.8180686405358848,2.35,0.5278728760999999,0.4275007056
2.3492778046242218,1.3109212415999998,1.6740280336000002,2.5341569281000025
2.029052538649505,1.9483168164000002,0.3401739760999999,1.8285634120999998
2.233681494058631,1.6665891903999992,2.0951854569000004,1.2275583695999996
1.282711696134404,0.7878374568999995,0.3475000049,0.5100118336
1.8544430611102622,0.6413250563999997,0.6476247689000003,2.1500092416
1.5794320247797942,0.6032455809000001,0.7513498276000002,1.1400101124000002
2.0035867315641718,1.3648080336000006,1.9620516484000003,0.6875001088999999
1.9396066191885404,1.95,1.4020707395999996,0.41000309759999987
1.8654472592919906,1.6533491903999997,1.1365402064,0.6900040803999998
1.82290579871808,1.9276718721000008,0.5478090564,0.8475046225000004
1.6601765026647017,0.65,1.6461836484000003,0.4600023715999999
2.0377639883460494,1.7864547688999992,1.4385082064000003,0.9275190968999997
2.3208875875621375,1.9011200336000003,1.9378470320999988,1.5475521284000002
1.9509470137602405,2.3683484569,0.41034003359999993,1.02750576
1.4891756410846908,0.4900956484,0.9,0.8275484415999997
1.9122427614976085,0.8561748163999999,1.15,1.6504975625
1.74066401390389,0.64785344,0.5542930564,1.8277647129000012
2.1627485044960726,2.2840076484,1.5059636483999994,0.8875097968999999
1.7973649675566727,1.3497052416,0.0901739761,1.7906416088999997
2.109707544210808,1.285104392099999,2.0181396484000005,1.1476218816
