Rg,Rgx2,Rgy2,Rgz2
1.4119105585694867,0.6139828721,1.0195083684,0.36000018489999996
1.0352343203352563,0.047558064400000044,0.6966520336,0.3275
1.7760854872725018,1.2240280336000002,1.4029307396,0.5275208849
1.8146868748078828,0.6603400336,2.1852056484,0.44754277160000006
1.2274072009728476,0.7911526025000002,0.5278728761000001,0.18750295840000006
1.6129208996413928,1.0415114569,1.35,0.2100023716
1.830263342281651,0.6921840336,2.0976727396,0.5600071288999998
1.0846053337965842,0.24750772840000015,0.6413608720999998,0.2875001296
1.8943463958051598,0.2,0.9407011903999996,2.4478470768999996
1.027622691896204,0.24750772840000002,0.5610004569000001,0.24750021160000002
1.6779915865104928,0.24009564840000014,0.22758574759999997,2.3479743684000005
1.7887373586415642,2.1194674569000007,0.24009564839999986,0.8400182328999998
1.6956839644815893,0.3475000049,1.0,1.5278441025000002
1.8443541539791108,1.0492313921000005,1.5648080336000008,0.7876028196000002
1.8652924432645945,0.7466520335999999,2.1926304569000004,0.5400334084
0.953953897837836,0.3300140196000004,0.3300140196,0.25
1.3660726455426886,0.4900956484,1.1285586128999998,0.24750021160000063
1.5230178848588747,0.5445670563999998,0.32750073960000015,1.4475156816000003
1.9660462589929057,3.35,0.18783745690000003,0.3275004355999999
1.427685478703205,0.3275361201000001,1.4632496483999997,0.24750005759999985
1.7744240168854795,1.15,0.35084158009999994,1.6477390116000001
1.493148594145941,0.4415077689000001,0.46027989290000015,1.3277050624
2.6656078733752273,1.6592268721,1.5554499761000014,3.8907884863999995
1.1771227017180494,0.04755806440000001,0.22768961290000017,1.1103701776000001
2.3412200215485943,1.630313241600001,0.3100000196,3.5409979281000004
1.4686876742861297,0.3488549760999998,0.7181396484000004,1.0900488601
1.1117888543244172,0.4275737881,0.5610004569000001,0.24750021160000008
1.5766635475268653,1.6461836483999999,0.6921840336000004,0.14750026009999978
1.765970832035456,1.1797488163999998,1.6514040336000004,0.28750012960000004
1.62225738142873,1.8966520336,0.2875242064,0.44754277160000006
1.4985020833819351,0.7878374569,0.6100130321,0.8476580048999998
1.3657926160658505,0.29000924159999997,0.7878374569,0.7875427715999996
1.298431346317548,0.4275737881,0.9183484569000001,0.34000171610000074
1.283789432111045,1.0306060643999992,0.29000924159999997,0.3275
1.444096476036141,0.2600646416,1.6378470321000005,0.18750295840000003
1.5315205797180789,0.5497052416,1.5683484569000004,0.22750158760000008
