Rg,Rgx2,Rgy2,Rgz2
1.7830875610580652,1.6650920336,0.5542930563999999,0.9600161603999997
0.9368939283077887,0.7400956483999999,0.09017397610000004,0.0475006084
1.6022622293182847,1.5319528928999995,0.7477576025,0.28753375610000004
1.404674099640198,1.4353907689000005,0.22768961290000006,0.31002894440000006
1.2441039727450436,0.2102798929000001,0.9275007395999999,0.4100140625
1.7523615450300203,0.44665203359999994,1.4340076484000004,1.1901113025
1.1158177222557455,0.65,0.5475485809,0.0475006084
1.3982330688050544,0.5475485808999999,0.3475000049,1.0600071289000002
2.208790796295566,0.8110004568999996,0.3,3.7677563249
1.0498244966659904,0.21027989290000013,0.5918515808999999,0.3
1.442769552562016,0.75,0.44150776890000004,0.8900762129000002
2.1209216442150804,0.8326008164,1.5537417688999997,2.1119660355999996
1.6396284195207156,0.5896520320999998,1.7512252416000003,0.3475040803999994
1.1726323248571993,0.32750073960000015,0.2600646415999999,0.7875011880999998
1.7128054206184657,0.5550994944000001,0.42757378809999985,1.9510291263999993
2.03209644625938,0.9517960644000001,0.25,2.927619902500001
1.828843851645077,0.5445670564,2.2400956484,0.5600071288999999
1.2709688487921331,0.1277808976,0.42757378810000013,1.0600071288999997
1.840854349588799,0.8892089956000003,1.1120322064,1.3875035344000004
1.6880458005042398,1.3675533920999998,0.3419351200999997,1.1400101124
1.8263826536079453,2.4341634569,0.4415077688999999,0.4600023716
1.4612811847827234,0.18783745690000006,0.4,1.5475052441
1.294611927799215,0.42849603359999994,0.7,0.5475240100000001
2.128069662887003,0.5903076516,0.16034003359999996,3.778032804900002
1.8222351673974466,1.3730296483999997,0.8,1.1475113568999997
1.6205617883314414,1.7683484568999996,0.21027989290000004,0.6475921599999999
1.226784893614198,0.85,0.32750073960000015,0.3275004355999992
1.2419648285277645,0.6547334399999999,0.22768961290000006,0.6600535823999997
2.1442159104204035,1.1575140049,2.25,1.1901478655999997
1.4086799005096935,0.9464943523999999,0.5278728761,0.5100118336
1.4956154904252628,1.1610482063999992,0.8483168163999999,0.22750067240000002
1.1412743515036161,0.3275007396,0.3475000049,0.6275064008999997
1.9701595468641622,0.2309093921000002,1.3404762063999998,2.3101430416000004
0.8746979665004373,0.2475257049,0.19007039210000007,0.3275004356000001
1.622695448197227,2.0181396483999996,0.32750073960000015,0.28750012960000004
1.4735587225828495,1.4730296483999996,0.3508415800999999,0.34750408039999986
