Rg,Rgx2,Rgy2,Rgz2
2.519069612317214,0.5105234943999999,2.1073264569,3.727861760399999
1.4601182342878953,1.2141309761000008,0.5303132415999999,0.3875010404
2.5227528767003715,1.9011200336000005,0.7126337423999999,3.7505283009
2.984974252853783,0.46027989290000015,0.5475485808999999,7.9022428164
2.2817086345105504,0.7280531904000002,1.85,2.6281411024
1.736870102627137,0.42757378809999996,1.7291176484000002,0.8600263169000006
1.5709536113456692,0.5278728761,1.2,0.7400223728999997
1.899605437163202,2.25,0.8110004568999999,0.5475003600000001
2.1601056666052245,1.4433108164000006,2.4951854569,0.7275602176000004
2.149020584824631,2.164808033599999,1.0533491903999999,1.40013225
2.1370911782607687,0.4882354943999999,0.24752570489999992,3.831397504900001
1.7624990938437388,0.3876028196000001,1.3710960321,1.3477042041000002
1.7854179982009815,0.3900088209,1.1575140049000003,1.6401946024999998
1.8186194556860982,0.6139828720999999,0.9433200644000005,1.7500737881
1.945370329628783,0.24752570489999984,1.0466520336,2.4902879809
2.0013920980157787,0.8280531904000001,1.95,1.2275171396000002
1.9211514573296922,2.1632496484,0.2,1.3275732735999997
1.4670914826962904,0.6139828720999999,0.2908686415999998,1.2475059049000001
2.0120337596571285,2.85,0.48823549440000014,0.7100443556000002
2.04869195034295,1.8533491904,1.7537417689000006,0.5900477480999996
1.5481526118894098,0.25,1.319276033600001,0.8275004761000002
2.3322234864609355,0.7,1.7510736483999998,2.9881927424000003
2.3367976830697175,0.6285536516,0.8,4.032069760000001
2.52039862664619,2.3648080336,1.4,2.587601203600001
1.618241525205678,0.44150776889999993,0.5896520320999997,1.5875458329
1.8619588102049949,0.9326008163999999,1.5341634569000004,1.0001263376
1.807375827131701,0.8609676025000003,2.1181396484,0.28750012960000004
1.7907505155381083,0.22768961290000017,0.8889303524000003,2.0901674436000004
1.3774109738200866,0.5597367843999993,0.2875242064000001,1.05
1.7952779792277296,1.8183484568999997,1.0146744569,0.3900001089000001
2.5016875860106915,2.9,1.5109212416000002,1.8475195364
1.715520596378837,1.8878374569000005,0.8276718720999998,0.22750158760000003
2.1156758697399747,0.18783745690000003,1.8,2.4882469288999984
1.984449039809287,0.24750772840000002,0.9625867395999999,2.7279435236000014
2.086966985579791,1.2536258928999993,0.9517960644000002,2.1500092416000003
1.7916595908821518,2.3,0.0,0.9100440896
