Rg,Rgx2,Rgy2,Rgz2
1.6804611515295438,1.9413608721000006,0.6550498721,0.22753893759999966
1.2611871100673369,1.1728119761000007,0.12778089760000005,0.2900000529000001
2.1019922606898436,0.2908686415999998,3.6,0.5275028224
1.821429231400441,0.0,0.5896520320999998,2.7279524129000015
1.8964946769764477,1.8415077689000001,0.9051523683999998,0.8500319225000001
1.3273754007062206,0.95,0.8119254544000002,0.0
1.623846347072284,0.4900956484,0.6966520336000004,1.4501292769000003
2.363652571043384,0.6692910321000001,2.4146744569000003,2.5028879876
1.032249530394662,0.12778089760000005,0.7477576025000001,0.19000059289999985
1.5241934775152401,0.35084158009999994,0.8247428164000006,1.1475813604000005
1.1322260792350614,0.3419351200999999,0.45,0.4900007743999998
1.656108755154685,0.22768961290000025,2.0275007396,0.4875058563999999
1.8907871164411925,0.42757378810000024,2.3,0.8475021315999998
1.9519288708608211,2.1,1.1,0.6100263168999999
1.2478858313563783,0.5497052416,0.3600130321000001,0.6475007743999996
2.515719450216975,0.25,0.3401739760999999,5.738670376099999
1.6179779989851528,0.4,1.2678447395999997,0.9500080655999996
1.1023721777149493,0.3401739760999999,0.32750073960000015,0.5475497024999998
2.521413300829517,2.3103400336000006,0.6478534399999999,3.3993315600000003
2.042974468440563,0.4282924224999999,1.6554499761000003,2.0900022800999993
1.719999827034875,0.95,0.46027989290000004,1.5481195121000002
1.8160465237707981,1.8380167396,0.9,0.5600082368999999
1.7973350175746314,0.5878374569000001,1.6949856484,0.9475900601000001
1.6788959747107624,0.6915077689,1.8371838721000007,0.2900000528999998
1.667325065006821,1.3466520336000003,0.9433200643999999,0.4900007743999998
1.5671648227611543,0.4,1.0284960336,1.0275095480999998
1.7237123101318277,2.051073648400002,0.3100000195999999,0.6101104600999999
1.508247461526125,0.0,2.0648080336,0.21000237160000004
1.609948283392979,0.6340934399999998,1.6103400336,0.3475000015999999
1.492913327892815,0.3876028196,1.1536524569000002,0.6875349280999998
1.2821417391614705,0.7295875761000001,0.6667996516,0.24750021160000008
2.0900272420712604,1.4585688928999987,0.9817425760999999,1.9279024035999996
1.702113377921694,1.0348440644,1.0348440643999992,0.8275018225
2.182999640517607,2.45,1.4554499761000013,0.8600374543999999
1.8564217838896417,1.3100642063999992,0.24750772840000007,1.8887299049000004
1.2148938321515999,0.5609418761,0.2875242063999998,0.6275009408999999
