Rg,Rgx2,Rgy2,Rgz2
1.345580127565802,1.0804894569,0.24009564840000003,0.49000077439999973
1.6622220648577613,1.4625210048999997,1.0904588164,0.2100023716
2.7725095615524933,0.75,0.2875242064000001,6.649285062499997
1.769004984221356,1.4415077688999995,0.18783745690000003,1.5000334084000002
1.691020951969549,2.162051648399999,0.45,0.2475002116000001
2.246674667057961,0.85,2.15,2.0475470596000003
1.7770834893724041,1.3400703920999997,0.7904495761000001,1.02750576
1.8737811298815026,0.18783745690000003,2.5756964569000003,0.7475218088999998
1.5107141541999267,1.0222427395999998,0.6,0.6600145160999998
1.6233564310403308,1.4169847396,0.42829242250000005,0.7900089401000001
1.7510075638043374,0.0,1.5559636484000001,1.5100638401000006
2.321121850959144,1.4071616484000002,0.4526624225000001,3.527782576100001
2.0463026711119743,2.4073264569000004,1.1525070048999997,0.6275211600000004
2.1190235318419663,2.4,1.3802418928999998,0.7100188356000003
2.10713306044018,1.95,1.85,0.6400097344000002
2.7118558304047062,0.24009564840000003,1.2590268163999998,5.855039580099999
2.229282465234049,1.4319528928999994,1.9499784568999996,1.5877689600000002
1.7342595217844416,0.12778089760000003,1.1894922064000002,1.6903829848999998
1.9825350103592119,1.7625867395999997,0.32750073960000003,1.8403575881000003
1.7040508049644527,0.34794058009999995,1.868348456899999,0.6875001088999997
2.1073892095196842,2.4,0.6907011904000001,1.3503880899999998
2.263903057222195,2.3150920336,0.7598587689000001,2.0503062499999998
1.8265693334500064,1.6785690320999997,0.2102798929000001,1.4475066049000005
1.497697065898174,0.9280531903999998,0.8275374543999998,0.48750585640000005
1.284523257866513,0.8,0.25,0.6
2.3654729714372134,0.7477576024999998,3.5,1.3477047761
2.5914055559097653,1.1,0.16034003359999993,5.4550427216
1.688334106064318,0.65,0.16034003359999996,2.0401320200999997
1.9564325173386379,0.9517960643999995,0.8275374544,2.0482946761
2.152374027440398,1.65,0.6921840335999999,2.2905299204
2.178381584387823,2.0678447396000004,2.45,0.2275015876
2.4395994145146043,2.45,1.6109227688999996,1.8907225344000007
1.558591272046652,0.7280531904000002,0.7911526025000004,0.9100009604
1.336648493434231,0.4275737881,0.5115507843999998,0.8475046224999998
1.336903159544475,0.5597367843999999,0.6,0.6275732735999999
2.3699740370096882,2.3192760336,2.55,0.7475009024999998
