Rg,Rgx2,Rgy2,Rgz2
0.908310718752124,0.2475257049,0.45,0.12750265690000004
1.6982733359798126,0.2102798929000001,0.8247428164000006,1.8491096144000003
1.8748713949761997,0.9100749956000003,1.2950363921,1.3100313600000004
1.4372052547913954,0.9659971903999995,0.6520616515999998,0.4475001024000001
1.9519251952111278,2.2840076484,0.9659971903999995,0.5600071288999999
2.1999230159712404,0.7792737688999999,0.7126337424000002,3.3477537648999993
1.5388267225389607,0.1277808976,0.45,1.7902067843999994
1.2868541675341456,0.42829242250000005,0.3876028196000002,0.8400984063999989
1.5446605937227764,1.9756964569000002,0.21027989290000013,0.2
0.9721164625702005,0.32750073960000003,0.29000924159999997,0.32750043559999986
1.9579924894135827,2.219467456899999,0.6139828720999999,1.0002842596000001
0.9288930384602955,0.18783745690000003,0.32750073960000015,0.3475040803999999
1.7536495666181429,0.12778089759999992,1.7,1.2475059049000001
0.9421002350599432,0.3,0.0,0.5875528529000003
1.5137565913977058,1.0901091904000002,0.7513498276000002,0.45
1.6779145740472008,0.42757378810000013,0.26006464159999987,2.1277588881
1.3016770703212068,0.7,0.8043626024999998,0.19000059290000007
1.606335345312429,0.85,1.5303132416,0.2
1.720205705925893,1.6550498721,0.5940108760999999,0.7100469225
1.5955185524775322,1.3692760336,0.3488549761,0.8275484416
1.599319437917266,1.65,0.46027989290000015,0.44754277159999994
1.554212951239308,0.21027989290000013,1.3775420048999991,0.8277560000000002
1.2798828082680072,0.8027571904,0.5478090563999999,0.2875337561000003
1.436163038481356,0.3600130321,0.9550498721,0.7475013689000003
2.2672507453962827,0.12778089760000008,0.85,4.162645044899999
2.5317392739774767,0.1277808976,1.0146744569,5.2672483969
2.059440315449807,0.9659971903999995,0.3475000049,2.9277972176000007
2.3090059217117656,0.6915077689000001,2.9,1.7400005776
1.398509949195929,0.44751089000000005,1.0483168164,0.4600023715999999
2.4370274504198757,1.5014040335999996,1.4071616484000002,3.0305371120999993
0.8398179258625051,0.38760281960000015,0.22768961290000006,0.0900017161
1.3402931264839046,0.18783745690000003,1.2610482063999995,0.34750000160000016
1.5616048100912086,0.6284960336000002,1.2625210048999995,0.5475925444
2.274994152014462,0.8924147396000001,1.05,3.2331836521
1.8712626834573491,0.43557481959999994,2.4059636483999998,0.6600855624999997
1.4548801646183784,0.7600185761000001,0.5291176484,0.8275400689
