Rg,Rgx2,Rgy2,Rgz2
2.170162525457483,0.5115507844000002,1.85,2.3480546024999995
2.4368062436312004,0.3479405801000001,2.65,2.9400840889000004
1.6857847085852924,0.7440018276000002,0.85,1.2478682560999992
2.239299253829198,0.25,1.8729158721000014,2.8915452761000005
2.0904992877540045,0.36001303210000024,2.85,1.1601742399999995
1.8117584850084185,2.4424680336,0.35,0.4900007743999998
1.657627222870088,1.55,0.25,0.9477280100000002
1.774327807509086,1.1365402064,0.8639828721,1.14771609
1.5990400988405513,0.8889303524000003,0.8404588164,0.8275400689000001
2.029865434209864,0.46027989290000015,2.6,1.0600737880999997
1.4165484325288706,0.24009564839999994,0.9764403684000001,0.7900734448999999
2.007800750398306,1.852745241600001,0.9309409956000001,1.2475776161000005
1.9921742161768887,0.12778089759999997,2.4134467396000012,1.4275304703999996
1.956773654411772,1.0583923921,1.5829640336000002,1.1876067089000006
1.5189669278822366,0.4882354944000002,0.6284960336000002,1.1905289999999997
1.8627385604533984,0.6687388720999994,1.410279892899999,1.3907761796
1.9019264904038746,1.7620516484000004,1.3452608928999994,0.5100118336000002
2.644523175319135,2.0168848164000006,2.4291176484,2.54750036
2.725681239837116,2.7737440336000003,0.12778089759999992,4.52781329
2.315345864746777,0.8609676024999997,0.7510736484,3.7487852225000005
1.7258686770725058,0.9011200336000013,1.95,0.1275026569
1.8118423725589374,0.44751089000000005,1.747624768899999,1.0876371241
1.5960987238889706,0.45,0.95,1.1475311364
1.9098636500546315,0.5475485808999999,2.65,0.45003058090000014
2.1114261540484907,0.24009564840000003,1.0266109956000002,3.19141376
1.6022577813198475,0.29000924159999997,0.5896520321000001,1.6875687241000001
2.0322511542867927,1.5512252415999999,1.4687388721000003,1.1100806404000003
2.0001975065477904,1.7247428163999998,0.8483168164,1.4277304323999993
2.4084116867761622,1.85,1.6007350321,2.349711820899999
2.222346183923648,0.8840076483999997,1.8071616484,2.2476532644000002
1.8164543488070382,1.5559636484,0.8159971904000001,0.927545562500001
2.1740293247332247,2.238897648400001,2.0,0.4875058563999999
1.8773068233243067,0.8730296483999996,1.9036524568999997,0.7475988035999999
2.1901005949499215,1.1365402063999999,2.9,0.7600004096000001
1.8138087956838227,1.9195600335999992,0.41034003359999993,0.9600022801000003
1.8291781006233374,1.5073264569000002,0.8110004568999998,1.02756561
