Rg,Rgx2,Rgy2,Rgz2
2.3834247083975613,0.12764957290000004,3.1127437155999997,2.4403200521
1.4251275888845882,0.4601442401,0.8108128201000001,0.7600315843999998
2.0114317560881854,3.358212192400001,0.4601442401,0.2275012769
1.7541968133023158,1.7666564025,0.5505184729000001,0.7600315843999995
1.5927956124060612,1.9619513856000002,0.22754316489999976,0.3475033123999992
1.9081654045181724,0.44077006249999995,0.6100079524000003,2.5903171961
1.5716120147479151,0.7279848804000005,0.7944769481,0.9475024964000003
1.7099939235564552,1.9058087961,0.6907700624999998,0.32750036000000005
2.433613781704073,2.652683462399999,1.7214769025000003,1.5483156736
1.3754285104650112,0.5909728160999996,0.5107711729,0.7900595984000001
1.9814241867909048,0.8,0.7600138384000001,2.3660279695999984
1.5331020784018266,0.8903888783999999,0.25,1.2100131044000002
1.3380257040879298,0.3100000256000002,0.5901473796,0.8901653796
2.1011103580250134,2.9769781956000005,0.41017875690000005,1.0275077840999998
1.2598730225304453,0.4519070689000001,0.4878709476,0.6475020163999997
1.4117896232442,0.9543641225000004,0.44877234890000006,0.5900134689
1.7870441775457038,1.2388747556000006,1.0071295744000002,0.9475225625000002
1.9698725968193986,1.6275001849000006,1.6053958464000004,0.6475020164
1.2135669232061328,0.22759702249999983,0.6351475025000001,0.6100001520999997
2.645043756575683,4.1160181604,2.5402241009,0.3400142129000001
1.5843831944955737,0.7279848804,0.8422744025,0.9400108240999995
1.5494906126530743,1.2400485808999997,0.5107711729,0.6501014048999998
1.37665617922559,0.3475000169000001,0.9876755625,0.5600066564
1.676309439274265,0.5505184729,1.9119948624000007,0.34750000090000005
2.4447739365021053,1.1511614601000002,3.0370898681,1.7886682724000003
1.1047575171502568,0.5604866436000001,0.5,0.1600025281
1.8877917196025624,1.6252641489,0.5909728160999999,1.3475206115999996
1.3510568886246057,0.5876755625000002,0.4101787568999999,0.8275003969000002
1.9361365212453383,1.1797382025,1.02877449,1.5401119364000002
1.6722600580950318,0.9413432224999996,1.6276092024999997,0.22750127690000013
1.7522656673575498,1.5516037609,0.7913241856000002,0.7275070225
1.6340759045711433,1.9216691969,0.5885323369,0.16000252809999999
1.4338675069196596,0.42753931290000013,0.6406651241000001,0.9877715904000001
1.8825360083674367,0.5953582399999999,2.0610756304000017,0.8875079524000002
1.8690799277451995,1.6302531009000005,1.1530845728999999,0.7101221025
2.6925707288203222,3.3679774160999996,3.4819597136000007,0.4
