Rg,Rgx2,Rgy2,Rgz2
1.5065885823608245,0.7537120099999993,0.14751497689999993,1.3685821695999998
1.0296743899893792,0.4601442401000001,0.2600708964000001,0.3400142128999998
1.6495682267187373,1.9260424224999997,0.047531809599999995,0.7475011024999998
1.2001439359510173,0.1901863225,0.5901473795999999,0.6600117648999996
1.5251623965335626,0.4101787568999999,0.5884349225,1.3275066564000002
1.8362284419156567,0.7912907395999993,1.1529158489,1.4275283024000005
1.1441246824537963,0.6610949481000002,0.5479263409,0.1
1.7120864798543325,0.4911778624,0.8,1.6400622521
2.4488248404898214,2.8760204544,0.16662433209999997,2.9540983129
1.9478316056066034,1.4497676644,1.9167747768999994,0.4275055224999999
1.987348591415205,1.8438579529,0.6152596609,1.4904368099999996
1.3263021253470113,0.7277859480999999,0.7912907395999993,0.24000063999999996
0.9215888884963837,0.3116160399999999,0.1901863225,0.34752371690000006
1.5797117368051679,1.2154405376,0.2400485809,1.0400000529
1.0931588798065903,0.2400485809,0.6649477155999993,0.29000004000000007
1.2873767214766625,0.36000795240000016,0.8698303081000001,0.42750056249999985
1.9829574476019398,2.490168176399999,0.8318620025000003,0.6100900600999999
1.5325527609188534,0.34009389609999996,1.2210041664000004,0.7876199025000002
1.768977010760739,0.34870964839999996,1.8305151080999997,0.9500549080999996
1.7148920391383242,0.19003636089999995,2.0033176225,0.7475007225000003
1.5412984491655075,0.23077298409999963,0.6601787568999999,1.484649168399999
1.0171203751769011,0.04753180959999999,0.4593836736000002,0.5276183744
1.6055682271706797,0.2,0.16662433209999997,2.2112249999999998
1.9998877103977613,2.0226160048999997,1.6294348484000003,0.34750000090000005
1.9557738480969624,1.8043952100000005,1.3306528224999998,0.6900033123999998
1.9457829474789836,1.1412809241000001,1.9287146225,0.7160757321000013
2.067647170288006,1.3724813584,2.652683462399999,0.25
2.4771065896727174,3.5083776721,0.12764957289999992,2.5000298116
1.5203859714230465,1.0219712100000002,0.0,1.289602292100001
1.4275399092494754,1.5101855044,0.5276846881,0.0
1.569614270513619,0.047560684099999986,1.8286163716000001,0.5875119025
1.8452078624642805,1.8572888516,0.5,1.0475032040999994
1.0812010666846386,0.22754316489999984,0.6939525376000004,0.24750004410000015
2.6431251279309502,3.2758573928999994,2.0621424649000013,1.6481105841000006
2.3427723459397414,0.3464325376,0.9766544704000001,4.1654952569
2.1295014384122877,1.5556425049000002,0.8291224783999999,2.1500113929000024
