Rg,Rgx2,Rgy2,Rgz2
1.6444582967348247,0.4476247689000002,2.0291176484,0.22750067240000002
1.1826744707653074,0.7911526025000002,0.04755806440000003,0.5600082368999999
1.511916824564103,1.1483168164000002,0.9100749956000003,0.22750067240000008
1.7840802921393424,0.8743734544,0.5597367844000001,1.7488322500000006
2.381090286948397,1.8603400336,1.8793704568999998,1.9298804641
1.7169702472087278,1.5276718720999996,1.3303132416,0.09000171609999968
1.4068192816776433,1.3497052416000002,0.3419351200999997,0.28750012960000004
2.4166152727316774,2.0,2.45,1.3900293763999998
1.8601083564136796,1.75,1.55,0.16000309760000003
1.4595719793829975,0.0901739761,0.5115507844000001,1.5286256025000013
1.457180565647236,0.9276718720999995,0.5681396483999999,0.6275636804
1.2038057850417565,0.1,0.6616134399999999,0.6875349280999998
1.4138682333937627,0.7477576024999998,0.7037417688999998,0.5475240099999998
1.1865321619324103,0.2600646415999999,0.9002938720999998,0.24750005760000002
1.130382244773864,0.26006464159999987,0.0901739761,0.9275254015999999
1.4072666071501871,1.0390820643999994,0.7138156515999999,0.2275015875999999
1.7456535707006706,1.2303132416000007,1.1894922064000006,0.6275009408999999
1.1549147800162571,0.09017397610000004,1.1536524568999995,0.0900017161
0.9453857571383231,0.0,0.4537417689000002,0.44001246090000024
1.7726868200841348,1.7620449761000014,0.5903076516,0.7900659344
1.6415332611311901,0.4192910321,2.0878374569,0.18750295840000006
1.8369390833938943,1.9183484569,1.0284960336000002,0.42750070560000025
1.8487956608560072,2.5100560336,0.1603400336,0.7476493283999999
1.7562799293392841,0.9824278721000003,1.2144049956000003,0.8876863225000001
2.071129228657642,0.5475485808999999,0.85,2.8920277008999995
1.707769738050186,1.8488594569,0.24009564840000014,0.8275223729000004
1.2007192167197123,0.5115507843999999,0.09017397610000003,0.8400018768999997
1.29852236368882,0.48860689290000014,0.25,0.9475534360999995
1.2998492876868457,0.6100130321,0.7295875761000001,0.3500075625000001
1.820863640913289,0.9154051904000001,0.4900956484,1.9100435599999994
1.5185515651435748,1.35,0.4284960336,0.5275028224
1.7120930622486616,0.4537417688999999,1.95,0.5275208849
1.6951319898462183,0.5115507843999999,1.2141309761000003,1.1477907024999998
1.3523150536025248,0.8110004568999998,0.22768961290000006,0.7900659343999997
1.3776567271276252,0.18783745690000006,0.25,1.4601006008999997
1.3621422698822612,0.22768961289999998,1.3802418928999989,0.24750005760000002
