Rg,Rgx2,Rgy2,Rgz2
1.6622232604557068,0.9625867396000001,0.5903076516,1.2100917764
2.115465344670056,1.8976727395999995,2.05,0.5275208848999999
2.212165422566766,2.75,1.7561748163999997,0.38750104040000016
1.3627149618317107,0.6284960336000002,0.6284960336000004,0.6
2.4795832471203703,1.4452608929,0.16034003359999988,4.542732152899999
1.9093124041130618,0.24750772840000015,1.85,1.5479661281
2.3355534484357237,2.45,2.1648080336000004,0.8400018768999999
1.6487484122509415,0.2475077284000001,0.46027989290000015,2.0105837056000007
1.8075282661690244,1.3896520320999997,1.25,0.6275064009
1.8244337787105345,1.8,1.1285586128999998,0.4
2.374675262430634,0.7510736483999997,2.5,2.3880089536000004
2.2950415448309425,2.2,0.7037417689000002,2.363473923599999
1.6439155068615907,0.75,1.2248979761000005,0.7275602176000006
2.2365163425515138,1.224897976100001,0.64785344,3.1292539344
2.109157919383942,0.9407011904000001,2.2603400335999995,1.2475059049000001
1.6666646440721062,1.1218908164000005,0.42829242250000005,1.2275877969000004
2.472145143311775,0.1603400335999999,0.26006464159999987,5.691096934399998
1.6282435948284888,0.85,0.7911526024999999,1.0100246015999996
1.9863203705595933,1.7284960336000001,0.4694148209,1.7475577599999998
2.0378082398744,2.85,0.4526624225000001,0.85
2.318967884835838,0.3876028196000001,0.8341634569000002,4.155845774400001
2.114307351001741,2.8,1.2102798928999998,0.46001568159999995
2.61323522645781,0.45,1.5401091903999993,4.838889158400001
1.512880742590109,0.9336183684,0.22768961290000006,1.1275001599999999
1.426583239527228,0.44751089000000005,0.6476247689,0.9400040804000002
1.6917969807278888,2.1521651904000003,0.2,0.5100118336000002
1.996250678547161,0.7284960336,2.2961836484000004,0.9603370896000001
1.9138243757722389,1.2747428164000003,0.2,2.1879809248999997
1.8858845772209922,0.18783745690000006,0.5278728761000001,2.8408503056000005
2.1092121820480743,1.8276718720999998,1.4610482063999997,1.1600559504
2.2403386063048596,1.6533491904000002,1.0366048720999996,2.3291630083999997
2.6096179180868604,2.35,1.05,3.4101056784
1.465435090647143,0.3475000049000001,1.55,0.25
2.170036410708355,1.5687388720999997,1.7924147395999999,1.3479044121000006
2.357136289335006,2.6,2.1284960336000003,0.8275954528999996
1.6796112780342958,0.4526624225000003,0.9407011904000001,1.4277304324000002
