Rg,Rgx2,Rgy2,Rgz2
2.671452313817337,0.4900485809000001,3.4961456400000017,3.1504632441000004
2.610929179832345,0.18767556249999998,2.4389983295999995,4.190277290000002
1.6938732025154657,1.1485465224999998,0.6306203396,1.0900395641
2.320890670173845,1.9824316099999995,0.44888905290000025,2.9552128400000006
2.438153235934936,0.9876755624999995,0.8510557369,4.105859902500001
1.8331432808430441,2.27272384,0.5276846880999999,0.5600057600000001
2.1191119167707972,0.3275001764,2.5017191225000004,1.6614160169000016
2.2856514486246584,0.9507518564000002,1.9330462760999996,2.340404412099999
2.322327261175737,3.4715664064,1.3741372100000007,0.5475002915999998
2.038848881182713,0.49004858090000025,3.2393506568999997,0.42750552250000007
2.12867191370582,0.9100450240999998,3.1611971599999995,0.46000193209999996
1.6849888057491658,0.6907700625000002,1.5009165889000002,0.6475006240999996
2.205622365705426,2.2893775296000003,2.1878916441,0.38750084640000015
2.085250904375778,0.6306203396,2.5701509721,1.1475000225000005
2.1909906727551354,1.05,3.1229229056000003,0.6275172225
1.542094221440441,0.4878709476,0.7626532800999994,1.1275303601000002
2.5854589424897085,0.49190895999999995,3.965091566400001,2.2275974169
2.438054990704681,2.664892022500001,1.1475003136,2.131719801600002
2.3922620249044626,2.5952387209,0.18767556249999998,2.9400033124000005
2.4713106352298166,2.9329300900000015,2.4644448888999992,0.7100012768999996
1.785213779047204,1.1918662399999997,0.7476129969000003,1.2475089999999998
1.8802332100034824,1.7151897616,0.36000795240000005,1.4600792099999995
1.9611908671009053,0.9111605924000002,2.4850842244,0.45002480040000015
2.03106214444561,0.8275223729000004,2.0101861776,1.2875048841
1.6142208363789632,0.6275779688999996,0.5901473796,1.3879835601
2.0015565853355235,2.3987155801,0.2475130321,1.3600001521
1.9427728673728177,1.0101075368999997,1.2362647044000004,1.5279941729000002
2.2340454934714287,3.2834065224999995,0.9475211599999996,0.7600315844000001
1.9146259633150282,1.1045955625000001,0.9135046400000004,1.6476923768999998
2.1634338275297447,2.676234977600001,1.3941896041000006,0.6100213444000003
2.207215855438702,0.71128881,0.4,3.7605130225000005
1.6812011618482783,0.3477325625000002,1.4287047841000002,1.05
1.6926854342730075,0.6898280625000001,1.4353552769,0.7400006400000003
2.576590100384615,1.3519931203999997,1.1766332608999996,4.1101901641
2.0678380548292457,0.25,2.9359527080999994,1.0900015129
1.720275775566232,1.2318349056,0.5,1.2275138384000006
