Rg,Rgx2,Rgy2,Rgz2
2.3468683809280826,0.4900956483999999,1.8646744569,3.1530210920999995
2.060271073281377,0.0,1.683663892899999,2.561053002499999
1.69532955501283,1.15,0.6340934400000001,1.0900488601
2.0901784820440574,0.9623303684000003,0.45,2.9565157183999995
2.439312864947832,0.9878374569000001,0.8550498721,4.107359924100001
1.8406194623006678,2.3,0.5278728761,0.5600071288999997
1.8517049444768463,0.32750073960000015,2.2536524569,0.8476580049000004
1.9598436001120088,0.5115507843999998,0.9889303523999999,2.3405058001
2.073041330991739,2.95,0.8,0.5475003600000001
1.835102833194914,0.4900956484,2.45,0.4275067600000001
1.7983631956865669,0.9100749956000003,1.864032816400001,0.4600023716
1.5571341976207447,0.6915077689000001,1.5231567688999998,0.21000237160000051
1.8486744537641018,1.75,1.4400956484000003,0.22750158760000003
2.0326321528746907,0.6340934400000001,2.35,1.1475000289
1.887201316341211,1.05,1.8840076483999997,0.6275211599999999
1.543106691612735,0.4882354944,0.7654051904000002,1.1275375769
2.381906263688813,0.4958557881,2.95,2.2276216609000006
1.924356788695901,1.3274720049000002,1.1475000048999997,1.2281770404000003
2.310389051848195,2.2100560336,0.18783745690000003,2.9400040804000005
2.216357739558305,2.7011200335999996,1.5011200336000006,0.7100015624999998
1.5294390172543657,0.8639828721,0.22768961290000006,1.2475112225
1.7795401860593092,1.3466520336,0.3600130321000001,1.4600982081000005
1.6831548973579349,0.9329798276000003,1.45,0.45003058090000014
1.7060309430370832,0.45,1.1730355761000002,1.2875060024999994
1.6143349485778964,0.6276718720999998,0.5903076516,1.3880978025
1.7342219840032014,1.4,0.24752570489999987,1.3600001849
1.5415448725548018,0.36001303209999996,0.4882354943999999,1.5281120676000002
1.9036863410236466,2.25,0.6139828720999997,0.7600388129000002
1.8003472299531555,0.6757987844000001,0.9177123524000006,1.6477390116000001
1.9794716463996145,1.9011200336000005,1.4071616484,0.6100263168999999
2.0150227127255906,0.7126337424000001,0.4,2.9476827903999987
1.5788844774080213,0.3479405801000001,1.0949356129,1.05
1.2695922351684419,0.44665203359999983,0.9177123523999999,0.2475000576000003
2.418803395999766,1.4231027396000002,0.6,3.8275071288999998
1.755381083696643,0.25,1.7413608721000002,1.0900018769000008
1.502209968013793,0.5291176484000001,0.5,1.2275171396000006
