Rg,Rgx2,Rgy2,Rgz2
1.5033238882556212,0.7684934399999999,0.8639828721,0.6275064009
1.7783318440043747,0.46027989290000015,0.6921840335999999,2.0100002209
1.8059172878069474,1.0904588163999998,0.9433200644000005,1.2275583696
1.5622818138223336,0.9804894569,0.25,1.2102350089000002
1.136548049930138,0.3508415800999999,0.2908686415999999,0.6500312480999995
1.5968499831230232,0.5896520320999996,1.0327587395999998,0.9275190968999997
1.875576967602236,0.42829242250000005,1.9618788164,1.127617722499999
2.216527080051133,0.3625867396000001,0.21027989290000004,4.340125664100002
2.155659772088351,0.6921840335999999,2.3146744569000006,1.6400105624999999
1.4842566902325218,0.5,1.3630162064,0.3400017161000001
2.0444498039570456,0.7295875761000001,2.240095648400001,1.2100917764
2.08435221056807,1.3466520336000003,1.55,1.4478721040999996
1.3087565966213885,0.5303132415999999,0.7550238276000003,0.4275067599999998
1.347264963694967,0.9650894544000005,0.31000001960000023,0.5400334084
1.3048621011432586,0.42757378809999996,0.24752570489999998,1.02756561
1.3224428063625284,0.3488549761,1.0,0.4
1.996435184121939,1.2400956484000003,1.9181396483999997,0.8275181476000002
1.173669662255952,0.3,0.25,0.8275004761000002
1.3252660957709588,0.4537417689000002,0.9625867395999996,0.3400017160999999
1.5492438869332357,0.5400092416,0.0,1.8601473796000003
1.8910202301667745,1.5074440049000006,1.7284960336000001,0.3400174723999997
1.9504079451489118,0.0,1.9400956483999998,1.8639955041000005
1.7074912786600114,0.6276718720999999,1.9378470321,0.35000756250000004
2.2714385963085157,0.95,2.219337648399999,1.9900956484000005
1.611890707895545,0.9878374569000001,0.46027989290000015,1.1500743044000004
1.276028195338959,0.7,0.48823549440000014,0.4400124609000001
1.1746921258780958,0.5497052416,0.09017397610000003,0.7400223728999997
1.4197123481536673,0.5475485809000001,0.8779426024999998,0.5900919680999996
1.3801511332096932,1.1648131903999999,0.3,0.44000396010000004
0.943329915777084,0.6623697424000002,0.0,0.22750158760000022
1.4112888507318408,0.22768961290000003,1.1365402063999999,0.6275064009
1.5452901798044276,0.22758574759999992,0.9002938721,1.2600421201000003
1.822334003990487,1.9737440335999998,1.0871567396000001,0.2600004488999999
1.369628649014031,0.6476247689000002,0.4882354944,0.7400223728999995
1.6426849758855169,0.3876028196000002,0.7,1.6108111104000007
2.011334190058927,1.3710960321,2.3268691904,0.34750000160000005
