Rg,Rgx2,Rgy2,Rgz2
1.5590988012630884,0.44077006250000006,0.5,1.4900190095999997
1.283405732923147,0.5283543929,1.02877449,0.09000139240000003
1.6047834094356783,0.8291224783999999,1.2961825124000002,0.45002480040000004
1.384339683531466,0.8608326463999999,0.6280461568999998,0.4275175561000002
2.044644527271183,3.140525,0.8525438404000001,0.18750240249999997
2.035072928963481,2.10618201,0.6475579120999997,1.3877819041000001
2.0974932249950182,1.6430894564000003,0.5288875625000002,2.227500810000001
1.57050656907254,0.5288875625000002,1.1900683929000004,0.7475349281000001
1.4265549100192392,0.7600138384000001,0.44750576,0.827539312899999
1.6464030262970244,1.1797382024999992,0.8309047225000006,0.7
1.2513771024355524,0.4878709476,0.7905736024999995,0.2875001024
0.9874700194942628,0.34750001690000004,0.2275970224999999,0.4
2.2742634846472827,4.03225625,0.4,0.7400181476000003
1.9634557840195939,0.34820862439999994,0.4519070688999999,3.0550429224999984
1.5860994219468085,0.5276846881,1.0478500641000001,0.9401766240999999
1.701438226736428,0.8947348161,0.7601227664,1.2400344569000006
2.0320364583589536,1.0553925455999997,2.1459227904000002,0.9278568321000001
1.483762219326264,0.18767556249999998,1.5538728289000006,0.46000193209999984
1.2090402750529032,0.34009389609999996,0.8341569280999999,0.2875275625
2.3211308913760123,3.5452209344000005,0.9322251876000001,0.9102024929000001
1.7026438028842088,0.7475776161000001,1.1039122025,1.0475061009000006
1.298531714707038,0.4878709476,0.8108128201000001,0.3875008464000002
1.3693957687973186,0.4,0.4475057599999997,1.0277390115999998
2.3201834433078776,2.5147118399999995,2.2209645481,0.6475748224999996
2.0064780080778357,0.6,2.6658656368999996,0.76008836
2.2288724889952767,2.4574055104,1.4503100609000001,1.0601570008999996
1.6299742106242052,1.2292181025000004,1.0875964324000003,0.34000139240000005
1.8701451944969407,1.25,1.3596308196,0.8878122289000002
1.7072719823449338,0.9222190916,1.4650562500000004,0.5275022800999998
2.7226262886779016,2.2917280649,0.6590060099999999,4.461959832900004
1.9380673553052796,1.39753424,0.21014424010000005,2.1484265936000004
2.040259148172114,0.5288875625000004,1.3035093775999995,2.3302604516
1.8338939916200174,2.0659473664000005,0.64970225,0.6475175561000001
1.4899756036928926,0.3100000256,0.3100000256000001,1.6000272484
1.666185583721093,1.4875786768999997,0.6610949480999999,0.6275007743999997
1.7572986941894655,0.6118931201000002,0.5283543929000001,1.9478511876000002
