Rg,Rgx2,Rgy2,Rgz2
1.5818728074342767,0.65,1.0123202100000006,0.8400013689
2.0071310841347656,1.1374277200999994,2.5011473903999994,0.39000007840000006
2.5883182102090925,3.6491141121,2.2901971215999994,0.7600799235999999
2.082563798542556,2.1202412100000005,1.1893265625000002,1.0275042024999999
1.7235111362854607,0.5603560769,0.4101345599999999,2.0
2.083280359289166,2.407640824899998,1.6849160784,0.24750015209999998
2.2574424850702175,2.4480349969,1.0376406289000002,1.6103709475999994
1.902048379248015,2.5783178025,0.4494686969000002,0.5900015375999998
2.0488396943636173,0.9436288575999999,1.21370881,2.0404064256000005
2.0526422237935185,0.5882518564000003,2.4775844008999997,1.1475038416
2.203663639964139,0.47391376000000013,3.5422063556,0.8400133224999999
1.8103454967767894,0.7,2.0873502401,0.49000057760000004
2.3413220068371627,3.8864222723999986,0.4475043264,1.1478621409000005
2.185995932704359,0.66013456,3.758443520900001,0.3600001369000001
2.3724292041913495,3.3911751183999996,1.2472037369,0.9900414736
2.390612217361904,0.7412895281000002,1.3111117081,3.6626255375999994
2.739698733565426,3.1573651209000007,2.2208127688999992,2.1277712608999986
2.553105582932284,1.0644836415999996,1.6916337764000002,3.7622306996
2.455362891834932,0.25,3.8302080081,1.9485989225000004
2.5986023586151075,0.5603667225000001,4.5523068116,1.6400606840999992
2.2245989700168436,0.7363397604000007,3.052435692099999,1.1600651249000002
1.8884910759121951,1.0674289689000003,1.0114493248999998,1.48752025
3.0486766255213094,0.9847177764000004,3.0971963680999997,5.212515022499998
1.8981664064301635,0.9285995856,1.7143675625,0.9600685584000003
2.1818844701541833,2.5845883681000004,1.2483590761000003,0.9276723969
2.624359979766495,1.0181281648999998,4.312236230399999,1.5569009080999998
3.0850808596372317,1.5000843523999998,4.770006155600001,3.247633402499999
1.6789422741118885,1.0238242320999995,0.9475139875999998,0.8475089401000002
2.051883606932908,0.41013456000000004,1.9,1.9000917764000005
2.1710842398212002,2.0547318016,0.6113749264,2.047500048399999
2.3377083005584764,1.4160857120999994,1.6916337763999998,2.3571606100000007
1.935420303706665,0.79862224,2.5972239424,0.35000556959999984
2.48393623239406,1.3122724288999996,3.2207787455999997,1.6368880320999992
2.20040137397703,1.589834360000001,1.4519089025,1.8000229441000013
1.7520768318769586,0.5901073296000001,1.5271452835999997,0.9525206116000001
1.977227903555885,0.9610572089000003,1.7208700496000002,1.2275029241
