Rg,Rgx2,Rgy2,Rgz2
2.2474133181504463,1.8288522815999984,1.6744977761000002,1.5475165649
2.0425612463522365,0.4601442401,1.7019120024999999,2.010000202500001
2.191053151226597,1.6043734225000001,1.9687932921000004,1.2275471969000002
1.7817907167790499,0.9645877184000003,1.0,1.2101904399999999
1.1356929942110237,0.35044058009999995,0.2893326960999999,0.6500253009000005
1.592476677819804,0.5885323369000004,1.0199341088999998,0.9275155236
2.0703285852492113,0.4279088484000001,1.7666902249000003,2.0916613776000004
2.707386538841471,0.9792000401000003,0.8539122025000001,5.4968296281
2.4923000989046242,1.7019120025000003,2.869639312400001,1.6400084681
1.513569255105296,0.5,1.4508904976,0.34000139240000016
2.2438650666651063,0.7284284209000002,3.0964275396000005,1.2100744769000005
2.2803940742555877,1.3422857961,2.4101096208999997,1.4478017169000001
1.5113219175609147,1.1056591424,0.7509292736000006,0.4275055224999999
1.7750447656608552,1.5745779904,1.0361787856000002,0.5400271441
1.3048392021241546,0.42753931290000013,0.2475130321,1.0275529984000005
1.3201132392715407,0.34820862440000006,0.9944903401000003,0.4
2.4584699920682374,1.2400485809000001,3.9765114520999987,0.8275146688999998
1.4585953506370437,0.3,1.0,0.8275003969000003
1.324048949737131,0.4519070688999999,0.9611971599999996,0.34000139240000016
1.5492329830274074,0.5400042435999998,0.0,1.8601185920999996
2.0568465254121415,1.4152717088999995,1.7276212201,1.0877247001000003
2.027706480065594,0.0,2.2483650569000013,1.8632285123999999
1.8504568510775927,0.6275779688999996,2.4466064384,0.35000615040000005
2.6048732303319486,0.9288485441000001,3.8664392644000025,1.9900767375999986
2.0613834965381868,2.1277449041,0.9714971081,1.1500599075999998
1.2758844476283893,0.7,0.4878709476,0.4400101761000001
1.2862759638584562,0.5485956100000001,0.3658920976000001,0.7400181476000002
1.7537800300493789,0.5475238144000001,1.9381457568999996,0.5900748225
1.7568280882602032,2.1388192676,0.3,0.6476256640999998
1.5600945572624756,1.5238085376000001,0.0,0.9100864899999997
1.6999762089217603,0.22759702249999997,2.0348168900000005,0.6275051984
1.6274402314678102,0.22754316489999998,0.8934444100000002,1.5275741320999996
1.7752550785732173,1.8259238404000002,1.0656063936,0.26000036
1.369469608023486,0.6475579121,0.4878709476,0.7400181476000003
2.021805518317724,0.38755610010000013,1.6600189089000001,2.0401225449000004
2.1565361378608983,1.3559879369000003,2.9471601760999984,0.34750000090000005
