Rg,Rgx2,Rgy2,Rgz2
1.721352770817185,0.4882354943999999,1.9648080336000002,0.5100118335999999
1.9523252309233727,1.8280531904000004,0.5550994944000005,1.4284211225
2.479691629961274,1.9082080321000003,2.35,1.8906625476000003
1.6086949244962516,0.48823549440000014,1.5896520321000005,0.5100118336000004
2.082683882373895,0.46027989290000015,1.7170397689000017,2.1602524920999993
2.078357067300997,1.45,1.9195600335999994,0.9500080656000003
2.3474839240770105,0.2475257049,1.25,4.0131550689
2.42584219783563,1.2061748164000001,0.65,4.028535552399999
1.8812389261600984,0.6915077689000001,1.3,1.5475521283999996
1.9086556539093162,2.0829640335999993,1.35,0.21000237160000004
1.6895836256308832,1.7168848164,0.5903076516,0.5475003600000004
1.9336550440551696,0.5475485808999999,0.7510736483999999,2.4403996001
1.29599346502982,0.24752570489999984,0.5445670563999998,0.8875063000999999
1.6317207591374205,1.3415077688999997,0.8110004568999999,0.5100044100000002
1.989976665415954,2.4,0.75,0.8100071289000003
2.0312199273589258,0.8483168164000002,2.15,1.1275375769
1.5593657121086124,0.6340934399999999,0.85,0.9475279840999999
2.606660238197529,0.5681396484000001,2.0683484569000004,4.158189492099999
1.9788723969220448,2.5374320335999996,0.6284960336000001,0.7500078960999997
1.5567041113840485,0.9336183684,0.5497052416,0.9400040803999999
2.2669084055823694,0.5610004569000001,3.15,1.4278732624000003
2.643560272303244,1.1268154569000004,0.6340934399999998,5.227502016400001
1.5503960451768448,0.6735878929000002,0.4900956484000001,1.2400443556000007
1.5464144469061325,0.45,0.2908686415999998,1.650529
1.8399629313113894,1.8976727396000004,0.46027989290000015,1.0275109561
1.6137724120519599,1.3092268721,0.24752570489999992,1.0475088209000003
1.6412507612488714,0.7181396484000004,0.7280531904000002,1.2475112224999998
1.8841907908967181,0.09017397610000004,2.55,0.9100009604000002
1.982942039168064,0.9878374569000004,2.4341634568999995,0.5100582168999999
1.8013431626428098,0.9924147395999997,0.6623697424,1.5900527076000002
1.7864980717873724,0.7586978276000003,1.3452608928999998,1.0876166399999998
1.8659963670918547,1.5401091903999995,1.6318332416,0.31000000999999994
1.6976720850918177,0.85,0.6915077688999999,1.3405827396000003
1.9390331558794967,0.44751088999999994,0.85,2.4623386896
1.6298138655380252,0.4282924225000001,1.0804894569,1.1475113569
1.8998769481205882,1.1120322064,2.25,0.24750021160000008
