Rg,Rgx2,Rgy2,Rgz2
1.9797859367365958,0.41034003359999993,0.8208805761000001,2.6883317455999998
1.7718297109203245,0.5278728760999998,2.2840076484000003,0.3275
1.8144528917555285,2.15,0.6547334399999998,0.48750585640000005
1.3811286082403766,0.6692910321000003,0.6907011904000002,0.5475240099999995
2.1035639644660202,0.7476758276000003,1.8267640320999994,1.8505414929000004
1.8411954742503578,2.75,0.4,0.2400007743999999
1.6443606986607286,1.0103400336,1.2835789761,0.41000309759999987
1.9237344025618506,2.25,0.45,1.0007540516000006
1.8881547998244212,2.15,0.42757378810000013,0.9875547600000001
1.7543771887766895,0.2400956484,1.05,1.7877436721
1.8186284361848082,0.2475257049,0.5115507844000001,2.5483328996000005
1.7321428532889542,0.8110004568999998,1.4415114569,0.7478069504
1.8372692793382248,1.6650920336,0.7103400335999999,1.0001263376
1.4375556357581434,0.45374176890000006,1.1728119760999998,0.44001246090000024
1.3621778706174905,0.6478534400000002,0.9976727395999999,0.21000237160000063
1.9598538438108082,0.22768961290000003,1.0513115761,2.562025900099999
1.9680438294153917,2.3756964568999996,1.25,0.24750005760000002
2.3037701569601077,1.15,2.6466520336,1.5107049024999994
2.186261610375117,0.5896520320999998,2.75,1.4400877968999999
1.5104267075234072,0.2400956484,1.1912931904000001,0.85
1.299164420733573,0.3100000196000002,0.5903076516,0.7875205209000005
2.0154245504607706,1.631952892899999,0.9824278721,1.4475553535999999
1.2981646807705098,0.7510736483999999,0.44665203360000005,0.4875058563999997
2.5904092636106753,1.1285586128999998,2.75,2.8316615400999994
1.861543235302366,1.45,0.9878374568999995,1.02750576
1.7371500762167902,2.55,0.22768961290000006,0.24000077439999998
1.8864809046740971,1.1940666129,2.1247428164000004,0.24000077439999998
1.370498156474499,0.48823549440000014,0.1,1.2900297025
2.222591903274193,2.65,1.1424147396,1.1475000289000006
1.8079186976742074,0.24752570490000006,0.3900088209,2.6310354916000023
1.8608982837597545,0.8027571904000002,0.2,2.4601852320999997
1.8894415250279644,0.5597367843999999,0.85,2.1602524920999997
1.6638418600936806,0.6623697424,0.9183484568999998,1.1876515360999993
1.1337841680408138,0.22758574759999992,0.6303740321000003,0.42750676
1.8603655938820196,1.7498756484000002,0.8208805761000001,0.8902039183999996
2.548839266293581,1.5804894569,1.7876068163999999,3.1284853321000003
