Rg,Rgx2,Rgy2,Rgz2
1.8391827083517287,0.2475257049,0.5475485808999999,2.5875187489
1.4717405097706595,0.9309409956000003,0.04755806440000006,1.1875210681000001
0.9949957032068029,0.24750772839999996,0.4025070049,0.34000171610000013
1.6706841973874058,0.6907011904000002,0.3900088209,1.7104756761000004
1.7951973490120796,0.7476247689,0.2102798929,2.264828860099999
1.3190158533164034,0.34193512010000027,0.7103400335999999,0.6875276675999997
1.533623683437368,0.7476758276000003,0.5542930563999998,1.0500327184
1.435710893111841,1.2662169761000002,0.5475485808999999,0.24750021159999996
1.124743430520934,0.44751088999999994,0.3275361200999999,0.49000077439999973
1.5587764825978099,0.3900088209,0.21027989290000004,1.8294954089000004
1.4760597495020318,0.1603400336,1.0309093920999999,0.9875029584000006
1.380811891062646,0.6907011904000002,0.42829242250000005,0.7876478655999999
1.3663729368294735,0.5903076516,0.7291176484000002,0.5475497025000002
1.8756063808006198,2.6,0.5278728760999999,0.3900264196
1.6814628094608577,0.6285536516,0.8587614544000001,1.3400020736000005
1.9382398438015866,0.7272134399999998,1.4,1.6295602520999992
1.2894435986502084,1.0,0.4526624225,0.21000237159999996
1.5124484353524255,0.31000001960000007,1.05,0.9275002499999998
1.2539984466098832,1.2424147396000003,0.24009564840000008,0.09000171609999998
2.1238198787562,0.3876028196000002,0.7353907689000001,3.3876172888999996
0.8413643790891078,0.12778089759999994,0.2400956484,0.3400174723999998
1.7228004838924325,0.85,0.3900088209,1.7280326863999995
1.5897574821651255,0.9976727395999996,0.5896520320999997,0.9400040803999999
1.590955767424098,0.34794058010000023,1.6731414569000003,0.5100582169000002
1.7262919200702993,1.5103400336000001,1.0222427396,0.4475010201000001
1.2400248420495452,0.7400956484,0.04755806440000001,0.7500078960999998
1.0679121950797266,0.41034003359999993,0.24009564840000014,0.4900007743999998
1.537178955196824,0.22768961290000017,1.1475000049,0.9877295224999999
0.8647427493191255,0.25,0.2102798929000001,0.28750012959999993
1.4742421859721695,0.5291176484,0.6966520336000005,0.9476203409000004
1.565268250013396,0.26006464159999987,1.65,0.5400000528999997
2.0414904960102067,0.24009564840000003,2.7,1.2275877969000004
1.673686064320308,1.3901739761000012,0.21027989290000018,1.2007711729000003
1.5219665952313144,0.6139828720999999,0.6623697423999999,1.0400297024999998
2.09702169793257,1.5,2.55,0.34750000159999994
1.0174507015084318,0.2,0.04755806440000005,0.7876478656
