Rg,Rgx2,Rgy2,Rgz2
1.1895377253370318,0.7275,0.4474999999999998,0.24000000000000005
1.1423659658795864,0.12749999999999995,0.5900000000000001,0.5875
1.9352002480363626,2.9875,0.21000000000000002,0.5474999999999998
1.380217374184226,0.8274999999999997,0.48999999999999994,0.5875
1.6077935190813524,0.7474999999999996,1.1274999999999997,0.7099999999999997
2.1130546609115437,1.0275000000000005,0.2475000000000001,3.189999999999999
1.2529964086141667,0.33999999999999997,0.5900000000000001,0.6399999999999999
1.3982131454109563,0.8399999999999999,0.5875,0.5275000000000003
1.469693845669907,1.2,0.41,0.55
2.131900560532784,0.8099999999999999,0.4475000000000001,3.2875
1.2328828005937953,0.59,0.33999999999999997,0.5899999999999999
1.461163919620246,0.45999999999999996,0.8475000000000004,0.8275000000000006
2.314087293081227,2.5600000000000005,0.34750000000000025,2.4474999999999993
1.2629330940315089,0.2475,0.5475,0.8
1.6955824957813173,1.2600000000000002,0.4875,1.1275000000000006
1.2328828005937953,0.8099999999999999,0.55,0.16
1.798610574860495,0.34750000000000003,1.5600000000000005,1.3275
2.0603397778036516,0.4474999999999999,1.0475,2.75
1.9157244060668017,3.04,0.24000000000000013,0.3899999999999999
1.4439529078193654,0.44749999999999995,0.71,0.9275000000000004
1.0319883720275147,0.5875,0.35,0.12749999999999995
2.24610774452162,3.189999999999999,0.3274999999999999,1.5274999999999999
1.3019216566291538,0.32749999999999996,0.3399999999999999,1.0275000000000003
1.623268308074793,1.1475000000000002,0.7275,0.7600000000000005
1.9039432764659772,1.7100000000000004,0.7275000000000001,1.1875
1.7492855684535902,0.71,0.43999999999999995,1.9100000000000001
1.3910427743243556,0.45999999999999996,0.7475000000000003,0.7275000000000003
1.4195069566578389,0.3274999999999999,0.44750000000000006,1.2399999999999998
1.4370107863199915,0.8900000000000002,0.3274999999999999,0.8474999999999998
1.0931605554537722,0.3275,0.3274999999999999,0.5399999999999998
1.46799182559032,0.8875,0.22749999999999995,1.04
1.6568041525780892,0.65,1.3475,0.7475000000000004
1.2062338081814818,0.2875,0.6275000000000001,0.5399999999999999
1.3638181696985854,0.24000000000000013,0.6599999999999999,0.9599999999999996
1.290348790056394,0.18999999999999992,1.2475,0.2274999999999999
1.864135188230725,2.6475000000000004,0.1,0.7275000000000001
