Rg,Rgx2,Rgy2,Rgz2
1.3856406460551018,0.5399999999999999,0.4400000000000001,0.9399999999999998
1.8,1.7900000000000003,0.55,0.9
1.6598192672697831,1.0875,1.04,0.6275000000000001
1.6763054614240211,1.1,0.9100000000000001,0.8
1.7818529681205462,0.6475000000000003,1.0875,1.44
1.620185174601965,0.3875,0.4475000000000001,1.7900000000000003
1.2884098726725126,0.7600000000000005,0.25999999999999995,0.6399999999999999
1.218605760695394,0.7275,0.5474999999999999,0.21000000000000002
1.4611639196202457,0.3,1.5474999999999999,0.2875
1.893409622876149,0.2475,0.22750000000000004,3.1100000000000003
1.3910427743243556,0.4600000000000003,0.5275000000000001,0.9475000000000001
2.1447610589527217,3.09,0.36,1.15
1.647725705328408,1.7274999999999998,0.42750000000000005,0.5599999999999998
1.8207141456033125,1.4275000000000002,1.0474999999999999,0.8400000000000001
1.396424004376894,0.6399999999999999,0.2,1.1099999999999999
1.617096162879623,1.7875,0.24000000000000013,0.5875
1.653783540854123,0.9600000000000005,0.6275000000000002,1.1475
2.173706511928416,1.09,0.5475000000000002,3.0875
1.6985287751463027,1.7274999999999996,0.71,0.4475000000000001
1.4370107863199915,0.75,1.0875,0.22749999999999995
1.5116216457830975,0.55,0.6475000000000002,1.0875
1.2549900398011133,0.3475000000000001,0.9875,0.24000000000000005
1.345362404707371,0.21000000000000002,1.1899999999999997,0.41
1.7306068299876778,1.9474999999999993,0.8600000000000001,0.1875
1.461163919620246,0.5275000000000001,0.4600000000000001,1.1475000000000004
2.2715633383201093,1.31,1.3399999999999999,2.5100000000000002
1.6613247725836149,0.75,0.6,1.4099999999999997
1.347219358530748,1.0399999999999998,0.44749999999999995,0.3275000000000001
1.1202678251204041,0.6600000000000004,0.44749999999999995,0.14750000000000002
1.6822603841260722,1.0400000000000003,1.09,0.7
1.4212670403551895,0.6900000000000001,0.48999999999999994,0.8399999999999999
1.3285330255586423,0.2274999999999999,0.35,1.1875
1.6217274740226857,0.36,0.9099999999999999,1.3600000000000005
1.8694919095839917,0.3475,0.6475000000000004,2.5
1.7131841699011816,2.2600000000000002,0.12749999999999992,0.5475000000000001
1.2409673645990857,0.51,0.74,0.2899999999999999
