Mean_Re,StdErr
4.662152752380952,0.021229236459079284
