Mean_Rg,StdErr
2.0694990044642863,0.00828102593373991
