Rg,Rgx2,Rgy2,Rgz2
1.9209475458221132,2.5977272768999997,0.8523121969000002,0.2399999999999999
1.9469176690348258,0.8904875264,1.9900008835999994,0.9099999999999998
0.9875783596758284,0.4877748963999998,0.2400361201,0.2475
1.770548178672357,2.5173137089000006,0.19002714409999996,0.42749999999999994
2.115764320759758,1.1632226240999999,0.4657360369,2.8474999999999993
2.1133526691255295,1.6752953599999998,1.0309641441,1.7599999999999998
1.4466060638957656,0.19002714410000002,0.7126419599999996,1.19
1.9463652329919992,0.5879449441,1.3503926760999991,1.85
1.4978628414177313,0.8519236996,1.0441693920999995,0.34750000000000003
2.2214616381337757,0.24750967210000002,1.9473821375999987,2.7399999999999998
1.5614362112491178,0.9886881808999999,1.1893948608999998,0.25999999999999995
1.6567382297756035,0.6642917056000004,1.2704898563999998,0.8099999999999998
1.6590184247319257,1.5978397236,0.6145024099999999,0.5399999999999999
2.0126620332783145,0.8105669161000003,2.7927415440999996,0.4474999999999998
1.6111384032726674,1.5156957208999995,0.0900712336,0.9900000000000008
2.308776087064313,0.5483071280999996,3.2546398920999997,1.5274999999999994
1.6746081469406509,0.5128465688999999,2.1039658769000007,0.1875
1.5983024285159553,0.9229214808999998,0.5416491721,1.0900000000000005
2.4572491020041083,1.1234464129000001,0.8671267363999998,4.047499999999998
1.6845083993260468,0.14751122249999998,0.6625573248999996,2.0275000000000003
2.268414683540027,3.6957021489000015,0.5400030276,0.9099999999999996
2.793616456584547,0.6938489616000002,0.7504439449,6.360000000000001
1.3750617820665367,0.7356589489,0.5276359555999999,0.6275000000000001
2.385870818485359,0.9315198255999999,3.213359736899998,1.5475
1.5547789374055723,0.7475549080999999,1.4822826361000003,0.1875
1.4775122681047357,0.4,1.4555425024000002,0.32749999999999996
1.7570753277250242,0.7986434209000004,1.1611702864,1.1275000000000002
2.248072270590961,0.42780520089999996,3.0660237328999993,1.5599999999999996
2.3869655877913276,3.659396092899999,1.2382086244,0.8
2.4154222843428435,2.8267230801000003,0.6475417316000001,2.36
1.3161766447175698,0.2400361201,1.05228484,0.43999999999999995
1.7667902429264204,1.1970238399999997,1.6245239225000003,0.3
2.1737401180913967,2.2554727041,1.0596733968999996,1.4100000000000004
1.6613006087099345,1.584679552399999,0.4252401601000001,0.75
2.249444824039923,1.3,2.9500020164,0.8099999999999998
1.8083531229546954,1.7837518084000004,1.0588892089,0.42749999999999994
