Rg,Rgx2,Rgy2,Rgz2
2.1508451288040242,3.0003367055999997,1.0982980624999996,0.5274999999999999
2.389723728383681,2.6607726336,1.960006864400001,1.0900000000000003
3.1029480359973807,4.094890504100002,3.84339601,1.69
2.849429010170283,1.2642023875999997,0.5275432964,6.3275
2.545159082493666,2.9146194256,1.6732153296000003,1.8900000000000001
2.275104573332839,1.7386007296000003,0.32750009000000013,3.1100000000000003
2.0695745703163246,2.5455666521,0.22757224999999992,1.5099999999999996
2.5848508121940035,3.5091607608999995,2.8447929603999995,0.3275
2.5912434341257864,0.8275174724,0.6370250624999997,5.25
2.7875426387590916,2.15207341,3.8083205528999997,1.8099999999999994
2.7799036018538485,1.7664502756,0.47391376000000013,5.4875
3.008144388190168,0.7614263601,0.3600063000999999,7.9275
1.3397826213233248,0.6,0.5475174723999998,0.6475000000000002
2.810253607666042,1.2083000624999998,2.4792252769,4.210000000000003
2.6058632287401426,0.5603560769,2.23016709,4.0
2.4143149155402246,2.2760838225,2.0128326888999997,1.5400000000000007
2.7521177023158008,4.3015945225,0.6625573249000001,2.610000000000002
3.325992877698327,0.2882145600000002,0.8340140624999999,9.94
2.9732870471920467,2.2651306640999995,0.42780520089999996,6.1475
2.09864034977411,1.0278200520999998,1.9489712656000002,1.4274999999999998
2.5975975028090863,0.2875077840999999,0.9125050025,5.547500000000001
2.67710097637351,3.235220465599999,0.5416491721000002,3.3899999999999997
1.8839445523953193,1.4236230761000002,1.8981240003999997,0.22750000000000004
3.3343626174128094,2.2137316544,1.5042424099999998,7.4
2.3905424168794833,0.7277137444000004,3.0969793025000008,1.8900000000000006
2.1682940026666127,2.525336345600001,1.7486625364,0.42749999999999994
2.7587169339749233,2.3901270169000006,0.9928921048999999,4.227500000000001
2.620676943386956,1.1703130816000002,0.4101345600000001,5.2875
1.85060443126023,1.8606544288999995,1.3165823320999999,0.2475
2.4007405362720893,2.9134205625,0.4101345600000001,2.44
2.5563859208851856,1.1275012321000002,0.46010774439999985,4.947499999999999
2.207935215716258,1.1447458704,1.7827320464,1.9474999999999993
2.203431535877618,0.24750278889999996,0.46010774439999985,4.147499999999998
1.9503827185708964,2.8651178225000007,0.6113749264,0.3275
1.726666661808237,1.1438416409,0.4900361200999998,1.3475000000000001
2.4571118047007956,1.1150138384,3.9123845824,1.0099999999999996
