Rg,Rgx2,Rgy2,Rgz2
1.8109197305789122,1.2988642224999998,1.7530660481000002,0.2274999999999999
2.5502413859280066,3.9018890001,0.9543421264,1.6474999999999997
2.0819953862100653,0.5483071280999997,2.5763976601000005,1.21
1.6518688186717492,1.6411628100000002,0.2875077841,0.8
1.8907639256660254,0.7947335024999997,2.5402547200999996,0.23999999999999994
1.7217532728297626,1.489402409999999,0.22753192249999996,1.2474999999999998
1.1720403565150819,0.31000004839999995,0.8036785489000001,0.25999999999999995
1.5355288257144504,0.4828391025,0.2475096721,1.627499999999999
1.6703162857973934,0.5105688224999999,1.3693876721000002,0.9099999999999996
1.6319685510756634,1.4110830681000002,0.9622382836000002,0.29000000000000004
1.379424086349082,0.45,1.05281081,0.4
1.6647723239530383,0.8984665881,1.5130003025,0.36
1.3566889631009753,0.5105688224999999,0.2400361201,1.0899999999999999
1.9525936595461943,1.2379636808999996,2.1646583184,0.41000000000000014
1.7352313858387878,0.5475174723999998,1.6135104899999995,0.85
1.9842729575338165,1.1527824595999996,0.7970567103999999,1.9875
2.043156108475317,0.4405731236,0.47391375999999985,3.2600000000000007
1.6571215387230955,0.6475417316000001,1.1710100625,0.9275
1.7255815014365445,0.9361935155999997,1.0014380024999998,1.0399999999999998
1.9784620552338124,0.7246904335999997,1.8621216703999999,1.3275000000000003
2.294533493762948,1.3972535376000004,0.8401304163999997,3.0274999999999994
2.4854358828986114,0.6113749264000002,0.8385166015999997,4.7275
1.4495888351184276,0.2033105409,1.3079972500000001,0.5900000000000001
1.5618292870861399,0.21010774439999996,1.5392029776000005,0.69
1.562221100420808,0.7694945441000002,1.0810402225000004,0.59
1.9448482275488748,1.4927783440999995,1.2896562840999999,1.0
1.4669196939505584,0.1876313316,1.8642220568999999,0.1
1.6568502015873372,0.5901073296000001,0.7150452608999999,1.44
1.8116169717961907,1.98601049,0.44844556250000006,0.8475000000000004
1.9468592376697398,1.5290816529,1.4336792384,0.8275000000000003
1.4360703814576778,0.42780520089999996,1.2069929396000003,0.4275000000000002
2.2723399140313494,0.7614493249,2.4620793599999997,1.9400000000000006
2.142214236952037,3.001026292099998,1.4280555449,0.15999999999999998
1.3667304139807528,0.7904092529000002,0.3875427716,0.6900000000000001
1.7068479208763738,1.1062149025,1.1671149225000002,0.6399999999999999
2.0021483615606512,1.4669488896,0.5416491721000001,2.0
