Rg,Rgx2,Rgy2,Rgz2
1.3982281225179245,1.0400121800999997,0.4275297025000001,0.4875
2.3135109895135573,3.5050190360999993,1.2198140625,0.6275
1.8353074428007972,1.2669956496000006,1.8538577600000004,0.24749999999999997
1.4272596249106189,0.5603560769,0.6892139600000003,0.7875
1.9668904047760267,1.5898343600000016,1.1888235044,1.0900000000000005
2.010089982314225,0.7400361201000003,1.3729256169000004,1.9274999999999995
1.6531741172967838,1.2137088100000002,0.8917758521,0.6274999999999997
2.7215676751644446,1.1099619136,0.4494686968999999,5.8475
2.1705722782022256,1.3326691123999999,1.9912149025000005,1.3875
2.725201064453777,4.3848891216000005,2.5318317201,0.51
2.2766122308597043,3.5029271295999997,0.2400361201,1.44
2.536099467173951,2.2671755224999997,3.014624984899999,1.15
2.4236835708070474,3.7759051289,1.2108369224999997,0.8875
2.2444767796526652,0.9208409743999997,3.06683504,1.05
2.2172919323580285,3.0539456404,0.9524378729000003,0.9099999999999999
2.7649733139580213,4.295605562499999,2.1394718644000026,1.21
2.3290058321953593,4.193780639999998,0.6404875264,0.5899999999999999
2.901369015706206,1.0589928404000002,1.0114493248999996,6.347499999999999
2.68144537031803,1.2704898564,4.219659417599998,1.7
2.5307621642501297,2.4592265956,3.0555305364,0.8900000000000002
3.140811854043473,3.9671991024999995,0.25,5.647499999999999
2.732407362107635,1.47075369,0.9677963025000004,5.027500000000002
2.4908553095673787,2.2280456896,2.1363144836000005,1.8400000000000003
3.2564545378831866,1.6325188964,0.6319772608999995,8.34
2.0644775543705967,1.3678538484,2.2542137240999987,0.6400000000000001
1.6080574346086027,0.8079047681000002,0.7504439449000001,1.0275
2.828734659030429,0.5901073296000002,4.061632441599999,3.35
2.3945862098700896,1.3967864643999999,3.7897566521000003,0.5475
2.055595240435237,1.9750196401,0.6629521523999996,1.5875
2.7721438153890934,2.670498169600002,3.5542831635999996,1.4599999999999997
1.5383953328062325,0.64762544,1.1715347599999995,0.5475
1.555474562312094,0.8275174724,1.0644836416000003,0.5275000000000002
1.8508689060546673,0.8662173225000002,1.5319983849,1.0275000000000003
2.7896606023314017,4.1986197921,3.1435864840999996,0.43999999999999995
2.8813469105958065,3.5244380096,3.1277220095999994,1.65
1.6176369740148746,1.0916161956,0.9776331841000001,0.5475
