Rg,Rgx2,Rgy2,Rgz2
2.3713435332106565,2.4565519716,2.456718180899999,0.7099999999999999
2.6339309157607,0.42780520089999996,3.0222868681,3.4875
1.962173115629709,1.3517843401,2.2883389955999998,0.21000000000000002
2.379698157203976,3.4536962224999996,1.5692670968999998,0.6399999999999999
2.4950956405316407,3.636420602499998,1.5290816529,1.0599999999999996
2.4080985574515013,2.601438662400001,0.25,2.9475000000000002
1.7812041385534674,1.9350568516,0.1876313316,1.05
1.758761992794932,0.9876719329,1.7655718144,0.3400000000000002
2.179253290189096,1.7726077443999997,2.0665371584,0.9099999999999996
1.229480436769939,0.6013046544,0.4228174900000001,0.4875
1.6558087873000311,0.9602148176000002,0.7539879225,1.0275
2.2451364641152662,2.8360859168999992,1.6445518256,0.5600000000000002
1.6315800429338427,0.7619456921,0.46010774439999985,1.4400000000000004
1.440747769354511,0.7176853123999998,0.5105688224999999,0.8474999999999998
1.0584276640375572,0.4101345599999998,0.4101345600000001,0.3
1.923086207220051,2.290626000400001,1.1601345600000001,0.24749999999999997
1.686887432077197,1.4275088804,1.3280803281,0.09000000000000005
1.8706214595689852,1.5234564320999997,0.8857682128999999,1.0900000000000007
1.9326083747360716,3.03493901,0.2400361201,0.4600000000000001
1.507812468744041,1.1751411224999997,0.6483573184000001,0.45
1.5089176608748402,0.6285445823999999,0.6607879248999996,0.9875
3.298620267520952,0.46010774439999985,0.6607879249,9.759999999999998
1.5288181689134912,0.6297619536000001,0.2600230400000001,1.4474999999999998
2.5663632721226355,0.6100063001,3.5487141444000008,2.4274999999999993
2.5242447804640498,1.6347481715999996,1.4870635400999999,3.25
1.6987146353051767,1.5525654481,0.42306596409999975,0.9099999999999999
1.5703237477985232,0.26002304,1.5658936328999997,0.6399999999999999
2.022622452881407,3.1515328900000004,0.4494686969,0.4899999999999999
1.9538325497595745,0.9384894323999997,2.0314722001000005,0.8474999999999998
1.7806896227304743,1.4043532323999997,1.3265023000999991,0.4400000000000001
1.235669498369204,0.2900030276000001,0.8968760816000001,0.34000000000000025
1.8084800987846121,0.6905731236000002,0.19002714410000002,2.3900000000000006
1.1245918250191933,0.6370250624999999,0.4401817104000001,0.1875
1.9893349254964583,1.0497126929,2.5802407528999995,0.32749999999999985
1.6710178900598283,0.7986222399999998,0.8036785488999998,1.1900000000000008
1.7680393503822251,0.41062200360000006,1.2878411409,1.4275000000000004
