Rg,Rgx2,Rgy2,Rgz2
2.0932705304857278,0.8275223729000001,3.0067591408999994,0.5475000000000001
2.0037546233259205,0.8618931201000001,2.6531394704,0.5
2.0986446034047783,2.5876010024999996,1.1292081688999998,0.6875
2.5219377649141146,2.0534213025,2.0467487876,2.2600000000000007
2.1835276567289,2.5324220801,0.4878709476,1.747500000000001
1.8563014865586895,0.4900485808999999,1.8083066281,1.1475000000000004
2.006160559701043,0.5885323369000004,3.0486478544,0.3875
1.8306077812573616,2.0911168964000004,0.3600079524000002,0.9
2.2905421712773597,0.44750576,1.7890776784000006,3.0100000000000002
2.4878358100968,1.1409696995999998,2.9483573184,2.1
2.3286394668346575,3.2196212288999995,1.2154405375999997,0.9875
2.441426918054276,1.7705452360999998,1.0400201601,3.15
1.6322475697025867,0.6279674243999999,1.2362647044,0.8
1.893699774779519,2.5952475849000005,0.5633512521000001,0.4275000000000001
1.9537032843551243,0.7400485808999999,1.6494079424000003,1.4274999999999998
2.281501081415479,0.6487974404000003,3.9964497441,0.5599999999999999
1.8411474761137414,1.4891429583999993,1.6131810704000002,0.2875
2.3907005538126267,0.8600013924000003,1.0279477455999997,3.8274999999999997
2.251644752286648,2.8671383824000003,1.0427657080999997,1.1599999999999997
2.559694421332359,2.415572622500001,3.3089629081000007,0.8274999999999999
2.198672186661759,2.0177064400000004,1.4564529444000005,1.36
2.8125134487145127,0.4014409616000002,1.6987909376,5.810000000000001
2.457516602181967,1.10002161,1.19186624,3.747500000000001
2.4805745889611948,0.4519070688999999,0.9413432224999996,4.760000000000001
1.9255148818173282,1.5930747024999998,1.1670328575999998,0.9475
2.1205043292811263,1.7387764943999997,2.1477621161,0.61
1.8426099553893662,2.044546323600002,0.6406651241000001,0.71
1.6035171600266707,0.9611971599999997,1.0100701225,0.6
2.1131930289729803,1.4654405375999997,0.2101442401,2.79
2.555190281525037,1.4655167843999988,1.9534805903999994,3.1099999999999994
1.782734526983757,1.7501946480999995,1.0279477456000001,0.4
1.641760445619275,0.36000795240000016,0.8478694083999997,1.4875
1.7725019756829608,0.4101787568999999,2.221584496899999,0.51
2.1795117826247234,3.2300059025000003,1.2927657080999997,0.22749999999999995
2.0360396433517693,0.4900485809000001,0.42790884840000015,3.2275
2.2505999761174795,0.7136942084,1.7040060440999993,2.6475000000000004
