Rg,Rgx2,Rgy2,Rgz2
2.1162098222293553,1.6383496081000004,2.6299944035999987,0.20999999999999996
1.9818130986044067,0.5570088649000001,2.3305742928999997,1.0399999999999998
1.7295431308874607,0.4101345600000001,1.4811848815999997,1.1
1.6952304087940377,1.2933446025,1.0929615364,0.4875
2.6514934091752895,2.0201475625,3.4627697363999994,1.5475
2.082545560630067,3.2094960121,0.6,0.5275000000000001
1.6016727707306508,0.6278381920999998,0.5475174724000001,1.3900000000000001
2.1922674837938914,2.1756131841,0.7904235363999998,1.8399999999999999
2.377713447663532,1.6475000035999998,1.8060212355999998,2.2
2.383502775265849,0.7101022121000001,3.443483267600004,1.5275000000000003
2.0353063168967958,1.0481533135999999,2.7068184900000007,0.3875
2.730892391948097,3.6458642963999983,2.8644089599999996,0.9474999999999998
2.290793222837889,1.8739313569000013,3.0138022329000007,0.36000000000000015
2.2828676808347867,1.5081503201,2.5558345280999992,1.1474999999999997
1.9034544944652605,1.1300110121000002,1.4456280004000006,1.0474999999999999
2.96752526688485,3.1191634496000002,1.727042760000001,3.96
2.243604125798489,2.0248472169000005,2.4489122564000008,0.5599999999999998
2.0479285262186275,1.2151087475999998,2.0314025008999996,0.9475
2.3134099643599706,0.6475417316000001,4.016823931599999,0.6875
2.125783283803878,2.334173281599999,1.9747812880999998,0.20999999999999996
2.2536297826395533,0.4405731236000001,4.1482740736,0.48999999999999994
1.9264303171669614,0.7304268100000002,0.9907069568999995,1.9900000000000002
2.3579078384237153,3.3196220448999987,0.5901073296000001,1.65
2.9236337028601924,4.8873336521,2.1328003763999996,1.5275000000000005
2.0588298167891392,1.2400361201,1.5387440943999997,1.4600000000000004
2.347299153708364,3.0225654681000003,2.2997478489,0.1875
1.8294660695678397,1.8591079075999999,0.6278381920999999,0.8599999999999998
2.600528958212156,3.4826714496000006,1.0525794129000001,2.2274999999999996
2.0534658324890627,1.0644836415999999,0.9622382836000002,2.1900000000000004
2.1314074903687468,3.35289789,0.5,0.69
2.4644951198166334,3.5462361956000015,0.5,2.0275000000000003
2.08957145426999,1.7591178224999997,1.0071910400000004,1.6
2.6309416766625597,2.6150676416000005,1.3967864643999996,2.9100000000000006
2.2422680360964877,0.24003612009999994,2.6477298256,2.1399999999999997
1.737791561177577,0.22757224999999998,1.2448472601,1.5475
2.563751446006418,3.4638628544,1.6689586224999995,1.44
