Rg,Rgx2,Rgy2,Rgz2
1.372228067232266,0.5475174724,1.0479923961000002,0.2875
1.8766601022028468,1.9370797376,0.7372734016000001,0.8474999999999998
1.234107970357537,0.3476750328999999,0.6853474495999998,0.48999999999999994
2.02001909238502,0.7307668836000001,1.22221025,2.1275000000000004
1.4604669451240584,1.2379636808999994,0.3475000169000001,0.5475000000000001
1.4209810532515907,0.9438489616000002,0.6278381920999998,0.44749999999999995
1.6679924712060303,1.1320911395999997,0.46010774439999985,1.19
1.8517750967112607,0.21010774439999996,2.1789632643999997,1.0399999999999998
1.6518515899741117,0.4475471969000001,1.7310664784000007,0.55
1.1851624049471028,0.7539879225000002,0.4106220035999999,0.23999999999999994
1.8500777174216223,0.2900030276000001,0.8852845329000001,2.2474999999999996
2.3044973410485854,0.5625755625000004,3.058132432399999,1.69
1.4526323898701972,0.4101345600000001,0.6100063001,1.0900000000000003
2.386574501246504,0.38718476000000007,3.3985530899999987,1.9099999999999997
2.2993471929441185,2.576370512099998,1.1506270016000004,1.56
2.7776566842754344,0.9016924996,4.8536841561,1.9599999999999997
1.983479726364754,2.1868769599999998,0.9998148648999999,0.7474999999999998
1.759740491606646,0.3275162408999999,2.4416703568999996,0.3275000000000001
1.4180011988711436,1.3605456896000003,0.4401817103999999,0.20999999999999996
1.7273226710722003,1.9061436100000004,0.25,0.8275000000000003
2.058503620108549,0.9016924996000005,1.2357446544,2.1
1.3997774580625308,0.1,1.0318769320999999,0.8275000000000003
2.239129384314359,0.8879990756000001,3.5357013241000006,0.5899999999999999
2.4370073872066946,4.1257198849000005,0.8132851204000003,1.0
1.3169047547943622,0.1876313316,0.9191068015999996,0.6275000000000001
2.169658910059367,0.9276387684000003,1.8522810176000006,1.9274999999999995
1.7173983208621113,0.3275000900000001,1.1619569024999998,1.4599999999999995
2.4526963203788603,2.7899945664000008,2.9982246736000002,0.22749999999999998
1.5812670631174228,1.3328758224,0.4275297025000001,0.74
1.3654036321908622,0.6629521523999999,0.8613749263999999,0.33999999999999997
2.0566029624115587,1.3289475224999996,1.1406682225,1.7599999999999998
1.9318494546936105,0.5276359556,1.85690636,1.3475
1.2186514335526792,0.2101077443999999,0.9275035721,0.3475000000000002
1.6663101874501036,0.6718864244000001,0.9547032163999996,1.15
1.369409131742592,0.9877452499999997,0.24003612009999994,0.6475000000000002
2.621173413282685,0.9551055840999998,4.315444478400001,1.6
