Rg,Rgx2,Rgy2,Rgz2
2.008715730659767,1.7478475625,1.1970913241,1.0900000000000003
1.3201967733637288,0.3275000900000001,1.2154194304000003,0.2
1.4106547263239153,0.8523121969000002,0.4101345600000001,0.7275
2.5693584063341572,1.0855193841000002,3.3060832361,2.2100000000000004
1.149137687007088,0.7928860921,0.18763133159999992,0.3400000000000002
1.5017224548497634,0.4275297025000001,1.0376406289000002,0.7899999999999997
1.5890706892394684,0.5105688224999999,1.5245768328999996,0.48999999999999994
1.7689308365507115,1.1374277201,1.7416885844000003,0.25
2.115482545354605,1.9239577800999998,2.0613086196,0.48999999999999994
1.3877350987130075,1.3258024041000003,0.36000630009999995,0.24000000000000013
1.7093088835549881,1.1603193369000002,0.4514175224999998,1.3100000000000003
1.7023713638627735,1.6665836995999992,0.9414845609000004,0.2899999999999999
1.195620925920921,0.2475096721,0.9944997264000002,0.1875
1.6448441757503962,0.16013456,1.7978778025,0.7475000000000003
1.9044365427338346,0.46010774439999985,1.2167708009000004,1.95
1.3333504871563215,0.5364745599999998,0.6938489616,0.5474999999999999
2.5807045876078107,0.24003612010000003,0.31000004840000006,6.109999999999999
2.3887165886726702,3.6834472888999996,1.4325196520999997,0.59
1.8146310758939403,0.6475417316,1.4853442100000003,1.1599999999999997
1.9409032776004063,1.1891227081000004,2.1879828248999997,0.39
1.2386724607013753,0.9592775424,0.22753192249999996,0.3475000000000002
1.5974377925290235,0.42780520089999996,1.2640023001000003,0.8599999999999997
1.482182609566041,0.37549106560000006,0.9738742224999999,0.8474999999999998
1.6883544570083617,0.42780520089999996,1.4127355716000003,1.0099999999999998
1.9655940366464284,2.422852960000001,0.9907069568999999,0.45
2.028764368230081,0.9414845609000002,1.3469003009,1.8274999999999992
1.5207246205674456,1.177918611600001,0.3871847600000001,0.7475000000000002
1.2352865204882633,0.18763133159999992,0.8283014561000002,0.51
2.244681449315247,1.1611702864000004,3.5299245224999987,0.3475
1.6137253640257379,1.0603560768999998,1.0962534736000005,0.4474999999999998
2.9047878778492584,4.0600513288999975,3.6902412864,0.6875
2.4186055114673,4.097629960000001,1.5420226600999996,0.21000000000000002
1.9058754660260466,1.0651628756,1.7071984164000007,0.8599999999999997
1.672333523702733,0.8001274208999998,1.4090719935999996,0.5875
1.959111084190991,1.9266536640999998,0.5239625761000002,1.3875
2.7017398518177136,3.9950817369000013,2.4143164900000005,0.8899999999999999
