Rg,Rgx2,Rgy2,Rgz2
1.9658410513568996,2.4694893076000004,0.6475417316,0.7474999999999997
2.0963884052579567,1.8919227280999997,1.8129216175999996,0.6900000000000002
2.203989182845506,1.3072077225000003,2.210360595599999,1.3400000000000003
2.347099801584926,2.4672244760999997,2.5516530024999993,0.48999999999999994
2.7526936320811295,1.6287215024999995,1.7386007296000003,4.210000000000001
2.0064946820263443,1.5784764200999999,1.4875444888999998,0.9599999999999996
1.6244116277594172,1.46370881,0.44750432639999993,0.7274999999999997
2.28441248451325,2.3745515969000004,0.7964888025,2.0475000000000003
1.922613798972638,1.0433524099999993,1.85309141,0.8
2.2871487735606535,3.832665090000001,0.7108844223999998,0.6875
2.1017907036619987,2.9869510384,0.4405731236000001,0.9900000000000002
2.5613018457222103,1.4403087048999998,3.759958440000001,1.3599999999999999
2.4430334370613926,3.8366365225,0.8917758521000003,1.24
2.450964572265377,1.6915098863999998,3.7557174481000013,0.5599999999999998
2.4324076208768957,0.38754277160000006,4.1815640625,1.3475000000000006
2.0267438452848454,0.59198916,1.8682014543999999,1.6475000000000009
1.5359833279368629,0.9842427956000002,0.6875019881,0.6875
2.6847464272254835,3.1304295289,0.8874338495999998,3.189999999999999
2.151776724895034,2.9614576488999997,1.1286854248999998,0.5399999999999999
1.800752941993987,0.7475549081,1.5351562499999996,0.9599999999999997
1.9434292691013997,2.5892813684,0.5276359555999999,0.6600000000000001
2.391869593936927,0.22757224999999992,3.7834679043999997,1.7099999999999997
2.1921261439068696,3.467032608400001,0.7108844223999998,0.6275000000000003
2.2244122791649934,0.5276359556,1.6928740321,2.7275
1.997469610131779,1.0419228225000001,2.537962020900001,0.41
2.0089933969279246,0.16013456,0.7484199088999999,3.127500000000001
1.8386554794468701,0.4101345599999998,1.8305194121000004,1.1400000000000001
2.20285817609759,0.4425684624,1.7100156815999998,2.7
1.592286760605639,0.9285995856,0.9592775424,0.6474999999999997
2.384962697087734,1.1190389295999998,1.2190081368999999,3.35
2.001022230011451,0.7600114921000002,1.2165784728999998,2.0275000000000007
2.4726297872912553,0.9369458640999995,4.016952200899999,1.1600000000000004
2.295494261047063,3.869293902500001,0.4,1.0
2.2889660289528106,2.4209293456,2.5909361361,0.2274999999999999
2.206204426656787,2.0476229881,1.4722149841000012,1.347500000000001
2.0710491233189035,2.5657547395999996,1.1634897316,0.5599999999999999
