Rg,Rgx2,Rgy2,Rgz2
2.0793491220331424,2.4557052449,0.6404875263999996,1.2275
2.640862252390306,1.9,3.1841534360999986,1.8900000000000006
2.1999745426936195,1.1100257049000004,2.7798622836,0.95
1.7521367702893516,1.3123428969,0.9176403648999999,0.8399999999999999
1.839837939928406,1.1099619135999998,0.6475417316000002,1.6275000000000006
2.8097354601812605,0.39000396010000005,2.1571093960999996,5.3475
2.187934219303679,2.2119201923999996,0.5276359556000002,2.0475000000000008
2.4032664698280963,4.225333648100001,0.8103560768999998,0.74
2.554314389439953,3.826863999999999,1.5701580001,1.1275000000000002
2.1670112860342927,3.0761874728999983,1.1697504409000004,0.45
1.528579055528369,0.7486978521000001,0.5603560769,1.0275000000000003
2.7194016754425965,0.22757224999999998,1.5800732224000007,5.5875
1.7296262353468161,1.3100329475999994,1.1340739664,0.5475000000000003
1.5808419029112304,0.9285995856,1.3429615364,0.2275000000000001
1.8222753805613467,2.3031836025000008,0.39000396010000016,0.6275000000000002
2.1593523040949107,3.5880907455999997,0.6747116275999996,0.4
2.3872276386218387,1.2483590761,1.6229967225000004,2.8275
2.8567779914617093,1.5532684024999992,3.247912089999999,3.3599999999999994
2.3907696177591014,3.1433073956,2.3249719696,0.2475
2.5719145864705535,2.6322249999999996,1.6350196401000001,2.3474999999999993
2.090516633801319,1.7292539720999993,2.1935058240999994,0.4474999999999999
1.8517648218118845,0.4475043263999998,1.4340286288999997,1.5475000000000008
2.4213534166659767,0.7986222399999998,4.036830128399999,1.0275000000000005
2.583842090724586,3.8492096089,1.5395303409000003,1.2875
1.7853618366314434,0.6875019880999999,1.652514899600001,0.8475000000000001
3.0466856641603184,1.9052030121000008,2.7295905241000007,4.6475
2.5153832487515695,3.1536106481,1.8135422400000003,1.3599999999999997
2.905000544113546,0.5475174724000003,2.644010688899999,5.2475
1.9563005142615488,1.80961169,1.3900000121,0.6275
2.541768450547768,2.0877223921,2.0228644641000004,2.35
2.1029683215873702,0.85,3.1324757616000007,0.4400000000000002
3.1805053032655044,2.3220029441000003,3.9836110399999995,3.81
1.963414911219735,1.37926544,1.8882326736000004,0.5875
2.824064994312277,0.26002304,1.0278200520999998,6.6875
2.7697086751678417,1.0400003364,3.0037858089,3.6275000000000004
2.1818771535079606,0.3900039601000001,3.023083952899999,1.3475000000000008
