Rg,Rgx2,Rgy2,Rgz2
2.255010194433719,0.7619456920999998,3.513125284899999,0.8099999999999996
1.883011434086368,1.92750144,0.5907306208999998,1.0274999999999999
2.214928231884726,0.7986222399999998,3.4797848323999987,0.6275
3.1990054021992522,0.5603560769,0.8232794863999995,8.85
2.343615808211747,2.3278954000999996,2.7746396564,0.3899999999999999
2.3604972869503578,1.0316589600999997,4.0527884816,0.4875
2.5566090021941172,3.199438122500001,1.4368114676,1.9
2.0541038445511948,1.2159186881,1.9759239161,1.0274999999999996
2.0126098508156023,0.4101345599999998,3.0129638516,0.6275000000000004
2.9668520775394245,2.6381360000000003,4.73657525,1.4274999999999995
2.3963164576073837,2.4722182881,1.0426142769000002,2.2275
2.5894823057128624,0.5,1.1779186116000009,5.027500000000001
2.5839485293054887,2.9531675025000004,2.7961224995999983,0.9275
2.241077497321322,3.0889360409,0.8059923080999999,1.1275000000000002
2.0072960860321527,2.3409774720999996,0.8482601049000003,0.8399999999999999
1.556525589638667,1.1851359556,0.5276359555999999,0.7099999999999997
2.711576070185014,4.249324810000003,1.9558199744,1.1475000000000002
2.2129299411639765,0.5276359555999999,1.6419229689000006,2.7274999999999996
1.9816860127174538,1.4670537481,1.1100257049000002,1.35
1.8441974418429279,2.073546732099999,0.8275174724,0.5
2.462893513004572,0.6532064964000002,4.622637960000001,0.7900000000000001
1.5545566648083309,1.1406682225000007,0.6884782016000003,0.5875
2.270576890858356,3.565188904899999,0.35033051239999996,1.2399999999999998
2.415122122709326,0.5364745600000002,2.7063403076000005,2.5900000000000007
2.041064536853257,0.53647456,2.6394698836000003,0.9899999999999999
2.1278855223202213,0.6601345599999998,2.7202622361000004,1.1475000000000004
2.389548132283591,0.46010774439999985,3.762332532099999,1.4875
2.190843528917572,1.0400121801000002,1.2997831881000004,2.46
2.368255410402349,0.6484703225000003,3.0726633663999996,1.8875
2.0931828573968403,0.8015460623999994,2.9698684121000007,0.61
2.3719689471829097,2.3412077264000004,2.85752896,0.4274999999999999
2.018569626889298,1.1875231361000003,2.2996002024999997,0.5875
1.8209375497803324,1.7183038881000001,0.24750967210000002,1.35
1.9808511286313266,0.6890342889000002,1.4347369049,1.8
2.0635461864712408,2.2690303641000007,0.9016924996,1.0875
2.2726701407155416,3.2898908001000002,0.9276387683999998,0.9474999999999998
