Rg,Rgx2,Rgy2,Rgz2
2.3321139224531895,1.2600489729,1.351206374400001,2.8274999999999997
1.8663263110453114,0.12761299689999994,3.0280609024000005,0.3274999999999999
1.5377592402583704,1.2896562841000005,0.4475471968999999,0.6275000000000005
1.9888724837203615,1.1462026729,2.209411083599999,0.6
2.5354592383235035,3.8786149616000003,2.1224385876000005,0.4275000000000001
1.9712209179338578,2.8374239824000007,0.6607879248999997,0.3875
1.9941001219848515,0.6475417316000001,2.7288935649,0.6
1.8457169273753762,1.3538987535999998,1.6052722224,0.44749999999999995
1.613398849200036,0.6880480625000001,0.2875077840999999,1.6275000000000002
1.9081793029220289,0.5,2.8136482520999997,0.3275
1.1641519937276232,0.7277137444000001,0.24003612010000003,0.3875
1.9354271819161786,1.6350196401000001,1.6108587364000004,0.5
2.2891510246595788,2.0322914521,1.6804209615999999,1.5274999999999992
1.5059231492011802,0.12761299690000005,1.6301915344000004,0.51
1.421050045635269,0.3600063000999999,1.0318769321,0.6275000000000003
2.3480285290004463,3.1077727081000006,1.9154652649,0.48999999999999994
1.161895003862225,0.3,0.4,0.65
1.6990579019268295,1.3092680516,0.4275297025000001,1.15
1.9383764815948423,2.2871956399999998,0.46010774439999996,1.0100000000000002
2.2107912435370283,0.6,0.8875979225,3.4
2.1336048505990983,2.1874230656000004,1.9373465928999998,0.4275000000000001
1.8125887717295392,0.4275297025000001,2.0679483528999993,0.7900000000000001
1.3134453808209916,0.9276387683999996,0.25,0.5474999999999999
1.6881358147080465,1.1412002889000004,1.2611022399999996,0.4475000000000001
2.6142214475633088,3.2866537769000006,0.6,2.9475
2.2219574756731957,0.6905731236000001,3.5990219001,0.6474999999999997
1.7900432478853692,1.4600019043999999,1.3967529249000006,0.3475000000000002
1.5240714136811306,0.18763133159999987,1.5751623424,0.5600000000000003
1.7065040467868806,1.4050672600999998,1.2670888016,0.23999999999999994
1.3510335040257142,0.3600063000999999,0.5377852289,0.9275
2.3519312664276564,3.5780596436000005,1.7135210383999997,0.23999999999999994
1.1251936825720272,0.6285445824000002,0.3275162409,0.30999999999999994
1.2616377486822437,0.5413630864,0.5603667225,0.48999999999999994
1.2319731523860413,0.6278381921,0.6799196561000002,0.21000000000000002
1.93182901443166,1.3400013689000003,1.9019619720999992,0.4899999999999999
2.5652945445893742,3.553620336900002,2.2996157636000008,0.7275000000000006
