Rg,Rgx2,Rgy2,Rgz2
2.2665931682814184,0.7626532800999999,3.5647913103999995,0.8099999999999996
1.8830756652349363,1.9275011448999986,0.5909728160999996,1.0274999999999999
1.9937639461330423,0.5,2.8475946729000006,0.6275
3.1567613112967536,0.5604866436000001,0.5546553329000005,8.85
2.0664608186946105,1.7323108096,2.1479495056000006,0.3899999999999999
2.4197059484573735,1.0334490369,4.334027840099998,0.4875
2.461679722181584,3.2185238321,0.9413432224999999,1.9
1.9909991892514671,0.9475211599999998,1.9890566116,1.0274999999999996
1.879288913232875,0.4101787569,2.4940480624999997,0.6275000000000004
2.6750066467580975,2.375369064100001,3.3527914961,1.4274999999999995
2.4241188229333974,2.6049968995999997,1.0438551681000006,2.2275
2.53395824945874,0.5,0.8934444100000005,5.027500000000001
2.361837662435757,2.5007021480999994,2.1500749956000007,0.9275
2.054667625116043,2.2860572496,0.8081018001,1.1275000000000002
1.8398937431275753,1.6966278916,0.8485810944000001,0.8399999999999999
1.4089933655628049,0.7475776161000001,0.5276846881,0.7099999999999997
2.6924583924176053,4.110258809999996,1.9915733848999995,1.1475000000000002
2.2157085828691456,0.5276846881,1.6541798360999986,2.7274999999999996
1.769614624402726,1.0912180100000004,0.6903179089000002,1.35
1.8477132960770724,2.0865220515999994,0.8275223729000001,0.5
2.15961785526977,0.36000795240000005,3.5139413284,0.7900000000000001
1.5218887154125296,1.1409696995999994,0.5876755624999999,0.5875
2.0827439464562127,2.7473817664,0.3504405800999999,1.2399999999999998
2.389182127046827,0.38755610009999986,2.7306351361000005,2.5900000000000007
1.8781925164902555,0.38755610009999986,2.150051028899999,0.9899999999999999
1.9330131187604496,0.6601787568999999,1.9288609603999993,1.1475000000000004
2.2232365247539456,0.4601442401,2.9951364049000007,1.4875
2.1919206920187597,1.0400201600999996,1.3044961600000002,2.46
2.2337490554894477,0.6487974404000003,2.4533374025,1.8875
1.8996040779594048,0.8021132409,2.196382412100001,0.61
2.2359436444150376,2.3509794329,2.2209645481000004,0.4274999999999999
1.9060968138318681,1.1875259080999998,1.8581791555999998,0.5875
1.77759012207539,1.56231361,0.2475130321,1.35
1.9817423252532098,0.6896399875999999,1.4376626560999997,1.8
2.0715626479785736,2.3015166435999994,0.9023551608999998,1.0875
2.0795221255134555,2.4492046224,0.9277076481000004,0.9474999999999998
