Rg,Rgx2,Rgy2,Rgz2
1.7777757574002409,0.8104866436,1.6,0.75
2.0865611732705083,0.24004858089999997,3.1261889489000003,0.9875
1.6310725556209937,1.0297572001,0.7431404815999998,0.8875
2.379971447307719,0.6,0.56426409,4.5
2.789852570047385,0.8081018000999999,0.5876755625000005,6.3875
1.7276332588254955,0.46090661210000006,1.5963100649000008,0.9275000000000005
1.8112076728249584,1.2027621316000003,1.2502111025000002,0.8275000000000003
1.7005812967629628,0.8934444100000001,0.5885323369000002,1.41
1.793815893702584,1.5355296484000003,0.5422458121000001,1.1400000000000001
2.0523490814430185,2.2346367521000006,1.05,0.9275
2.8714510743176525,1.8135295481,1.141701724100001,5.29
2.4047144998523216,0.49004858090000003,2.1051032449,3.1875
1.9245010283707307,1.3757197680999997,1.2279844400999997,1.1
2.118983516925037,2.3727654968999996,0.7073256481000001,1.4099999999999997
2.0436232883043783,0.8414371681,0.7949589764000002,2.54
2.214989037557523,0.7136942083999999,2.3424822281000006,1.85
2.0318838593777944,1.6131810704000002,0.4878709476,2.0275
2.370420926713228,1.1993004768999993,2.4920948929,1.9274999999999998
2.509013013437754,3.3942136100000004,2.6909326915999996,0.20999999999999996
1.604688073863578,0.5475238144000001,0.7,1.3275000000000001
2.3575368770816714,1.5139127503999998,3.3840673764,0.66
2.8064918655502997,2.3155825289000007,0.7333140625,4.8275000000000015
2.253688978918786,1.9585271000999995,0.8305869136000001,2.2900000000000005
1.9741195713532655,1.4544813476000003,1.6951667344000003,0.7475000000000003
1.9586100867962462,0.25,2.158653472099999,1.4274999999999998
1.5766766174774078,0.5,1.5584091560999997,0.42750000000000005
2.2125471887623096,1.0901890625,3.3776759999999997,0.4275000000000001
2.079693174605331,2.509091363599999,0.5885323369000003,1.2275
2.075628618081761,0.9920171841000001,1.2287169760999999,2.0875
1.8454881908319,0.7506190143999999,0.9277076481000002,1.7275000000000003
2.3940508863639467,2.0101861776,3.1937934688999996,0.5274999999999997
2.0160853723242975,0.5488446889,1.4557555396000013,2.0599999999999996
2.575887657585245,1.8484931121000006,2.0392041124000015,2.747500000000001
2.219112938450858,2.7469622336000006,0.25,1.9275000000000007
1.8577560278195842,0.6476716100000001,2.076085848899999,0.7275
2.191369063439566,1.2278916441,2.4642067280999997,1.1099999999999997
