Rg,Rgx2,Rgy2,Rgz2
1.8605106860483227,1.1115000129000003,1.6,0.75
2.167850218926575,0.24003612009999994,3.4720384515999996,0.9875
1.6790704986092753,1.0291056049,0.9026721344000002,0.8875
2.453066781969052,0.9543421264,0.5631945104,4.5
2.8970233831469154,1.0458814681,0.9593630143999998,6.3875
1.9454636583087335,0.6025020448999999,2.2548268009,0.9275000000000005
1.9617872349722332,1.6190360608999996,1.4020730944,0.8275000000000003
1.8136834853413646,0.8917758521,0.9876719329000002,1.41
1.8598754313125383,1.5271452835999997,0.7919913364000006,1.1400000000000001
2.1395065960169415,2.25320201,1.3967864643999996,0.9275
2.9715916773507085,1.9572405743999997,1.5831165225,5.29
2.575454740448762,0.4900361200999999,2.9554309999999995,3.1875
1.9210332427368353,1.3625663075999999,1.2278024121000004,1.1
2.2394236642493532,2.8995156756,0.7055026724000001,1.4099999999999997
2.0432024076189808,0.8410291264000002,0.7936469520999998,2.54
2.210388413740897,0.71264196,2.3231749796,1.85
2.166835969541765,2.1799032225,0.4877748964000002,2.0275
2.409527053220196,1.3865992001000003,2.4917214201,1.9274999999999998
2.6425107405079737,3.3148844921,3.4579785216000003,0.20999999999999996
1.7069385057757647,0.8861390625000002,0.7,1.3275000000000001
2.572293315798181,2.013928670399999,3.942764232100001,0.66
2.882743035461191,2.751052316900001,0.7316550915999999,4.8275000000000015
2.3218965641044393,2.27148336,0.8297202944000002,2.2900000000000005
1.9717147572861546,1.4463101225,1.6938489616,0.7475000000000003
2.1333374818813833,0.25,2.8736288116000015,1.4274999999999998
1.5734142650935894,0.5,1.5481324495999995,0.42750000000000005
2.483366983512505,1.0901304163999999,4.649481158399999,0.4275000000000001
2.0778931298072094,2.5018880025000003,0.5882518564000002,1.2275
2.1800437941701998,0.9907069568999998,1.6743839875999995,2.0875
1.9926748662288085,0.9229214808999997,1.3203316416000002,1.7275000000000003
2.4760824890338364,2.4337487236000004,3.1697357689,0.5274999999999997
2.131426981836347,0.5485176100000001,1.9344633689,2.0599999999999996
2.7014322076446784,1.8421047224999998,2.7081312500000005,2.747500000000001
2.3141047556452583,3.1775808201,0.25,1.9275000000000007
1.983722922285267,0.6476254400000001,2.5600311924,0.7275
2.427504892703617,1.7468830015999992,3.0358970024999996,1.1099999999999997
