Rg,Rgx2,Rgy2,Rgz2
2.5456901059044874,1.9135209248999996,2.6395171904000003,1.9275000000000007
2.0167498108094617,1.7905267024999998,0.9492530968999999,1.3274999999999995
1.0489773841222698,0.35033051239999985,0.26002304,0.48999999999999994
2.1304628563999892,1.0596733969,1.2391985856000007,2.2400000000000007
1.6149223752552317,0.5276359556,1.8403383224999998,0.23999999999999994
1.7687489462611707,0.32750009000000013,1.2534727449000005,1.547500000000001
2.468522391006409,3.3209940099999997,1.7851087848999998,0.9875
1.8947867000008207,0.4900361200999999,2.7526805184,0.3475000000000001
2.1500580650066174,0.4514175225,3.4838321604,0.6875
2.137103677901472,3.2290198801,0.8906922500000001,0.44750000000000006
1.5850904710141942,0.48777489640000005,1.4347369049,0.59
2.033885931167233,2.336335904100001,0.8103560768999996,0.9900000000000008
1.104925392684954,0.43305492249999994,0.42780520089999996,0.3600000000000002
1.2318054549724968,0.22757224999999992,0.7422724289,0.5475
2.2206333446339133,0.7932809984,3.1879314529000005,0.95
2.2195272156249852,3.3327015025,1.2835995584,0.30999999999999994
1.8987664630754357,0.42780520089999996,1.4275088804000002,1.75
1.7918840349196705,0.9275035720999998,1.0433448224999995,1.24
1.3739553394852397,1.0727531849000003,0.3275000900000001,0.4875
1.9198619101643741,1.8530914099999993,1.4927783440999995,0.34000000000000014
1.8638801843734485,0.7137126361000001,2.0003367055999997,0.7600000000000003
1.4686380308980154,1.0674289689000003,0.4494686969,0.6399999999999999
1.9943483944637157,1.0598983743999997,0.19002714410000002,2.7275000000000005
0.9809150993332705,0.24750967210000002,0.38718476000000007,0.32749999999999996
1.9826649592152477,0.2900030276,2.9934573128999995,0.6475000000000004
1.6452294228161615,1.2147522760999998,1.0320275775999999,0.45999999999999985
1.7114314549230416,0.22753192249999996,2.1914657023999995,0.51
2.54873084175242,1.2794061956,1.1891227081,4.0275
1.863497376547657,0.6294189124,1.8432035600000005,1.0
2.4850937623558593,0.8879990756000001,2.0776919321,3.210000000000001
1.0843844304027976,0.3476750328999999,0.2882145600000002,0.5399999999999999
2.101616010692724,3.8966552964,0.16013455999999998,0.36
1.6925196721161027,0.4405731236,1.4965497168999995,0.9275000000000002
2.0658853912548008,2.0175596529,1.2628227969000005,0.9875
1.8233517265738939,1.2600675684,1.5545439504,0.51
1.5754300246281963,1.1475014761,1.0069782863999996,0.3274999999999999
