Rg,Rgx2,Rgy2,Rgz2
1.7309293709449844,1.3959691076,0.5901473795999999,1.0099999999999996
2.152168982236293,1.7842816256000003,1.3475497024999998,1.5
1.6411709749139485,1.7434421689000004,0.3,0.65
2.6111867439920875,1.7303404644,1.8979557476000004,3.1899999999999995
2.069121408448523,1.5838208899999997,0.9974425128999999,1.7
2.035136570282201,2.884267827600001,0.2475130321,1.01
1.7422515089676347,0.4279088484,0.2600314720999998,2.3475000000000006
2.3543015385672246,2.1477798929,3.1474558416000002,0.2475
1.6124153537472905,0.5885323369,0.9013509361,1.1099999999999997
1.5742888674255433,1.26979049,0.6610949481000002,0.5474999999999998
1.7299179971894627,2.1051032449000013,0.24751303209999995,0.6399999999999999
1.3556714649943769,0.4601442401000001,0.9302008809,0.44750000000000006
1.2531648853203636,0.24004858089999997,0.7903736489000004,0.54
2.3674170375537975,2.7174021695999997,2.3772612601,0.5099999999999999
1.9297242012785143,2.8130643201,0.5107711729000003,0.4
1.168748472726275,0.32750017640000006,0.5909728161000001,0.44749999999999995
1.4919223332667153,0.8881848689000001,0.5901473796000001,0.7474999999999997
2.5238118885923333,3.3705766481000006,1.7515498009000001,1.2474999999999998
2.131937852494767,0.16017875689999997,3.8974802499999988,0.4875
1.946577328672046,2.681519056399999,0.4601442401000001,0.6475
1.674858202983166,0.2101442401,0.44750576000000003,2.1475
2.2309513195271653,4.1896399876,0.24750380249999998,0.5399999999999999
1.3839785802533218,0.9277076481000002,0.8401890625,0.1474999999999999
1.515010858574948,0.7538266116000002,1.1939312900000005,0.3475000000000001
1.2875094994601008,0.8423097635999998,0.4878709476,0.3274999999999999
1.355199302132347,1.0482107556000002,0.5283543929000001,0.26
1.3648035794574984,0.42753931290000013,0.9451494975999999,0.48999999999999966
1.719313728962809,1.0663696360999997,1.3296700625,0.5599999999999998
1.4725396035421252,0.36000795240000005,1.1583649315999998,0.65
1.4530770970943008,0.7112888100000001,0.2101442401,1.19
1.6083393026659516,1.0916859235999998,0.7475693888999998,0.7474999999999998
2.336007217154947,0.2275970224999999,0.28933269609999995,4.9399999999999995
1.667333245665065,1.3900001520999998,0.4,0.99
1.4439567016015402,1.25,0.28751095610000005,0.5474999999999998
2.3527411617302914,1.34575201,3.8021389641000005,0.3875
1.5897513901865283,1.8397124600999988,0.2275970225,0.46000000000000024
