Rg,Rgx2,Rgy2,Rgz2
1.6810524277963494,1.1366107025000003,1.1893265625000005,0.5
1.87737063311963,0.2655978025,2.6589226916000004,0.6
1.717679266743358,0.4514175225,1.2515045409000003,1.2475
1.7367680941622574,0.9288337104000002,0.42752970250000005,1.6599999999999997
2.6012458723657783,2.536443968399999,0.4900361200999999,3.740000000000001
2.270342362948813,0.34750001690000004,3.0169544280999996,1.7900000000000005
1.6111740702047064,1.0476300280999995,0.5882518564000001,0.96
1.637148448033959,0.25,1.3402550409,1.0900000000000005
1.8412050859423563,0.31000004839999995,0.2400361201,2.84
1.1562476354570417,0.4385241721,0.7108844223999998,0.1875
1.7592766535425857,2.2867780920999996,0.6607762516,0.14749999999999996
1.6777263513755751,1.46370881,0.3910569000999998,0.9599999999999997
2.328792002562702,1.4481408595999994,0.1876313316,3.7875
2.222117765488589,1.8082664321000004,2.5020409316,0.6275000000000001
2.1786284329595995,0.4514175225,0.4475043263999997,3.847500000000001
1.7464474193344617,0.6100063001,0.6925722883999998,1.747500000000001
1.7424301481838518,0.4877748964000002,0.6607879248999999,1.8875
1.4803804305650625,0.8483667135999999,0.7331595055999995,0.61
1.9298312274393326,1.5945395664000004,1.0897090000000003,1.04
1.3658086280661723,0.7904235363999997,0.24750967210000002,0.8275
2.4945974931439334,2.5752602703999985,2.9577563823999986,0.69
1.464804977121528,1.0156175009000001,0.4900361200999999,0.6399999999999999
2.2169189163566627,2.493324008100001,1.8214054736,0.6
2.289997011460932,0.7614493249000001,3.0426369875999995,1.44
1.9137549592620264,1.0724580441000002,0.25,2.34
1.518881446624456,0.3,1.8195008489,0.1875
1.5903363147774747,0.6501563716,1.5390132224999997,0.33999999999999997
1.7667539818831597,1.4633508100000006,0.5105688224999999,1.1475
1.2971637078256546,0.4275297025000001,1.0451039824000001,0.20999999999999996
1.8839735747615995,0.5,2.5093564304000004,0.5400000000000001
1.7548772358202154,0.8132851204000004,0.4388089923999997,1.8275
1.4404381389355114,1.1970238399999997,0.6278381921,0.25
1.7215922085383637,0.4514175224999998,2.1024622100000006,0.41
2.189865568773572,3.6203361763999995,0.34767503290000007,0.8274999999999997
1.5054585433680994,0.6607879248999996,1.0156175009,0.59
2.15273314147388,0.3275000900000001,2.7467598884000006,1.5599999999999996
