Rg,Rgx2,Rgy2,Rgz2
3.6220264909715945,0.5603560769,2.018719824399999,10.540000000000003
2.262669742074614,0.5786999295999999,3.2509744321000005,1.2900000000000005
2.106011501796702,2.8753282521,0.5499561935999999,1.0099999999999998
2.033563081514808,2.1553426864,0.7400361200999999,1.2399999999999998
2.3678240918193225,3.0639025009000003,2.0951884289000002,0.4475000000000001
1.6190660661010718,0.8613749264000002,0.25,1.5100000000000002
1.8219794176938444,0.9285995856,1.6010094129000003,0.7899999999999998
2.3109980296832795,0.9933612735999997,2.9198506196000005,1.4275000000000004
1.9882276454168926,0.5901073296000001,1.2629418404000003,2.1
2.4250554701490854,3.378404928400001,1.8749891049000003,0.6275000000000001
2.7189899490068,3.3697911023999993,1.0231152404000001,3.0
2.5117966889061707,3.258246606400001,3.0033760000000003,0.047500000000000056
2.752601385616886,2.9473369480999994,2.2794774400000004,2.35
1.9404970419199303,2.0476905776,0.6278381920999998,1.0899999999999999
1.6903227620782961,1.00719104,0.3,1.55
1.7728490986262762,1.2286723776,1.5643215488999995,0.35
2.065903219054562,0.7970567104000001,1.1608994001000004,2.310000000000001
2.8103997106461565,1.85309141,2.5177551235999998,3.5275
1.9272691906425528,2.0568825076,0.8299840256000003,0.8275000000000003
2.0534977160201566,2.7912472176,0.8981056521000003,0.5275
2.278282933175772,1.4405731236000006,3.25,0.5
2.1358739472403325,0.6113749263999998,2.7405825920999995,1.2099999999999995
2.3880447313230966,0.5475174723999998,2.6077401663999993,2.5475000000000008
2.1130893782563955,0.46010774439999996,2.4775389761,1.5275000000000003
1.7435734283935391,1.0400121801000002,0.4900361200999998,1.5099999999999998
2.28201294970033,3.0175709225,1.0400121801,1.15
2.1852528042540067,2.3171431880999998,1.3481866304000003,1.1099999999999999
2.086479517752331,0.5111655395999997,3.4547312384,0.3875
2.3271508247210795,2.6149664329000006,2.4731645281000003,0.32749999999999996
1.8378947750619457,1.1475003721000003,1.3028568320999996,0.9275
2.535232311741865,3.2464782841,0.5534245904000001,2.627500000000001
2.0170271054450413,1.2508686416000003,0.4275297025000001,2.3900000000000006
1.4018123453943472,0.49003612009999997,0.6475417316000001,0.8275000000000002
1.9432650493949613,1.0152867441000002,1.2334923081000002,1.5275000000000005
1.8907051172776783,2.3492884400999996,0.8654774003999997,0.36
1.7897248204402825,0.7970567104000003,1.2585582225000003,1.1475000000000002
