Rg,Rgx2,Rgy2,Rgz2
3.6225925338216003,0.5604866436000001,2.0226900225,10.540000000000003
2.1396284024334693,0.34750001690000004,2.9405096836,1.2900000000000005
2.119006779838139,2.9293454241,0.5508443089000001,1.0099999999999998
1.913922636707137,1.6830512783999996,0.7400485808999998,1.2399999999999998
2.0818030389544537,2.4150367329,1.4713671600999993,0.4475000000000001
1.6192260867772605,0.8618931201000002,0.25,1.5100000000000002
1.8240877725592044,0.9290429183999999,1.6082532835999994,0.7899999999999998
2.2465463913304795,0.7889273283999998,2.830543359999999,1.4275000000000004
1.8933883452688727,0.5901473796,0.8947720463999996,2.1
2.2213557007602365,2.4226537409,1.8842674084,0.6275000000000001
2.4814945885091104,2.4086523844000003,0.7491630083999998,3.0
2.504685305522432,3.2065826595999996,3.0193658201,0.047500000000000056
2.5265555280856185,2.1896248836,1.8438579528999988,2.35
1.7748161929619641,1.4320050944000005,0.6279674243999999,1.0899999999999999
1.691174184553442,1.0100701224999997,0.3,1.55
1.6229322667628494,1.2292181025000006,1.0546910399999996,0.35
1.9827823582279527,0.4601442401,1.1612816400000003,2.310000000000001
2.7100745253590355,1.2754430329000002,2.5415609001000004,3.5275
1.8851861177613205,1.8955219761,0.8309047224999997,0.8275000000000003
1.7771590378466418,2.0027480889000016,0.6280461569000002,0.5275
2.2783261536707164,1.4407700625000004,3.25,0.5
2.045979990151419,0.6118931201000002,2.364141000000001,1.2099999999999995
2.2256366222723787,0.5475238144000001,1.858434560000001,2.5475000000000008
1.9678363798090532,0.4601442401,1.8847357776000002,1.5275000000000003
1.7435792901385356,1.0400201600999999,0.49004858090000025,1.5099999999999998
2.1311937471051285,2.3519666276,1.0400201600999996,1.15
2.030588695428003,1.6621137315999999,1.3511767184,1.1099999999999999
2.0023314748562484,0.2900042436,3.3318270916,0.3875
2.192706168391014,2.6402712784,1.8401890625000008,0.32749999999999996
1.7073925664884453,1.1475003135999997,0.8401890624999998,0.9275
2.4392899511538193,2.7679801329000004,0.5546553329000004,2.627500000000001
2.0173511268492654,1.2521662561000002,0.42753931290000013,2.3900000000000006
1.4018225611681387,0.49004858090000003,0.6475579120999998,0.8275000000000002
1.8638429737507398,0.7101459264000003,1.2362647044000004,1.5275000000000005
1.8332712650887213,2.373305562500001,0.6275779688999996,0.36
1.568987913337767,0.4601442400999999,0.8540788321000002,1.1475000000000002
