Rg,Rgx2,Rgy2,Rgz2
2.128812151834915,1.0199341088999998,0.4519070689000001,3.0599999999999996
1.8778676445639082,0.3288307903999998,0.38755610009999997,2.810000000000001
1.7136995364707315,0.9486303044,1.1981357969000004,0.7899999999999998
1.5571706743963556,0.7509292736000006,1.5463512356000002,0.12749999999999992
1.6005149914324452,1.4266332609000005,0.14751497689999987,0.9875
1.9344216418609466,0.21014424009999993,1.944342848400001,1.5875
1.9167652386768703,1.1221462440999999,2.0418427361,0.51
2.3596018015122806,1.6857437135999997,0.7944769480999996,3.0875
1.861793459248367,0.22759702249999997,0.4911778624,2.747500000000001
1.682430861135161,1.25,0.7905736024999995,0.7899999999999999
1.8900990994654223,1.4219848688999999,0.5604897369000001,1.5900000000000003
2.4902897770540684,3.2295052921000007,2.5720378815999996,0.4
2.3404081443201314,2.2625121536000004,2.0274981284000004,1.1875
2.3175271818039156,3.43054336,0.8903888783999999,1.05
1.5078659163864672,0.7324603849000002,1.0511992368999998,0.49000000000000005
1.7331161713514764,1.3313072409000002,0.8448844225000004,0.8275000000000002
1.2410633086994394,0.4601442401000001,0.34009389610000007,0.74
1.6109028187944796,0.6875021316,0.44750576000000014,1.4599999999999997
2.251034070932735,0.3410156968999997,0.8386386916000002,3.8875
1.6461204556775302,1.8346995225,0.2475130321,0.6275
1.876204743651396,1.6,0.2101442401,1.7100000000000002
1.1356236158604662,0.59196224,0.4101787569,0.2875
1.7255576926315737,0.9599523281000003,0.2275970224999999,1.7899999999999998
1.661379848348956,0.2900042436,0.4101787569,2.0599999999999996
2.038384619766348,1.1461759556000004,1.3488359024999994,1.6599999999999997
2.1168426987615305,2.3432051024,0.6903179089,1.447500000000001
1.6874127439663362,0.7538266116000002,1.8035351569,0.2899999999999999
1.4833896157449666,0.8496746895999999,0.6907700624999998,0.6599999999999999
1.9384371191245797,0.39138235239999986,3.1561561124,0.21000000000000002
2.257239556715237,0.8476304164000001,0.1,4.147499999999999
1.73195011157943,1.6495061441,0.4501450449000002,0.9
1.9494310109619166,2.2962178361000007,1.156563430399999,0.3475
1.5639061189854075,0.6903179089000001,1.2279844400999997,0.5275000000000004
1.663263091275701,0.48807504039999994,1.2883690704000004,0.9900000000000002
2.182245881402918,0.6404566768999999,2.5342404099999993,1.5875
1.8204822328163492,1.09819156,0.9559639999999998,1.2600000000000002
