Rg,Rgx2,Rgy2,Rgz2
2.079926893739297,0.4475043264000001,2.8310915569,1.0474999999999999
2.0780272794407684,2.4475298116000004,1.4106675625,0.46000000000000024
1.905560256223875,2.0836459025,0.9475139875999998,0.6
2.600698868631276,4.025759408400001,0.8903751969000002,1.8475000000000001
1.8373267163191198,1.6902602703999996,1.3755091921000002,0.31000000000000016
1.6973065190766221,0.6333354320999999,0.9475139875999996,1.3
1.6749062709596618,0.4877748964000001,1.4900361201,0.8274999999999999
2.1196052203417506,1.1285820225,1.1641442675999996,2.2
2.4700014819833616,3.9050270121000024,1.5483803089000001,0.6475000000000003
2.1205157790028353,1.7228193681000008,1.8862678009000002,0.8875
2.1631828024695463,0.4101345600000001,2.4792252769,1.7900000000000003
1.6925201628636513,1.0400121801000002,0.5646123216000003,1.2600000000000002
1.576813551692146,0.5475174724,1.1888235044,0.75
2.483299432307751,2.2301801329,2.5765959375999996,1.3599999999999997
1.7657031432548338,1.6296825625000004,1.0605250276,0.42749999999999994
2.0510164051269806,0.3875427716,2.819125522500001,1.0
2.151982603647158,0.65,0.8410291264000002,3.1400000000000006
2.4449902611257985,0.8059923081000001,2.8844850688999997,2.2875
3.0676310645186784,1.0708658323999998,3.5919945155999997,4.7475000000000005
1.7896708211847228,1.7274292520999999,1.0479923960999997,0.42750000000000005
2.746502303112088,0.34750001690000004,4.448274884100002,2.7475000000000005
2.050820233589478,0.8297202944000002,2.5861433361,0.7899999999999999
2.2032253039578134,1.5615326275999997,1.3326691123999996,1.9599999999999997
2.1671664999487232,1.5396374289,2.7294732096,0.42749999999999994
1.9157961992341461,0.8497081608999999,0.8105669161000002,2.0100000000000002
2.6041435437010763,4.1879166441,0.7936469520999998,1.8
1.8315158823772182,0.9176403648999998,2.1868100625,0.25
2.355908875020424,2.9113573025,1.0114493248999998,1.6275
2.281338981409821,1.818739322499999,2.4582682256000004,0.9275000000000004
1.6234598617150964,1.0180858024999997,0.4900361200999998,1.1275
1.7376592503998014,0.6278381921000002,1.0816214784,1.3099999999999996
2.7492190049721397,4.1537600804000006,1.9569450569000004,1.4475000000000002
1.7264885937648125,1.6,0.3407628644000001,1.04
1.7333139187694768,0.7400361201,1.8368410209000001,0.4275000000000002
1.726609073675915,0.6338838324000003,1.1997950609000005,1.1475000000000004
1.8992410034010954,1.3280803280999998,1.6190360608999999,0.6599999999999999
