Rg,Rgx2,Rgy2,Rgz2
1.911611571658845,1.0100701224999997,1.5041886784000003,1.1400000000000001
2.1326279083328155,1.7275029928999999,2.0605988025000004,0.76
1.5586980326541764,0.9920171841000001,0.8275223729000002,0.6100000000000001
1.7922068611072777,1.0663696361000001,1.1981357969000006,0.9475
2.1428965054337086,1.1981357969000004,1.0663696361,2.327500000000001
1.9703820358499011,0.5901473796,2.582257987600001,0.71
1.6442573624588093,0.8104866435999998,1.2655956304000004,0.6275
2.0711621337790045,2.5644989443999995,1.2852136399999998,0.43999999999999984
2.3684888509342827,2.3385817728999996,3.0611576640999996,0.21000000000000002
1.8191497048896221,0.4279088484000001,2.0338968004,0.8474999999999998
2.930274267180463,2.7953131225,1.5411941583999993,4.25
1.8855637565725536,2.0177064400000004,1.2101442401,0.32749999999999996
2.23047376323955,0.2475130321,0.32750017639999995,4.4
1.4916971581725291,0.2475130321,0.5901473795999999,1.3875
1.5528580350437704,1.1766332608999999,0.8947348161,0.33999999999999997
2.4921918481730096,2.45,2.6335202081000006,1.1275000000000006
2.395342629395636,0.2475130321,0.7626532800999996,4.727499999999999
2.0484578262927453,2.7481928224999996,0.5604866436,0.8875
2.2963663720321286,2.171482302499999,2.3743162121000005,0.7275000000000003
2.1474410358610547,1.4377900736,2.9637129289000006,0.20999999999999996
1.860392810671983,0.94752116,2.1535402500000003,0.36
2.120155302094637,0.6475579120999999,1.9875005929000007,1.86
2.0314298902004966,0.8478694084,1.5513379904,1.7275000000000005
2.6016208601946595,2.2308860761,0.9100450241000002,3.6275
1.9112225248254062,0.6542158024999998,2.151055736900001,0.8475000000000001
2.023674326812494,1.5448011041000007,0.6404566769000002,1.9099999999999997
2.111428572128359,2.0183613316,1.5922692836000003,0.8475000000000004
1.7984595700209667,1.5540885689000006,0.9403682561,0.74
2.224144915714801,1.4824112835999999,2.974409322499999,0.4899999999999999
1.6049389736061614,0.8881848688999993,0.4601442400999999,1.2274999999999998
2.348264340933533,3.2047361923999995,1.2496092225,1.0599999999999996
2.774877061511014,2.8264983504,3.6459443560999985,1.2275000000000005
1.6563674776147956,0.9135046400000004,0.7400485808999999,1.0900000000000005
2.351477673166386,3.301466322499999,1.2879809249000003,0.9400000000000002
1.6135955084221072,0.3600079524,1.2961825123999993,0.9474999999999998
1.9685215632550233,0.9347437120999998,0.9303334329,2.0100000000000002
