Rg,Rgx2,Rgy2,Rgz2
2.494373403041333,1.6827806249000001,3.8891180489,0.65
2.6062579375035,2.7780769663999982,3.7270034703999997,0.2875
2.215757482871264,1.9500020004,1.3995792225000003,1.5599999999999996
2.624660148304919,3.3106804040999998,0.7281604899999999,2.85
2.2006916572977686,0.6642917056,3.9312520648999993,0.2475
2.247880734380719,2.2730924356,1.9198753604,0.8599999999999997
2.4677401404726553,3.3295994408999996,0.71264196,2.0475000000000008
1.7258293313071253,1.0776236963999994,0.9608631844000002,0.9399999999999998
2.750181446468578,0.8132851204000001,2.1102128680999996,4.64
1.7130543310123003,1.1636108080999998,0.7109443328999998,1.0599999999999998
2.9056379580739238,1.1751411224999997,3.2400908209,4.027500000000001
2.856129172323969,2.967953976100001,3.8020198729,1.3875
1.777709076086411,1.4127355716000003,0.9475139875999998,0.8
1.9600579623317265,1.5865071635999999,1.0278200520999998,1.2275000000000005
1.7661066501205414,1.0897089999999998,1.1019236996000001,0.9275000000000005
1.776369132387748,1.2577235569000005,0.8477637376,1.05
1.8915793004788357,1.4992356864000014,1.5313365635999998,0.5474999999999999
2.446801618439877,2.4587829424000005,3.0405552175999997,0.4875
2.1821901380493864,1.4775979225,1.8743558761000005,1.4099999999999997
2.699171127327795,3.5779048025,3.1201199721000004,0.5875
2.0938435263648523,0.25,3.6866807129000003,0.44750000000000006
2.28862890318636,1.9363932516000006,2.9539290049,0.3475000000000001
1.9413162802593502,1.21370881,0.32750009000000013,2.2275
2.2667576401988807,0.4494686968999998,1.6287215025,3.059999999999999
2.5860163782350645,2.4992288521000003,0.5882518564000002,3.6
2.4108889472557626,4.1543500564,1.2480354595999998,0.41000000000000014
2.4285305292913244,4.0302244116,1.2400361201000003,0.6275000000000003
2.210231590082813,1.5525148968999996,1.7851087848999996,1.5475
2.186154510641917,0.8012822500000001,3.2279892943999995,0.75
2.221074210601708,1.0278200521000003,3.5578505969,0.34750000000000003
2.811607211560676,0.6476254400000001,0.2475096721,7.01
2.447235751557254,1.5535503396000003,3.987912484099998,0.44750000000000006
2.5017916589516402,0.9295412324000001,1.3019202723999999,4.027500000000001
1.6587453328344288,0.9475139875999998,1.3639220916000003,0.44000000000000006
2.3559559514557993,2.0538584676000013,0.6566699775999999,2.84
2.129923439609978,2.5429548560999993,1.2336190025000004,0.76
