Rg,Rgx2,Rgy2,Rgz2
1.3774272325607624,1.0297572001000002,0.2400485809,0.6275000000000003
1.4079786013288695,0.24004858089999997,0.9023551608999998,0.8399999999999999
1.6089541591046033,1.1291859236000001,1.0120475625000005,0.44749999999999995
2.0561614083043183,1.0427657080999995,1.0375340289,2.147499999999999
1.7825464673326192,0.3875561001000001,2.2999158081000006,0.48999999999999994
1.6379352969516225,0.7626532801,0.4101787568999999,1.5099999999999998
2.041577614125899,0.7509292736,2.8696098808999997,0.5475000000000002
1.367387625657041,0.4911778624,0.8685710563999999,0.51
1.7553217213092307,0.5604897369000003,2.2606646084,0.2600000000000001
1.7864357760916008,0.6123474025000003,1.3790053796000001,1.2
1.7979230702674682,0.24750380249999998,2.4975235640999998,0.4875
1.389261883483456,0.4900485809000001,0.5,0.9399999999999998
1.9145729889455771,1.6376243844000005,1.3879653456,0.6399999999999999
2.106488401582121,0.8957851235999998,3.2140082623999993,0.3275
1.5439719485146097,1.5963100649000004,0.42753931290000013,0.3600000000000002
2.3879381337254113,0.3504405801,0.7418079503999999,4.610000000000001
1.8112037337638194,1.4220033936,1.6709555716000004,0.1875
2.0157895493329656,0.43173020160000003,3.181677305600001,0.45
1.2194542276362819,0.6487974404000003,0.5107711729000003,0.3274999999999999
2.02758388642739,0.5901473796000001,1.0334490369,2.4875
1.6492987139993773,1.1311433296,0.9290429184000002,0.6600000000000001
1.8768240801950513,0.4878709476,1.9070976804000004,1.1274999999999997
1.693950895274122,1.8219696356,0.5,0.5475
1.2698695413702938,0.25,1.1225686521000002,0.23999999999999994
1.5384018949871325,0.6475579121000001,0.8291224784000004,0.89
2.1586235252123056,1.0621555236,1.45,2.147500000000001
1.9527269421503868,1.0120475625,0.6610949481000001,2.1399999999999997
1.5398727849078961,1.0581018000999998,1.0656063936,0.2475000000000001
2.157475265443384,2.6945207641000004,0.4101787569,1.55
1.7672719680343485,1.8868206128999998,0.34892959609999974,0.8875
1.4171348464066502,0.65,0.5107711729000002,0.8474999999999999
1.4422730751144182,0.5901473796,0.29000424360000016,1.2
1.6226895613456074,1.2626347689,0.5604866436000001,0.8099999999999998
1.6015796954569574,0.19003636090000006,0.9475211599999998,1.4275000000000007
2.060977993574895,0.6289212899999995,2.368709,1.25
1.7188648590276085,2.0440097600000002,0.5604866436000001,0.35
