Rg,Rgx2,Rgy2,Rgz2
1.3771861620710544,1.0291056048999998,0.2400361201,0.6275000000000003
1.407738832205747,0.2400361201,0.9016924996,0.8399999999999999
1.6086126786147124,1.1286854248999998,1.0114493249000003,0.44749999999999995
2.055248447876801,1.0419228225000001,1.03462336,2.147499999999999
1.9881581983333216,0.3875427716,3.0752302499999997,0.48999999999999994
1.720504256431817,1.0400003364,0.4101345600000001,1.5099999999999998
2.04033302695908,0.7499532209,2.8655056400000003,0.5475000000000002
1.5137079430656364,0.4908928143999999,1.2904189225000002,0.51
1.8469886071386583,0.5603667225000002,2.5910001924,0.2600000000000001
1.9443539113289021,0.6117347224999997,1.9687774100000008,1.2
2.0043804006475416,0.24750278889999996,3.2825380016,0.4875
1.3892573987926067,0.4900361200999998,0.5,0.9399999999999998
1.974950241221282,1.6336889689,1.6267394864,0.6399999999999999
2.084364276272264,0.8941589601000001,3.1229154760999993,0.3275
1.6360251969331037,1.5809194961,0.7356589489,0.3600000000000002
2.4575063765125824,0.6880480625,0.7412895281000003,4.610000000000001
2.095871842098176,1.9243670064000002,2.2808117721000003,0.1875
2.4618549300273567,0.43067081609999996,5.1800588804,0.45
1.2646108591183294,0.7611718024999995,0.5105688224999999,0.3274999999999999
2.105928586562232,0.9157762516000002,1.0316589601,2.4875
1.78747818789489,1.1300110121,1.4050672600999998,0.6600000000000001
1.872298639640589,0.48777489640000005,1.8902272996,1.1274999999999997
1.6902992900667029,1.8096116899999999,0.5,0.5475
1.445281628057314,0.25,1.5988389844000004,0.23999999999999994
1.5382375392636858,0.6475417315999998,0.8286329955999994,0.89
2.295189717997186,1.0578958416000002,2.0625,2.147500000000001
1.9524951343857426,1.0114493249,0.6607879248999998,2.1399999999999997
1.5375037314426263,1.0559923081,1.0604254161,0.2475000000000001
2.2363827687585145,3.0412733283999995,0.41013455999999976,1.55
1.945090928799988,2.4345654969000003,0.4613132244,0.8875
1.5997782964211011,0.8243567481000001,0.8874338496,0.8474999999999999
1.6078881328313857,0.9622382836,0.42306596409999997,1.2
1.7079968510802355,1.2617875984000002,0.8454656449000002,0.8099999999999998
1.7033982164191674,0.19002714409999996,1.2840383396,1.4275000000000007
2.056163109483292,0.6285445824000002,2.3492621504000004,1.25
1.9337040423239544,2.8288552464000016,0.5603560769,0.35
