Rg,Rgx2,Rgy2,Rgz2
2.1306752564621387,0.2900030276000001,1.2597740208999997,2.990000000000001
1.7062854584740503,0.42780520089999996,1.2736048648999998,1.2100000000000004
1.5672123739302213,1.4180858025,0.5105688224999999,0.5275000000000001
1.6754236592874054,0.8951324355999999,1.4019120025,0.51
1.6409267717055505,0.22753192250000004,1.2151087475999998,1.25
1.4950306887151183,1.3600063001000007,0.6476104601000001,0.2274999999999999
1.9791264938350956,1.2819335560999991,2.1875081224999997,0.4475000000000001
2.054196037042229,2.0975701224999996,0.43465123609999995,1.6875
1.9145445134809485,0.22757224999999992,0.6279084441,2.8100000000000023
2.469750543233061,4.0893890969,1.2827786489000004,0.7275000000000001
1.2591253619874394,0.7278549456000001,0.6475417316000002,0.21000000000000002
1.581909240000829,0.9622382836,1.3126985600000005,0.22749999999999995
2.099984669396422,2.8472619840999993,0.42267362760000005,1.14
2.4813704878756013,1.4410182481,4.18868125,0.5275000000000002
1.5867080250947245,0.4107875025,1.2593548544000008,0.8475000000000001
2.2370322928826933,2.6464574024999994,0.8103560768999998,1.5475
1.4261380992386394,0.6875019880999999,1.1188678899999993,0.22750000000000004
1.3403233589697674,0.5883350041000004,0.5081317024999998,0.7
1.4889719144429823,0.8477637375999999,1.2217736243999997,0.14749999999999994
2.1044099209279543,2.2903341584,0.9907069568999995,1.1475
1.3676139467335071,1.0596733968999998,0.5631945104,0.24749999999999997
1.7108951188486101,0.6799196561000002,1.8072424516,0.43999999999999995
2.8300387842218706,4.990549552100001,2.4910699681000006,0.5275
1.6065722431624414,1.2055426088999988,0.3480317636,1.0275
1.6496261630442213,0.5128465688999998,0.7484199089,1.4600000000000002
1.2795884301211855,0.28750778409999994,0.9598387664000002,0.3900000000000001
1.5464574345904254,1.7740266369,0.3900039601,0.2275000000000001
2.1325778404785134,0.8503281880999992,2.8375600576,0.8599999999999998
2.1888207585364317,1.2659288600999994,1.6650074529,1.8599999999999999
2.4529567707972353,2.1489640025000005,3.2580329169000004,0.61
1.7635414109115781,0.8223034115999998,0.48777489639999977,1.8
1.401849980133395,0.9901658943999999,0.5475174724,0.42749999999999994
1.9788861889962244,1.0661929929000002,2.4222975561000006,0.42750000000000005
1.987741783884416,1.2926142769000002,1.1085031225000002,1.55
1.4550738105333352,0.7694945441,0.9877452499999997,0.36000000000000015
1.826200909566086,0.24750967210000002,0.32750009000000013,2.7600000000000002
