Rg,Rgx2,Rgy2,Rgz2
1.956703170974075,0.9171827584000001,1.2515045409000003,1.6599999999999997
1.7484944453157407,0.9493352728999997,1.6803975523999999,0.42750000000000005
1.5743350107585106,1.2996132035999997,0.4514175224999999,0.7274999999999998
2.660270651644302,3.7667844964000006,2.1502554436,1.1599999999999997
1.8056802896692425,0.7071351768999999,1.9058461315999995,0.6475000000000002
2.3801341205906867,0.4475043263999998,2.3275341056000007,2.89
1.778659960869418,1.19600084,0.8401304164000001,1.1274999999999997
2.334954021581581,1.8090313224999999,1.5154789603999992,2.1275
2.5579424741772434,2.4646960115999996,2.8283736895999994,1.25
1.8498735594629163,0.7004582196,1.1340739664000001,1.5875
2.4399530537286984,0.53647456,4.756896344399999,0.6599999999999999
3.1204657483459104,2.6053556225000003,0.9219508641000003,6.210000000000003
1.9328526572142015,1.7601592895999996,0.8482601048999999,1.1275
2.114336930765766,0.48777489640000005,3.622645760399999,0.36000000000000026
1.672581465519692,0.9295412324000003,0.6404875264000002,1.2275000000000005
2.382338438782366,3.3652136400000003,1.2628227969000005,1.0475
1.4715634799763142,0.8879990756000001,0.25,1.0274999999999999
1.8809366722460383,1.9042837025000001,0.8861390625000004,0.7474999999999998
2.006436079644702,2.8845731056000004,0.7137126361000001,0.42749999999999994
2.3926163792175292,1.2695408880999999,0.22757224999999992,4.227500000000001
1.898690912444677,1.1475014761,1.1100257049,1.3475
2.1771006864176035,1.2704898564000002,0.9592775424,2.5100000000000002
1.6879389243986287,0.44844556250000006,0.8906922500000001,1.5099999999999996
2.57948553979277,1.0071910400000001,2.4565546100000004,3.189999999999999
2.6065743702607067,2.3791243841,3.8251055636,0.59
1.7051931597329377,0.7970567104000003,1.1506270016,0.9599999999999996
2.288783877826825,4.2506755625,0.5603560769,0.42750000000000005
1.7107188502205732,0.5483071280999997,0.5882518564,1.7899999999999998
2.036720023763698,2.6682254275999995,0.5400030275999995,0.9399999999999998
2.7396444131310176,2.015412359999999,3.0427391503999996,2.4475
2.456697406051466,1.4144689224999996,3.4308932224000017,1.19
2.3534056321212455,2.8149644529000004,1.4735536163999998,1.25
2.6605150368302755,3.6566980516000003,1.5941422096,1.8275000000000001
2.7079849249949675,3.8581648815999996,0.5475174724,2.9274999999999998
2.532677835848847,0.9150116281000003,1.2119453921000003,4.2875
2.6066073546470325,2.2988679489,2.248033952400001,2.247499999999999
