Rg,Rgx2,Rgy2,Rgz2
1.8815145925025403,0.49004858090000025,0.49004858090000003,2.5599999999999996
1.9314238016810292,1.5501321936000005,1.9927657080999992,0.1875
2.142130394560518,2.9878783184000004,0.5508443088999997,1.05
2.2288238416931923,3.0275106723999996,0.4501450449,1.4900000000000007
1.9532334939786387,2.5980617216000006,0.7670593603999997,0.45
2.1198227033646,2.2927657081,1.3133825856000008,0.8875
2.1645899777325037,0.9599523281000003,2.797997443600001,0.9275
1.8065358554149982,0.44750576,2.4060660368999995,0.41000000000000025
1.7177265710525644,0.85,1.1530845729000003,0.9475000000000001
1.918856457893607,0.7889273283999997,2.0455827775999995,0.8475000000000001
2.0025361350297777,2.3201509720999995,0.65,1.04
2.5857279253626047,0.7282225343999997,2.9477663695999996,3.01
2.1496386997353767,2.744228436900001,1.2292181025,0.6474999999999997
1.8358926908999882,0.5885323369,1.8219696356,0.96
1.6416638034932731,0.6875021315999997,0.6475579120999996,1.3600000000000005
1.6455665252429024,1.5298707161,0.5505184729,0.6274999999999997
1.875861153497241,1.8882681535999999,0.8305869135999998,0.8
2.322457223976364,3.0028378576,1.1409696996,1.25
1.9643506690252637,0.8934444099999999,2.0752291409000003,0.8900000000000006
2.285229854019066,3.231834905600001,0.3504405801000002,1.64
1.702347483799944,1.10002161,1.3879653456,0.41
2.001762269226793,1.6494079424000003,0.21014424010000007,2.1475
1.515161010322005,0.6875021315999997,1.0482107555999995,0.5599999999999998
2.0049424152329163,2.149780249999999,0.7600138384000001,1.1100000000000003
2.5122384848775803,3.1611971599999995,0.4501450449000002,2.7
1.839569223106323,2.0421918641000003,1.1543230625000003,0.1875
2.066605485960008,2.3692899024999994,1.1540683321000003,0.7474999999999998
2.578631227027238,3.482038864099999,2.9173001409000006,0.25
1.5577119892008275,0.7889273284,0.4275393129,1.2099999999999995
2.301657366160307,1.4896399876000008,0.5604866436000001,3.2475
2.0046509752323467,0.8309047224999995,1.87772081,1.3099999999999996
1.9707096183862296,0.96249924,1.2111971599999996,1.7099999999999997
1.7774542534760212,1.5387232835999998,0.6306203396,0.9900000000000004
2.036385479249938,3.0193658201,0.6,0.5275
2.1563685699805584,3.8104631695999984,0.59196224,0.24749999999999997
2.2367039259812636,0.8342322025000002,3.428612249999998,0.74
