Rg,Rgx2,Rgy2,Rgz2
1.5132443495020886,0.6414190288999999,0.9384894323999997,0.7099999999999995
2.152872028732781,0.7539879225000002,1.7208700496000002,2.1600000000000006
1.2435452490762047,0.42780520089999996,0.9285995856,0.1899999999999999
2.4044007055813306,1.6636387928999992,0.3900039601000001,3.7275000000000005
1.7742202570425127,2.2700270080999996,0.35033051240000007,0.5275000000000001
1.5886710400835031,1.1099619135999998,0.47391375999999996,0.9399999999999998
1.305884495236849,0.3503305123999998,1.0275038024999996,0.3275
1.7367970058127118,0.4275297025000001,1.9489341369000006,0.6400000000000001
1.3621482412718524,0.5276359555999999,0.9403118756000005,0.3875
1.6884004014747214,2.2156531441,0.3875427716,0.24750000000000014
1.7098979218947545,1.1462026728999999,1.1500482304,0.6274999999999998
1.6261207484378273,0.9569458963999997,0.8998227920999998,0.7875
1.3115433855195184,0.7600114921000002,0.1601345600000001,0.8
2.158076295801425,2.3763627584,0.7534305401,1.5274999999999994
1.570338830953371,1.2729866435999995,0.8654774004,0.3275
1.6629458242829196,0.5503810303999999,0.2875077840999999,1.9274999999999995
1.7127667456486886,0.36000630009999995,2.2635636248999993,0.31000000000000005
1.979825459402924,3.089672729599999,0.2400361201,0.5900000000000001
2.4114714053664414,3.0275639225000006,0.8401304163999997,1.9475000000000002
2.1107193172233956,1.1475014761,0.16013456000000006,3.147499999999998
1.9707584450662643,2.9537584324,0.8401304163999999,0.09
1.888142551080294,0.41062200360000006,2.4269602896000007,0.7275000000000004
1.5790102097200007,0.5485176099999999,1.2347556324000006,0.71
1.1748113509836375,0.6,0.4401817104,0.3399999999999999
1.6905482069435347,0.5,2.0479532400000005,0.31000000000000005
1.3898380590917778,1.0114493249,0.5102005056000001,0.41000000000000014
1.5358747102872683,0.6297619536000001,0.5416491721000001,1.1875
2.3811248854270533,1.1610418064000003,3.2187139135999976,1.2900000000000003
2.169509163497587,1.0569012416000003,1.3023687688999996,2.3475
1.4610013903141914,0.6370250625,0.85,0.6475000000000003
1.7214864959389025,1.5283844241000004,0.18763133159999995,1.2475
1.4717064921036398,0.3275000900000001,0.7484199089000001,1.0900000000000007
2.4038151984085636,2.3432020681000014,0.6476254399999999,2.7875
1.416056765987861,0.6475417315999998,0.3476750328999999,1.0099999999999998
1.6062892026344446,0.7,0.7301650024999999,1.15
2.6849854897559506,3.467065008100002,0.8820820721000002,2.86
