Rg,Rgx2,Rgy2,Rgz2
2.1896098767817063,3.5152752168999997,1.0916161956,0.1875
1.9994970297802395,0.5,3.2479883721,0.25
1.3767243745209132,1.1275648025,0.42780520089999996,0.3400000000000001
1.7034461012019135,0.4900361200999998,0.9016924996000002,1.5099999999999998
1.629587638177217,1.9205515441000003,0.4475043264,0.2875
1.331939921355314,0.5876313315999999,0.9264326225000004,0.2599999999999999
1.6068701710468085,0.9070279441,1.0275038024999996,0.6474999999999999
1.9876466728520943,0.6,2.5032392961,0.8475000000000004
1.4127253112335743,1.2482865048999994,0.3600063000999999,0.3875
2.506343074561023,2.7075400625000006,2.446715544900001,1.1275
1.1665604282676487,0.9608631844000002,0.31000004839999995,0.09
1.7755598293777655,0.3900039601000002,1.2151087475999995,1.5475
1.643079939534288,0.5876313316000001,1.4720803560999995,0.6399999999999999
1.3032218580502706,0.24750278889999996,0.7108844223999998,0.74
1.743126043549347,1.4832455121,1.1077428916,0.4475000000000001
1.3001464664029203,0.48283910249999984,0.6475417316,0.5600000000000002
1.827166217753601,1.4914028208999996,0.8871335664000002,0.9600000000000002
1.8673032589807153,1.0023409881000003,2.0369804729,0.4475000000000001
1.6645293374404673,1.1506270016000004,0.8600309136000002,0.7600000000000005
2.433614850320404,2.164057515600001,3.0309237240999995,0.7275000000000003
1.6449178958233752,0.5882518563999999,0.2900030276,1.8275000000000001
2.0149457433141964,0.31000004839999995,0.3600063000999999,3.3899999999999997
1.464746131314229,0.0900712336,1.5954099956000003,0.46000000000000013
1.7074831492579947,0.4900361200999999,1.9654625848999998,0.45999999999999996
1.7485483649301783,0.3285023556000001,0.6414190288999996,2.0875
2.090708772163163,2.8024301744000013,0.8286329955999998,0.7399999999999999
1.970712401975489,1.6865429184000007,1.7096644529000002,0.4875
2.197755987024037,1.0318769321,2.2082544464000002,1.59
1.9330911853557247,0.22757224999999992,1.6817692809000004,1.8275000000000001
1.6777179536799383,0.4484455624999998,2.1187919695999997,0.2475000000000001
1.3546548351517445,0.5475174723999999,0.22757224999999992,1.0600000000000003
2.056153241978817,0.42780520089999996,3.0899609535999994,0.71
2.206415369462423,0.4484455625,2.459823220100001,1.9600000000000004
1.8410912831796251,1.5276026168999994,0.5520144960999996,1.3099999999999996
1.5979602498184993,1.1434769600000005,0.5625,0.8474999999999996
1.6698877361367739,1.0376406289,0.7108844223999998,1.0399999999999998
