Rg,Rgx2,Rgy2,Rgz2
2.5344169817139406,0.4405731236000001,3.5926963136,2.3900000000000006
1.4377258734543243,0.5035278435999999,0.5035278435999999,1.06
2.068925031991251,0.8275174724,3.1029333155999987,0.35
1.9504045340646643,2.1287396544,0.6278381921000001,1.0475000000000005
2.2498061888527197,3.894095964899999,0.22753192249999996,0.9399999999999998
1.8082980668296913,2.1824399103999994,0.6875019880999999,0.4
1.265004595129994,0.5102005056000001,0.24003612010000003,0.85
1.3446982119791788,0.9003286569,0.6203846244000003,0.2875
1.4285855869705533,0.6285445824000002,0.8523121969000002,0.5599999999999999
1.968585340009419,0.42780520089999996,0.2600230400000001,3.1875
2.9649818125074563,0.42267362759999977,3.7584435209000007,4.610000000000001
1.7799436091067604,1.1506270015999998,0.22757224999999992,1.7900000000000003
1.924318839329907,2.490378672900001,0.7626243225000002,0.45
1.555346645478107,0.3,1.8716031876000006,0.2475
1.9828302693120257,3.3239813169000003,0.16013456,0.4475000000000001
2.259945582198828,2.5192484281,1.4881056064,1.1
1.962923090011425,1.3019202724000003,1.3036467849000002,1.2475000000000003
1.64802838813535,0.5281426225000001,0.7278549455999999,1.4599999999999995
2.26302922848999,1.8719828609,2.3893184281,0.8599999999999998
1.9541609032011669,2.9028840000000002,0.38836083560000006,0.5274999999999999
1.7060715730003828,1.6831440921000005,0.2400361201,0.9875
1.4431398517468776,0.8879990756000004,0.8071535561,0.3875
2.134432793835402,1.9681627225000002,1.0376406289,1.55
1.8594691285417997,2.5625,0.6476254400000002,0.2475000000000001
1.5295375319357156,1.2137088100000004,0.9157762516000003,0.21000000000000002
1.8832764285945918,1.1475003721,1.3517297344,1.0475
1.419700370712074,0.24003612009999994,0.7280130225000002,1.0474999999999999
2.473606915902363,0.8125,2.5662311744,2.740000000000001
1.8765818863561483,1.0540473960999999,1.0400121801000002,1.4274999999999998
2.143401947955632,3.2827225855999997,0.7614493248999998,0.55
1.5134288309993305,0.9703983641,0.6925684624,0.6274999999999998
1.6717096578353547,1.2271009999999989,1.0400121801000002,0.5275000000000001
1.9489801405350442,3.3610139161000006,0.24750967210000002,0.18999999999999992
1.7095635218674965,0.6404875264000001,2.1546199088999987,0.1274999999999999
1.8614490047272312,1.7249893695999998,0.2900030276,1.45
1.4522635003676159,0.5416491721000002,1.0274201024,0.5399999999999998
