Rg,Rgx2,Rgy2,Rgz2
2.547882440498384,0.44077006249999984,3.6609348681,2.3900000000000006
1.3341723669751222,0.36000795240000005,0.3600079524000002,1.06
1.9759375671564117,0.8275223729000001,2.7268068963999985,0.35
1.7967883420147184,1.5529809216000001,0.6279674244,1.0475000000000005
2.1122022471818367,3.293855168100001,0.22754316489999984,0.9399999999999998
1.6426197871692645,1.6106976335999996,0.6875021315999998,0.4
1.2650365769020278,0.5102689600000001,0.24004858089999997,0.85
1.2807578541629172,0.9040683320999999,0.44877234890000006,0.2875
1.4293355526607459,0.6289212899999999,0.8540788320999997,0.5599999999999999
1.9686138068448062,0.4279088484000001,0.2600314721,3.1875
3.000015649309183,0.34009389610000024,4.05,4.610000000000001
1.7800366077696268,1.1509333025,0.2275970224999999,1.7900000000000003
1.7958214728920021,2.1626273599999997,0.6123474024999999,0.45
1.4926779994359132,0.3,1.68058761,0.2475
1.7996252406820707,2.6309722500000006,0.1601787569,0.4475000000000001
2.151342551175893,2.54059921,0.9876755624999998,1.1
1.8734100955209994,0.9507518563999999,1.3114135296,1.2475000000000003
1.6481320557831522,0.5283543929000001,0.7279848804,1.4599999999999995
2.102784144366701,1.884799196899999,1.6769019609000004,0.8599999999999998
1.9964861963209264,3.0698146921000005,0.38864244,0.5274999999999999
1.7137090847923986,1.7092502464000003,0.2400485809,0.9875
1.409195087736258,0.8881848688999998,0.7101459264000002,0.3875
2.046852314091078,1.9920464836000005,0.6475579120999998,1.55
1.6568559412332746,1.85,0.6476716100000002,0.2475000000000001
1.4197140265560528,1.2154405376000004,0.5901473796,0.21000000000000002
1.770972483157206,1.1475003136,0.9413432224999998,1.0475
1.4197785444568458,0.24004858089999997,0.7282225343999997,1.0474999999999999
2.2526134618260634,0.45,1.8842674084000002,2.740000000000001
1.7601535443534464,0.6306203395999999,1.0400201600999999,1.4274999999999998
2.0677912107850736,2.9637129289,0.7620475625000002,0.55
1.4680247786055929,0.8341569280999999,0.6934398225000005,0.6274999999999998
1.5511675891727497,0.8386007296000004,1.0400201600999999,0.5275000000000001
1.715623149907928,2.5058497604000007,0.2475130321,0.18999999999999992
1.5199111806286578,0.6406651241000001,1.5419648729,0.1274999999999999
1.8197517125146496,1.5714920516,0.2900042436000001,1.45
1.351068574758513,0.5422458120999998,0.7431404815999999,0.5399999999999998
