Rg,Rgx2,Rgy2,Rgz2
2.568403998322694,3.007925322500001,1.5287737760999998,2.0599999999999996
1.7784338451570245,1.7877852099999998,0.6475417316,0.7274999999999998
2.1783185531046643,1.6549546864,2.4626170323999994,0.6274999999999997
1.9404891144245053,1.3895772736,1.9484207296000011,0.42749999999999994
2.199084275442849,2.9145967241,0.8613749263999997,1.0599999999999996
2.067511162460798,0.6123634099999998,1.822238996899999,1.8399999999999999
1.9767636812224167,1.0376406288999998,1.4824540225,1.3875
2.8262877907601696,3.7428354161,1.4050672600999998,2.84
2.2238542056528794,0.8015460623999999,2.9539814655999996,1.1900000000000002
1.7237941562147145,1.0156175009,1.4083487921,0.5474999999999997
1.7729402467370412,0.7932809984,1.4900361201000003,0.8600000000000003
2.276834904533045,1.5619324815999995,1.5720447009,2.05
2.321659756639633,2.262604025600001,0.2,2.9275000000000007
2.3497964817404933,0.7331595055999997,4.040884,0.7474999999999998
1.9590238493954075,1.3405074025,0.8072670400000002,1.6900000000000002
1.7399727734938844,0.9125050025000003,1.02750025,1.0875
2.227923104171237,1.8590132900000007,2.2946280680999998,0.8099999999999998
2.3572939744121864,1.5669470208999998,2.789887860900001,1.2
2.8430140055230115,3.353019635599999,1.0897090000000003,3.6399999999999997
1.6457410034692581,1.7168142784000004,0.5416491720999999,0.45
2.2739663351289963,1.1137173409,3.609705552399999,0.4475000000000001
1.4660777121285216,0.9543421263999999,0.6475417316000002,0.5474999999999999
2.1537042618010487,1.8749891048999998,1.4159529424000001,1.347500000000001
2.1501388773053707,0.7521977316000001,3.0833994601000003,0.7875
1.3304923737098233,0.46010774439999985,0.7101022121000002,0.6
2.1961620484836724,0.9842427956000005,2.1488849476,1.69
1.7571732550036152,0.6403297856000002,1.6998280625,0.7474999999999998
2.4101120788046346,1.1596054723999991,1.4215347599999997,3.227499999999999
1.8105414390176215,0.4,1.2305603024,1.6474999999999997
2.1582894482668444,3.08318364,0.4275297025000001,1.1475
2.2023523961664266,1.9,0.5603560769,2.39
2.368179778162967,1.2947453696,1.6260300920999995,2.6875
2.1842997377878337,3.4357204003999997,0.5879449441,0.7474999999999996
1.6778671212286154,0.9402277081000001,0.8475103684000004,1.0275
2.5455547398749845,0.8917758521,3.6880730816000002,1.9
1.9467852056146304,0.5534245903999999,2.1465480463999986,1.0900000000000003
