Rg,Rgx2,Rgy2,Rgz2
1.8735800146777826,2.0946172025000003,0.8881848688999996,0.5275000000000001
1.7511428282695847,1.1941538025000002,0.6123474024999999,1.2600000000000002
2.104159278999573,1.2687139225000001,0.44877234889999984,2.710000000000002
1.8497795668943904,1.4772258435999992,1.4169586024999998,0.5275
2.250062158452517,2.15260096,0.4101787568999999,2.5
1.9279556916329792,2.03669524,0.9403179089000002,0.7399999999999995
1.800828739136512,1.3596308196,1.6433533280999995,0.24000000000000007
2.632745959222044,2.2917280649,4.292123220900001,0.34750000000000003
1.9204469281133494,1.5387232836000002,0.8618931201000001,1.2875
2.4829978927498106,2.4258890625000005,2.0918894729,1.6475000000000002
1.7546048966077803,0.5604866436000001,1.0906516996,1.4274999999999993
2.5378849703049977,2.958996,0.9543641224999997,2.5275000000000007
2.7335564350676944,3.8342728516000006,2.6880579321000004,0.95
2.0306520082229746,0.5422458121000001,3.1913017663999996,0.3900000000000001
2.295343710253434,3.7291397081000013,1.1794630401000001,0.36
2.5264501715450476,1.5078008964000003,0.12764957289999995,4.7475
2.436385903608047,2.693643240900001,2.232333030399999,1.0099999999999996
2.130974518125451,1.1900633969,3.123488999999999,0.22749999999999995
2.5194053867133013,0.6123474025000005,0.3875561000999999,5.347499999999999
1.7664076427880402,1.2400485808999997,0.5901473796,1.2900000000000003
2.7052919099054726,0.8510557369,0.24004858089999997,6.2275
2.1547815706006026,0.6903179088999998,3.7427657081000008,0.20999999999999996
2.218416528652814,3.142967172100001,0.8309047224999999,0.9475
2.0948781139245307,1.0219065400999998,2.2566077720999993,1.1099999999999997
2.292227556962877,0.5107711729000001,3.0935360000000003,1.65
1.8485186050727216,1.4555797049000003,1.4139413284,0.5475
2.572113010425475,1.951336928400001,1.13692841,3.527499999999999
1.960100940385469,2.8385453088999997,0.6634503876000001,0.34000000000000014
2.0835327662890255,0.4601442401000001,2.2209645481000004,1.6599999999999997
2.0142798024356,1.8023201295999995,1.7275029928999999,0.5275000000000001
2.075748082065837,1.3940056240999996,1.987224476100001,0.9275000000000002
1.9800456444486323,2.8923106915999997,0.44077006249999995,0.5875
2.5427387621421125,1.914944090000001,3.4230763225000005,1.1275000000000006
2.06610718417511,3.3008140161000012,0.7279848804,0.24000000000000007
2.505193828868337,3.4609400201,0.38755610009999997,2.4274999999999993
2.061035473954779,1.8766700649,0.96119716,1.4099999999999997
