Rg,Rgx2,Rgy2,Rgz2
1.567281684733156,0.5570088649000001,0.9593630144,0.9399999999999998
2.615246861713058,4.0495131201,0.5400030276000001,2.25
1.5340193686521695,1.0156175009000001,0.8875979225000001,0.45
1.5469310512430734,0.9653553123999998,0.9176403648999999,0.51
2.0312419867903477,1.9055556488999996,1.6203883599999998,0.6
2.311353213898732,0.6628374568999996,4.252016222499999,0.42749999999999994
1.7611251485627022,0.16013456,1.8539272289,1.0875
1.2947717788089144,0.4405731236000001,0.38836083560000006,0.8475000000000001
1.892312159502232,1.1970913241000003,1.7562539849,0.6275000000000004
1.3254662731657865,0.9492530968999997,0.46010774439999985,0.34750000000000003
1.2004575078693955,0.7400361201000003,0.3610621080999998,0.33999999999999997
1.4127204396128767,0.24750278889999996,0.6607762515999999,1.0875
2.4047290752390387,3.2736858644000018,1.6190360608999999,0.8899999999999999
1.910753323482652,2.4599504195999997,0.5035278435999999,0.6875
2.3469865216911665,3.805723268900001,0.7526224640999998,0.95
1.6008352905905092,0.4226736276000002,0.7,1.44
2.1337889234879817,0.8613749263999999,2.4041802436,1.2875
2.0944487726607206,3.3489340928999995,0.7902815684,0.2475
1.6627294707798983,0.8553340201000001,0.9493352729,0.9600000000000002
1.5601392223131882,0.7400361200999999,1.2464982729000003,0.44750000000000023
2.092129787680487,1.9886968644,2.0608101840999997,0.32749999999999996
1.679531901691659,1.7632196644000004,0.21010774439999985,0.8475000000000001
1.555678167231256,0.3,0.4101345599999999,1.7099999999999997
2.8034364929671587,2.5426229024999993,4.369133267600001,0.9475000000000003
1.677946800974334,1.8904833769000007,0.5650220899999999,0.3600000000000002
1.7927803451064495,0.7821069529000002,1.9419544129000001,0.48999999999999994
1.8518201783110584,0.04752420640000001,1.5342137664000002,1.8475000000000001
1.3230990297781946,0.4330549225000002,0.4900361200999999,0.8275
2.445087787319711,2.6013529475999997,2.329601340100001,1.0475000000000003
1.6551445055039755,0.2119605625,0.3875427716,2.1399999999999997
1.2397996841828924,0.4494686969000001,0.16013455999999998,0.9274999999999999
2.5585737539691915,3.6812996289000006,1.3250000256,1.54
1.6442635428969405,0.2400361201,2.2135664783999993,0.25
1.2793328108432143,1.0290578808999995,0.16013456,0.44750000000000006
1.7963046964532492,0.5476108809000001,2.1315996816,0.5475
2.5967740935437575,2.472291360000002,0.7109443328999999,3.56
