Rg,Rgx2,Rgy2,Rgz2
2.5237534290417516,4.5782205624999985,1.1636108081,0.6275000000000002
1.8435028052324738,0.4,2.4085025929,0.59
2.247009674211484,0.9162568595999998,3.3852956163999997,0.7474999999999998
2.5764283652568336,0.4877748964000001,0.8027082248999999,5.347499999999999
2.1152221554484534,1.6189510224999997,0.7277137444000005,2.1275000000000004
2.4657721229870373,1.6168284175999996,2.3732037449000005,2.0900000000000003
2.1366279588407524,2.1331332816,1.4920457528999993,0.9400000000000001
1.8285100810495962,0.7919913364000003,1.9239577801000007,0.6275000000000002
1.7632334951446444,1.571366918399999,0.6476254400000001,0.8900000000000003
2.030218566386388,1.0731400369,2.5011473904,0.5475000000000001
2.336611426189643,1.2119453921,3.687807564899999,0.5599999999999999
2.84617863362439,3.3696173376,4.181115476899999,0.55
2.082564048594904,3.599536896399999,0.4900361200999999,0.24749999999999997
1.5996739116770018,1.1834575481000003,0.8879990756000001,0.4875
2.39838348964464,0.44844556250000006,3.4562978009,1.8475000000000008
2.890142137629221,2.6133365315999995,3.7120850441,2.0275000000000007
2.418180231682494,0.9125050025000002,0.7875906303999999,4.1475
1.6925490890665478,1.5889705625000001,0.5882518564000002,0.6875
1.832529056822838,1.780633041600001,0.4275297025000001,1.15
2.5412517460889226,1.3905392361,2.0399212009,3.0274999999999994
2.0474447009138,1.8626105969000002,1.2394192063999998,1.0900000000000003
2.426377378480108,3.033751230400001,2.4935559524000004,0.36000000000000004
1.6645025750956348,1.25,0.5105688225,1.0099999999999996
2.351932442588435,2.5843809489000007,2.247205265600001,0.7
1.9375412811086117,0.9171827584000001,2.3893834575999997,0.44750000000000006
1.9093284598779752,1.0479923960999997,0.3875427716,2.210000000000001
2.4968921751849837,0.4475043264000001,3.239466208099999,2.5475000000000003
1.5298648611233605,0.8401304163999997,0.8103560768999996,0.6900000000000001
1.8101067765189989,0.9592775424000004,1.0897089999999998,1.2275000000000003
2.585615640422992,2.044566414400001,3.3808418256,1.2599999999999996
2.3273407822018672,1.4283421604,1.5981729561,2.39
2.3499888198244685,0.9547032163999999,3.8202442369,0.7474999999999998
2.6305464545033224,0.46010774439999985,3.759666904899999,2.7
2.1684090121792066,1.9567083216,2.505289322500002,0.23999999999999994
2.169178233018209,1.6287215025,2.829112704099999,0.2475
2.4330407248954957,2.1546199088999987,1.4050672601000003,2.36
