Rg,Rgx2,Rgy2,Rgz2
1.6440863629383948,1.9125964323999998,0.7904235363999998,0.0
2.1808401748179524,1.0897089999999998,1.9063548680999989,1.7599999999999998
1.838366253633916,0.3476750328999999,1.2719154495999998,1.7600000000000002
1.9215888823575138,0.3407628644000001,2.924240968399999,0.42749999999999994
1.7817439163078401,1.5364395368999997,1.3281718463999996,0.31000000000000005
2.0787044329822364,1.5259703881000004,0.6475417316000003,2.1474999999999995
2.4099481720983134,4.3503438921000015,0.6100063001,0.8475000000000004
1.422186596934453,0.4494686968999999,1.1456460196,0.42750000000000005
1.6422689329400348,2.0042081456000007,0.4828391024999997,0.20999999999999996
2.137751927726882,1.1844161681000007,2.4955671364000005,0.89
1.487053769606197,0.5646123216000002,1.2992165921,0.3475
1.3978473645573755,0.8861390625000004,0.6278381921,0.44000000000000006
1.751788123175859,2.0592929315999977,0.4494686968999999,0.5600000000000003
1.8223797490369562,0.6279084441,0.7331595055999998,1.9599999999999997
1.257738068478489,0.4514175224999999,0.6404875264000003,0.48999999999999994
1.5643648583690442,0.1475112225,1.5122261875999998,0.7875
1.8344759580054462,0.1900271441,0.4877748963999998,2.6875
1.6689887690754543,0.9505234944,0.34750001690000004,1.4875
1.8833805697734063,1.4721851681000004,1.8274372024999999,0.2475
1.5455933127766828,1.2409740641000004,0.6203846244,0.5275000000000001
2.1451142333218525,2.6583555683999998,0.7331595055999997,1.2099999999999997
1.9442593592419712,1.5800732224000007,0.34007123359999997,1.8599999999999994
1.2237265826155774,0.24750278889999996,0.3900039601000001,0.8599999999999997
1.5264689088219257,0.5901073296000002,0.6,1.1400000000000001
2.4081644517972607,3.48690769,1.1648483369000002,1.1475000000000002
1.7151453734304856,1.2840383396,0.7176853123999998,0.9400000000000001
1.8726784612687788,1.3319202929000007,0.4475043264,1.7275000000000005
1.3703997405136938,0.5275432964,0.6629521523999994,0.6875
1.8877425332920803,1.4090719936000002,1.6669998784000004,0.4875
1.6199514793968366,0.9842427955999998,0.7,0.9399999999999998
1.3685165168531945,0.5,0.6628374569000001,0.7099999999999997
1.950717470573327,2.4588240899999994,0.5364745600000002,0.8099999999999996
1.6987492162176263,1.2710641395999993,0.3871847600000002,1.2274999999999996
2.3419368493834325,2.3269776288999995,2.0476905775999996,1.1099999999999997
1.9479297219355731,1.4492198416000002,2.0177103599999993,0.3275
1.8996049227668366,2.6509925624999995,0.6100063000999999,0.3475
