Rg,Rgx2,Rgy2,Rgz2
2.1038511371292414,1.7885536515999998,0.5276359556000002,2.1100000000000008
1.9145092939967672,0.44750432639999993,1.3778415104000004,1.8399999999999999
2.458198716540223,3.0926753455999996,1.8225655844,1.1275
2.0511882603261946,0.4401817103999999,2.719691568900001,1.0474999999999999
2.5395110380740618,1.2140735409,0.3875427716,4.847499999999999
2.2619481630886242,1.3376138488999998,2.0912956436000005,1.6875
2.0772727978048526,1.3123428969000002,2.6552193796000005,0.34750000000000014
2.4089427826330785,2.2269516784,1.7885536515999998,1.7875
2.35268042855378,2.182126222499998,2.6254789763999997,0.7275000000000003
2.568396261191018,2.8001930304,0.8689663240999999,2.9275000000000007
1.8216298464012934,1.7430310884,1.1153042089,0.4600000000000001
1.7473606489789106,0.7281604899999999,1.215108747599999,1.1100000000000005
2.607951561091578,0.45141752250000006,3.9024938224999994,2.4475
2.222628736833932,1.0376406289000002,0.9524378729000004,2.95
1.8069211543396133,0.34803176360000004,1.9694322944000007,0.9475
1.9552001026237698,1.7182748329000002,1.6170326084,0.4875
1.593860783443774,0.4900361200999999,0.5603560769,1.4900000000000007
1.6140142823717516,0.6475417316000003,1.1475003721,0.8099999999999998
2.1996146790063023,1.25719104,0.6336136961,2.947499999999999
2.031054477383608,2.0233332225,1.3143490676,0.7875
2.7553359364150136,2.3732037449000005,1.2286723776000004,3.9899999999999993
2.554851923889133,2.6907729841000005,1.1264953689000003,2.710000000000002
2.121498859886566,0.9065512836000001,2.5067061288999994,1.0875
1.7637739276902809,1.9608631844000002,0.9100352835999999,0.24000000000000013
2.913704746744254,2.2050160516000004,1.6946592996,4.589999999999999
2.4718576637015333,4.210065410000001,1.6525148996000003,0.24750000000000005
2.4891543109457883,1.4325196521000003,3.8733695316000003,0.8900000000000002
2.001344788810764,0.3875427716,0.6278381921000001,2.9900000000000007
2.05314838375116,0.9402277080999999,2.0476905775999996,1.2275000000000005
2.2340485501662672,2.3260407604000006,1.3174321641000006,1.3475
1.9443791229593061,1.2534727449000007,1.5396374288999994,0.9875
2.940762806654083,3.6585683225,3.8620175625,1.1275000000000006
2.2958994155885835,0.5404946175999997,3.5831595089000006,1.1475000000000002
2.23223995448518,0.5,3.3353952143999996,1.1474999999999997
1.8098092320462953,0.6601345600000001,0.48777489639999994,2.127500000000001
2.5697005921507663,1.0080383364,1.1553227969000004,4.439999999999999
