Rg,Rgx2,Rgy2,Rgz2
1.9576075711183791,1.5532684024999999,1.2914590000000001,0.9875
2.6095797529104185,2.028893392400002,2.4935130943999995,2.2875
1.8637465349665983,1.9351055841000009,0.44844556250000006,1.0900000000000005
1.6174360854451095,0.7475549081,0.6285445824,1.2399999999999998
2.0024469090090755,2.2719884225,0.42780520089999996,1.3099999999999996
2.4062496691947826,4.0018841569,1.0481533135999996,0.74
2.0778882105878553,1.9901872515999988,1.3174321641,1.0099999999999998
2.617337245102358,2.7548304224999995,1.568123832099999,2.5275000000000007
1.998614273540545,1.05,2.3544590144,0.5900000000000001
2.0607131474322182,0.18763133159999987,1.5589073443999997,2.5
2.4357387984757315,0.9628113599999999,3.782512134400001,1.1875
2.190788322134295,2.66013456,0.6294189123999998,1.5100000000000002
2.468621192994178,0.7821069529000002,1.0644836416,4.2475
1.9965102094655063,1.8282935489000003,1.0577594676,1.1
1.8156590464621931,1.5290816529,0.2400361201,1.5275000000000003
1.853427164066611,2.35924669,0.4484455625,0.6274999999999998
2.1819052125378864,2.923192884099999,0.5475174724000001,1.29
1.88838229299578,2.1908563529,0.9876313316,0.3875
2.425069254475014,0.34750001690000004,3.6859608721,1.8475000000000001
1.9497174336041623,2.105183168400001,1.1062149025,0.59
2.6843012138171076,0.6925684624,4.765404544099999,1.7474999999999994
2.486999085102365,1.5904247764000008,3.9472396728999994,0.6474999999999999
2.37506173858702,0.8917758520999998,3.9016424099999987,0.8474999999999999
1.9342626328914074,2.7519262409,0.7619456921,0.22749999999999998
2.144781904856529,0.4494686968999998,3.4231207224999998,0.7274999999999999
2.4399699606347616,3.2063395444,2.5371138643999993,0.2099999999999999
2.1750070341265566,0.8276724863999998,2.5754831120999997,1.3275000000000003
2.1133098322063426,2.9959707025,0.21010774439999985,1.26
2.816569920044592,0.8158156735999998,1.1697504409000004,5.9475
2.228105778211618,1.8673436689000007,1.8096116899999992,1.2875
2.4282921035369696,3.0903852175999993,0.8662173225000002,1.9400000000000002
2.32772562019238,1.5055192025000008,1.4852873604000003,2.4275000000000007
2.231805144944335,1.6193876721000002,2.861566532900002,0.5
1.9081428320228024,1.2584009225000001,1.642608144900001,0.7399999999999999
2.2897868866992845,3.692073721600002,0.4235502648999999,1.1275000000000002
1.8318203969276023,1.576511144099999,1.5690548224999996,0.21000000000000002
