Rg,Rgx2,Rgy2,Rgz2
2.0248869290407305,2.4250700528999998,0.2275970225,1.4475000000000011
2.4002195596653237,3.4272613120999993,1.5737926225000003,0.7600000000000001
1.4866847836041102,1.1152316288999997,0.34750001690000004,0.7474999999999997
2.7948317104970744,0.9222190916,2.5888651984000015,4.3
1.2926698344898435,1.0330547208999998,0.3504405800999999,0.2875
1.2610504462550258,0.5400042435999998,0.4402439844,0.6100000000000001
2.0638069523334783,0.9275033124000001,3.0842958241000007,0.2475
3.1918510787472525,0.2,1.6279133089000002,8.360000000000001
1.3023389936571814,0.8485810944000003,0.44750576,0.4
1.975748535112705,0.8104866435999997,1.2655956304000004,1.8275
1.5985400158894991,1.8350612224000002,0.51026896,0.20999999999999996
1.661237530156359,1.2197101315999999,1.05,0.48999999999999994
1.8750747893884125,1.6810146249,0.7948908408999996,1.0400000000000003
1.7393159285190256,2.1459896976,0.4317302016000001,0.44749999999999995
1.8164359437370754,0.21014424009999993,1.5292952975999996,1.5600000000000003
1.7963447021660404,0.9599523281000002,2.0569019609,0.2099999999999999
1.4824507100069129,1.1214140175999998,0.7487460899999999,0.32749999999999996
2.1037752795629103,0.5288875625,1.6494828644000001,2.247500000000001
1.3364055206410965,0.5102689600000001,1.0482107556000002,0.22750000000000004
1.102351547057471,0.16017875689999997,0.3275001763999999,0.7275
1.5215712054649302,0.3275001764000002,0.1601787569,1.8275000000000006
1.728375296890117,1.4628527568999998,1.1369284100000001,0.3875
1.3474475618739306,0.44024398440000023,0.4878709476,0.8875
1.9830650394023894,0.6601787568999999,2.0823681936,1.1900000000000008
1.8023779143398313,2.63097225,0.09009389610000001,0.5275000000000002
1.2679123567896957,0.34820862439999994,0.6118931201000002,0.6475000000000002
1.89288060822652,1.4628527568999998,0.21014424009999993,1.9100000000000001
2.0023168796172097,2.4142517264,0.9475211599999996,0.6475000000000003
2.2506921357218097,0.7905822569000002,2.0275328329000004,2.2475
1.2007964758859013,0.7019070689,0.3900051075999998,0.35
1.2866144731814577,0.4601442401000001,0.3477325625000002,0.8474999999999998
1.4512946559882318,0.7905822569000003,0.8881739216000002,0.42749999999999994
1.9986809748931917,1.0528100369000002,2.294415602499999,0.6474999999999997
1.5141897337520156,1.0944262409000003,0.5508443088999998,0.6474999999999999
1.5832320377316778,1.2191235089000008,0.3275001764,0.9599999999999997
1.8969924727315077,0.6498970815999999,0.6486833599999999,2.3
