Rg,Rgx2,Rgy2,Rgz2
2.4366935367419513,2.9589587903999996,0.8385166015999992,2.1400000000000006
1.8858215716763873,1.5230964161000002,1.4332265840999996,0.6
2.0435482833786924,1.9654625849000003,1.1506270016,1.06
2.7019532332185174,0.7504439449000001,0.5901073296000002,5.96
2.5886248631464546,4.165969010000001,0.24750967210000002,2.2875
3.1251611843551363,1.6884616121,0.43067081609999996,7.647499999999999
2.7880322745979824,1.2986928641000008,4.2869311000999994,2.1875
2.284139852307647,0.8482601049000001,1.42153476,2.9475
2.165509967582694,0.8820820721,1.7198513476,2.0875
1.589832319460137,1.189930848399999,0.5276359555999999,0.8099999999999999
2.0702210180074974,1.1047549608999994,2.8335601025,0.34750000000000003
2.720801942828621,1.1475003721,4.295262839999999,1.9599999999999997
2.4207163872292017,1.6283382225000005,2.1840296048999983,2.0475000000000003
3.1282685706952975,0.7987592900000002,1.0998049604000002,7.8875
2.0593810473295124,2.3029786100000003,1.4480716881000002,0.48999999999999994
2.0926167951156276,1.4669488896000002,0.8120961616000001,2.1
1.8878678509101212,0.5102005056,2.6063445168999997,0.44750000000000006
1.7696267247360387,0.7108844223999998,1.1731943224999994,1.2475
1.7979338698072296,1.1106205081,0.7619456920999998,1.3600000000000003
2.3233738780058624,2.9088130801,0.9492530968999995,1.5399999999999998
2.7496540228363275,1.1021395809,4.2309576644,2.2275000000000005
2.230597824082145,1.4350063503999997,1.2305603024,2.31
2.7447984525279816,0.14751122249999998,2.1764073225,5.210000000000002
2.3832768730678353,3.8944030015999984,0.8981056521000003,0.8875
2.042737241105669,2.4225477281000005,0.9402277080999998,0.8099999999999999
2.0039618050751367,3.3408532441,0.2475096721,0.42750000000000005
2.4160394822932845,2.9022293076000008,0.5475174724000001,2.3875
2.5069109526467033,1.2942934116000007,2.8628091129,2.1275000000000004
2.3158362771361882,2.0799576255999996,1.0731400368999995,2.21
2.172375451182415,2.3680215600000016,1.8911935409000002,0.45999999999999996
2.650275382465,2.5345644025000005,1.3793952004000007,3.1100000000000003
2.363353206040096,3.577793868900001,2.0076445076000002,0.0
1.7032949072019212,1.0897090000000003,1.2515045409000005,0.5600000000000003
2.100208242674997,2.4477387024999993,1.7231359600999994,0.23999999999999994
2.0148305359012206,2.15146689,1.0480751983999999,0.8599999999999998
2.508182913684726,2.7573270243999994,1.3061545040999998,2.227500000000001
