Rg,Rgx2,Rgy2,Rgz2
2.7528299656898536,1.7430310884000004,0.6475417316,5.1875
1.8581554132257079,1.9351055841000004,0.5276359556,0.9900000000000005
2.0454790375850838,2.953981465600001,0.2900030276,0.9399999999999998
2.1400642977490185,2.0671168480999995,1.5027583504000004,1.0099999999999998
2.1730337126008883,1.281933556099999,0.7126419599999999,2.727500000000001
2.461220769150951,2.2823754169,1.9477322575999998,1.8275
2.3484229673974832,1.8425331088999997,0.6625573249000002,3.010000000000001
2.0816965912447474,1.3994177796000005,1.6865429184,1.2475000000000005
2.382155269603558,1.9224254449000004,0.9622382836,2.7900000000000005
1.8529237016132099,1.5382845124,0.6475417316,1.2475
1.9591899209877535,1.7292539721,1.6491711744,0.4599999999999998
2.0732499251175676,0.8275174724,1.0433477795999997,2.4274999999999998
2.6869002586623867,3.2691090000000003,3.0228240000000004,0.9275
2.2832821555821785,0.6629521523999999,4.0229252496,0.5275000000000001
2.7492778720965982,1.8100555024000013,3.908473315599997,1.8399999999999999
2.566824554074548,1.5136957289000006,2.6473925624999994,2.427500000000001
2.449202812937303,0.48777489639999994,2.8508195224999975,2.6599999999999997
1.8312072853175307,1.1928761768999994,0.7504439449000004,1.4100000000000006
2.0236521689509788,1.1406682225,1.6669998784000004,1.2875
2.4322677098748815,1.6817692809,3.1466569316,1.0875
2.1840784559168203,2.1589898916,1.4637088100000004,1.1475000000000009
2.2150881996435268,1.2491060601,0.24750967210000002,3.4100000000000015
2.976379962521587,1.7917219444,5.539615736900002,1.5275000000000003
2.357167262817809,1.6281165824000001,3.4006209225,0.5275000000000001
1.7424253593195893,0.4475043263999998,1.1610418063999999,1.4275
2.423889760715202,2.2009433320999996,3.58429824,0.09
1.8587937654834117,2.2376103025,0.3900039601,0.8275000000000003
2.0211938303883676,0.9295412324000003,1.4281832675999997,1.7275000000000005
2.492420365046795,0.41013456000000004,4.3620247161,1.44
2.261341590936672,1.6027241008999993,3.0234416899999994,0.4875
2.3928411079091734,3.1940393956,0.5416491720999999,1.9900000000000009
2.5161564104999514,3.6859608721,2.4575822099999995,0.1875
2.165732666074001,2.6526184225000002,1.1877795584000004,0.85
2.4351597540202574,1.9,0.5400030276000001,3.4899999999999998
1.927305471688388,1.8238793796,1.1506270016,0.7399999999999997
2.4439720118078276,1.0283549776,3.357144216899999,1.5875
