Rg,Rgx2,Rgy2,Rgz2
2.0627664715619165,0.3875561001000002,2.1674494160999997,1.7
2.112416066971656,0.5475238144,2.9747778256,0.9400000000000002
1.3514656072945403,0.4878709476,0.9910883401000004,0.34750000000000003
1.5859058058409397,0.42753931290000013,0.6475579120999998,1.44
1.801297477764292,0.44077006249999995,1.7164025409,1.0875
1.1897096388615165,0.4279088483999999,0.32750017640000006,0.66
1.6049144343858335,1.3882393856,0.2875109561000001,0.9
1.5685945281684492,0.6601787568999999,1.0528100369000002,0.7474999999999999
1.5346263287523774,0.9,0.6275779688999998,0.8275000000000002
2.040812838184825,1.1530845728999999,2.2643324676,0.7474999999999998
1.5411107594524154,0.7,0.8275223729000002,0.8474999999999999
1.95152812995355,0.7949589764000002,2.4860030656000003,0.5275000000000001
1.8210544115978522,0.9475211599999994,1.3412180100000006,1.0274999999999999
1.838869575500122,1.2437970755999999,0.2101442401,1.9274999999999995
2.3760614429134614,0.4878709476,1.8977970329000002,3.2600000000000002
1.329696326233926,0.49190896000000006,0.6486833599999999,0.6274999999999997
1.3638903969527756,0.8401890625,0.36000795240000005,0.6599999999999999
2.3240920881066653,1.0747888516,3.2391151824,1.0875
2.386515242314618,0.22754316489999987,1.4804118368999999,3.9875
1.850502830178868,0.5885323369,1.3958283876000008,1.44
1.8673966900741792,1.4482828356000006,0.5288875625000001,1.5099999999999998
1.9494230925584115,1.3047738449000008,2.1479765488999996,0.3475
1.1291638379792368,0.28751095610000005,0.3475000169000001,0.6399999999999999
1.5960722991456247,1.3475497025000005,0.6498970815999998,0.55
1.5207428859935528,0.9507518564000002,0.7019070688999998,0.6599999999999999
1.4030849411564505,0.5418447025000002,0.7393026496000001,0.6875
1.5017256094573332,0.5400042436000001,0.18767556249999998,1.5274999999999994
1.429196942132189,0.9674909025000001,0.7476129968999998,0.3274999999999999
1.2209428672136957,0.19003636089999998,0.6406651241000001,0.6599999999999999
1.716300397512044,0.7696059600999999,0.8485810944000003,1.3275000000000001
1.1898713698967633,0.5475238144000001,0.44077006249999995,0.42749999999999994
2.0003717776953365,3.0938742521000013,0.7476129968999998,0.15999999999999998
2.724066364848698,0.2275970224999999,1.4654405376000001,5.7275
1.6962345056035146,0.42790884839999965,0.7393026496000005,1.7099999999999997
2.2716657068327635,3.222943923599999,0.94752116,0.9899999999999999
1.4021470382951995,0.5508443089,1.2551720080999997,0.15999999999999992
