Rg,Rgx2,Rgy2,Rgz2
1.6691716635804719,1.3475344569,0.9285995856,0.5100000000000001
2.307466220987861,2.743729544900001,0.43067081609999985,2.15
1.6369524714236514,0.4900361200999999,1.3895772736,0.8
2.2162808098478854,0.4,1.9719006280999998,2.5400000000000005
2.6022640503415486,2.5307194276000002,3.0910587601,1.15
2.9442119693052,2.693374448100001,0.24750967210000002,5.727500000000001
2.090102518538265,1.4275969215999997,1.8934316163999998,1.0475
1.4790331077092223,0.7475549080999999,0.8299840256000002,0.6099999999999997
1.8323767610947264,0.5281426225000001,1.9019619720999992,0.9275
1.9083485671386136,2.301782073599999,1.0400121801000002,0.3
2.0748880292921834,2.6928569225,0.8223034116000001,0.7900000000000001
2.1332558625725135,3.8806069475999996,0.4226736275999999,0.24750000000000005
2.520594775147326,1.1412002889,0.7521977315999993,4.459999999999999
1.8407829457326033,0.9907069568999999,0.4877748964000001,1.9100000000000006
2.536692597537195,2.5705352399999994,3.5042740944000004,0.3600000000000001
2.3734951305827447,2.2240544099999995,2.7819247249,0.6275
1.5723964937953785,0.36000630009999995,1.1724244335999998,0.9400000000000001
1.9919404180848381,1.3926998416,2.1476267875999997,0.42749999999999994
2.507830689121576,2.4959787284,0.4657360369000001,3.3274999999999992
2.1162818102039247,3.3611125800999995,0.4900361200999999,0.6275000000000001
1.9248530423125816,0.4475043264,0.7475549081000001,2.510000000000001
2.0288257808151,1.6822670400000004,1.6063670089,0.8275
1.8278623558955416,1.3069673521,1.77411344,0.25999999999999995
2.5927015547686936,2.06676316,0.6278381921000002,4.0275
2.407164159856988,2.5267742244,1.2076650680999996,2.0599999999999996
3.070816316030641,4.218172166399998,4.271740680400001,0.9399999999999997
1.546298803336535,0.8477637376,0.9157762516000002,0.6275000000000002
2.233433331286161,0.48777489639999994,2.5404495488999976,1.9599999999999997
2.128526841268392,0.9597677776000003,1.6108587364000002,1.9599999999999995
2.056263263738377,2.0692217609000005,1.6714968489,0.4875
2.3174921278183445,2.06183184,3.0814379224999984,0.22749999999999995
2.854525874817042,3.77965516,3.8411628099999993,0.5275000000000001
2.011824809395689,1.6850004761000001,2.1224385876000005,0.23999999999999994
2.416166896905096,1.6624990001,2.9878634736000005,1.1875
2.301524125791429,4.129513211600001,0.32750009000000013,0.8399999999999999
1.7125707125838632,1.0916161956000001,0.8012822500000004,1.04
