Rg,Rgx2,Rgy2,Rgz2
2.102319652312654,0.3875427716,2.3322051489,1.7
2.1870909764799453,0.8861390625000004,2.9572278769,0.9400000000000002
1.5150170958771392,0.4877748964000001,1.4600019044000003,0.34750000000000003
1.6496743812037575,0.6338838324000002,0.6475417316000001,1.44
1.7913309904090868,0.4405731236,1.6807935936,1.0875
1.1896660417528946,0.42780520089999996,0.3275000900000001,0.66
1.6245844862610257,1.3772183121000003,0.3620564409,0.9
1.6061433388399682,0.66013456,1.1720618649000005,0.7474999999999999
1.661732943074789,1.3063007224999996,0.6275556516,0.8275000000000002
2.034450364816011,1.1514250225,2.2400632644,0.7474999999999998
1.6397256748919926,0.7,1.1412002889000006,0.8474999999999999
2.255683623250388,1.1834575481,3.3771510600999988,0.5275000000000001
1.9878861454318755,1.4350470596,1.4891442676,1.0274999999999999
1.9907226849815116,1.8253690640999998,0.21010774439999985,1.9274999999999995
2.6104983390915995,0.8475103684000003,2.7071912099999986,3.2600000000000002
1.3620705266982323,0.49081085160000004,0.7369252681,0.6274999999999997
1.363868291478323,0.8401304164000001,0.3600063000999999,0.6599999999999999
2.32888683761148,1.0622151424,3.27399876,1.0875
2.5153586577066895,0.22753192249999996,2.1119972544,3.9875
1.992852185386563,0.5882518564000002,1.9432079764,1.44
2.0311887088352965,2.0872067683999993,0.5285208025,1.5099999999999998
2.153105532620266,1.8512083721000008,2.4371550625,0.3475
1.2463697690894144,0.5659375844000001,0.3475000169000001,0.6399999999999999
1.8249563051207554,1.7952939056000001,0.9851716099999994,0.55
1.6737623051377395,1.4400627315999996,0.7014175225,0.6599999999999999
1.4018569280778976,0.5413630864,0.7363397603999999,0.6875
1.53216048000854,0.6323844049000001,0.1876313316,1.5274999999999994
1.428438040658397,0.9653553123999998,0.7475799236000003,0.3274999999999999
1.2208663606226522,0.19002714410000002,0.6404875264000003,0.6599999999999999
1.7154652855129422,0.7670610408999999,0.8482601049000003,1.3275000000000001
1.1897859454540551,0.5475174724,0.4405731236,0.42749999999999994
2.012913265294856,3.1442398899999993,0.7475799236000003,0.15999999999999998
2.723743941709646,0.22757224999999998,1.4637088099999997,5.7275
1.6953303398747988,0.42780520089999996,0.7363397604000007,1.7099999999999997
2.549214132433759,4.292574004900002,1.2159186881,0.9899999999999999
1.576406120293879,0.5499561935999999,1.7751000625000004,0.15999999999999992
