Rg,Rgx2,Rgy2,Rgz2
1.4316851456238555,1.2521662561000007,0.38755610010000013,0.41000000000000003
1.5926229968200258,1.3882393856,0.34820862439999994,0.8
1.7389565263398623,1.5960988529000004,0.4878709476,0.9399999999999998
2.1741652170200867,3.6142747684,0.8527196225000001,0.2600000000000002
1.3731492011067117,0.6903179089,0.9477208196000003,0.24749999999999997
1.298460566401614,1.0484634816000002,0.1900363608999999,0.44749999999999995
2.1833648797441074,2.639361388099999,1.8777208100000007,0.25
1.3965872922950429,1.2754430328999993,0.2475130321,0.42750000000000005
1.9593721447698496,1.8371220176000005,0.9920171840999998,1.0099999999999996
1.2390549773920445,0.4601442401,0.7476129969000002,0.3274999999999999
1.760279807559014,2.4410792408999997,0.4475057599999997,0.20999999999999996
1.8114240789224372,1.3436308560999999,1.5276263375999999,0.41
2.0612501364220694,0.22754316489999998,2.47370896,1.5474999999999999
1.374275702251917,0.8510557369,0.6275779688999996,0.41
1.622889723733563,0.6907700625,1.4155009929000002,0.5275000000000001
1.5860655941668993,0.6280461568999998,0.6475579120999998,1.24
1.3755590177814982,0.9403179089,0.5418447024999999,0.41000000000000014
1.6661923126698188,1.5886888703999993,0.36000795240000005,0.8275
1.5228780503375836,1.2287169761,0.35044058010000007,0.7399999999999999
1.5147521236822876,0.28751095610000005,1.1794630401,0.8275000000000002
2.3224613565138172,0.21014424010000005,1.2961825124000002,3.8875
1.6562182673186527,0.3504405800999998,0.5926183688999999,1.8
1.2952248499777943,0.6896399875999999,0.6279674243999999,0.36
1.606474446388737,0.6289212899999997,0.9518388568999999,1.0
1.7301809425895316,1.8546048040999998,0.6289212900000001,0.51
1.6687467575698836,0.65,1.8247157408999997,0.30999999999999994
1.7215633881155814,1.2655956304,0.8881848689000001,0.8099999999999999
1.75305979025246,0.5909728160999995,0.5422458121000001,1.94
1.7314098525767954,1.1606400900000005,0.6896399875999999,1.1474999999999997
1.6118395863422637,1.3030210921000003,0.44750576,0.8474999999999996
1.6570306371639603,0.7903736488999998,1.4278768836000002,0.5275000000000003
2.4615329547458837,0.8698247744,0.9393197129,4.25
1.6169649933130896,0.5901473796000001,1.1369284099999997,0.8875
2.0074950462952583,1.25,0.19003636090000015,2.5900000000000003
1.8501424242744122,0.3875561000999998,2.5479708899999998,0.4875
1.914097822474076,1.7080479395999995,0.7282225343999996,1.2274999999999998
