Rg,Rgx2,Rgy2,Rgz2
1.8604528515659837,1.05,2.0012848129000007,0.41000000000000003
1.9698045087013079,0.5285208025,2.161609000000001,1.19
2.0126752442458273,2.8894778064,0.6338838324000005,0.5275
2.6611043005489283,1.1192332084,4.174742890000001,1.7875
2.3532643019644013,0.22757224999999992,1.6827806249000006,3.6275000000000004
2.409485484185369,2.7244835584000002,2.6936367401,0.3875
2.2144875410125926,3.7436245568999986,0.35033051240000007,0.8099999999999998
2.373791587818948,2.7277185600000022,2.3071679424000004,0.6
2.4603672326097987,1.8975935289000003,3.528313390400001,0.6274999999999998
2.3398675142409244,3.867054568100002,1.0604254161000002,0.5474999999999998
2.7603114847784838,1.6136929929000001,2.095626500099999,3.9099999999999993
2.815087639861324,2.4526656601,4.14455276,1.3274999999999995
2.2174723197821433,1.3800190361,1.7096644529000002,1.8275000000000006
2.3323566233532986,1.0481533135999999,2.4042341049000004,1.9875
2.8711551586425976,2.9220757225,3.8939562224999995,1.4275000000000004
2.3699080573726907,1.0778429904,2.59862121,1.9400000000000006
2.595232982547039,3.4638811440999993,2.8613530896000006,0.41000000000000014
1.9003958115350603,0.5475174724000001,2.5364867681000005,0.5275000000000001
2.0293309682996514,2.0354163224999993,1.5927678564000005,0.48999999999999994
2.299511034285333,4.212746670400001,0.44750432639999993,0.6275000000000001
2.339725311099574,2.3861463089000003,1.1406682225,1.9474999999999993
2.346993846114642,0.7400361201,4.2408439935999995,0.5275000000000001
2.4741536334067855,1.6530820881000003,4.078354113599999,0.3899999999999999
1.7942198778299165,0.8477637376,2.1314612324000004,0.24000000000000007
2.384127035646381,2.9786064224999995,1.9654552995999999,0.74
2.1165390508563737,2.5689628809,1.0707746729,0.8399999999999999
2.178928572601681,3.2600020164,0.9402277081000001,0.5475
2.300514849267442,4.5548588996,0.24750967210000002,0.48999999999999994
1.8470826087644265,0.5,1.1842141635999996,1.7274999999999998
2.1489260296482984,1.1697504409000001,2.858132639999999,0.5899999999999997
2.950369177611507,4.2279816681,4.0291966161,0.44750000000000006
2.1850277976492656,0.9492530968999997,1.7975933796000003,2.0275000000000007
1.8156398080291147,1.2137088100000002,0.4828391025000002,1.6
2.3539535949971486,2.9400066049,1.9135909224999996,0.6875
2.3682197968305223,0.9065512836000004,1.6119137224999993,3.09
2.6919554414774405,0.48777489639999966,2.8313492025,3.927500000000001
