Rg,Rgx2,Rgy2,Rgz2
2.383357566228786,0.12764957290000004,3.1127437155999997,2.4400000000000004
1.425116507588064,0.4601442401,0.8108128201000001,0.76
2.011431438677441,3.358212192400001,0.4601442401,0.22749999999999995
1.7541878107545954,1.7666564025,0.5505184729000001,0.7599999999999996
1.5328061033607612,1.9619513856000002,0.22754316489999976,0.15999999999999995
1.908082287245495,0.44077006249999995,0.6100079524000003,2.59
1.5716112205313375,0.7279848804000005,0.7944769481,0.9475
1.7099938182929202,1.9058087961,0.6907700624999998,0.32749999999999996
2.4334461910837475,2.652683462399999,1.7214769025000003,1.5474999999999999
1.3754068449008097,0.5909728160999996,0.5107711729,0.7899999999999999
1.469698553581652,0.8,0.7600138384000001,0.6
1.5330978045773855,0.8903888783999999,0.25,1.2099999999999997
1.3379639028015666,0.3100000256000002,0.5901473796,0.8899999999999999
2.101108505646484,2.9769781956000005,0.41017875690000005,1.0275000000000005
1.1693066392097498,0.4519070689000001,0.4878709476,0.42749999999999994
1.4117848530849169,0.9543641225000004,0.44877234890000006,0.59
1.7870378647359437,1.2388747556000006,1.0071295744000002,0.9475000000000001
1.9698720850095828,1.6275001849000006,1.6053958464000004,0.6475000000000002
1.2135668605396244,0.22759702249999983,0.6351475025000001,0.6100000000000001
2.6450410698701825,4.1160181604,2.5402241009,0.33999999999999986
1.5843797786200124,0.7279848804,0.8422744025,0.9400000000000001
1.5494578902958285,1.2400485808999997,0.5107711729,0.65
1.3766537616263574,0.3475000169000001,0.9876755625,0.5600000000000002
1.6763094390058182,0.5505184729,1.9119948624000007,0.34750000000000025
2.4445349922224473,1.1511614601000002,3.0370898681,1.7875
1.1047563729619305,0.5604866436000001,0.5,0.16000000000000003
1.8877862604119142,1.6252641489,0.5909728160999999,1.3475
1.3510567417395911,0.5876755625000002,0.4101787568999999,0.8274999999999999
1.9361076138737745,1.1797382025,1.02877449,1.5399999999999998
1.6722596763062845,0.9413432224999996,1.6276092024999997,0.22750000000000004
1.7522636635221311,1.5516037609,0.7913241856000002,0.7275000000000005
1.6340751310144832,1.9216691969,0.5885323369,0.15999999999999998
1.302192165926366,0.42753931290000013,0.6406651241000001,0.6275000000000002
1.882533896215418,0.5953582399999999,2.0610756304000017,0.8875
1.8690472636613553,1.6302531009000005,1.1530845728999999,0.7100000000000002
2.6925707288203222,3.3679774160999996,3.4819597136000007,0.4
