Rg,Rgx2,Rgy2,Rgz2
1.4644235333399964,0.6370250624999999,0.1475112225,1.3599999999999997
1.5202727796352862,0.46010774439999985,1.1911215800999995,0.6599999999999999
1.8156687510942076,1.9015425536,0.6476104601000001,0.7474999999999998
1.8277504304472205,1.0532518563999997,1.1474197796000003,1.14
1.6525724896657332,0.4101345599999998,0.9933612735999997,1.3275000000000006
1.6508857879635404,0.5364745600000002,0.7614493248999995,1.4274999999999998
1.1411183160829557,0.6607879249000002,0.5413630863999999,0.1
1.7119850508693117,0.4908928143999999,0.8,1.64
1.8650205819775825,2.3351422656000005,0.7331595055999998,0.41000000000000025
2.393564621333629,1.4489424804000004,3.852709116099999,0.42750000000000005
1.9748558181295162,1.8100555023999998,0.6,1.4900000000000007
1.2264535475915914,0.7277137443999999,0.5364745600000002,0.23999999999999994
1.5465948610415077,1.1374277200999998,0.9070279441000002,0.3475
1.5791595644835894,1.21370881,0.2400361201,1.04
1.4273146675137895,0.2400361201,1.5071910399999997,0.2899999999999999
1.1471822447196434,0.3600063000999999,0.5285208025000001,0.42749999999999994
2.5611583834273115,3.5687642025,2.3807680625,0.6100000000000001
2.2365599796339017,0.7265857663999997,3.4881147761,0.7875
1.803959912470341,0.34750001690000004,1.8667713489000004,1.0399999999999998
1.7066185233378899,0.19002714410000002,1.9750196401,0.7474999999999997
1.957559997650136,0.5819065844000002,0.6601345600000001,2.5900000000000007
1.7187141560189698,0.6476104601000001,1.1188678899999995,1.1875
1.603163921749738,0.2,0.1601345600000001,2.21
2.510111435972515,2.7778978409000006,3.1752615801000017,0.34750000000000003
2.261263390076441,3.0830950463999978,1.3402170728999998,0.69
1.8437544596285047,1.1406682225,2.0487622848999996,0.21000000000000002
2.3952216599095784,1.8119907775999988,3.465096022499998,0.45999999999999996
2.5609552364889163,3.9308787264000005,0.12761299690000005,2.5
2.006664169610849,1.8052873296,0.47391375999999996,1.7475
1.6281878541802233,1.8833597329,0.5276359556,0.24
2.0183771874701715,0.5081317025,2.9782147684,0.5875
2.345798376416865,2.971193536400001,1.4840764864,1.0474999999999999
0.845616959740047,0.22753192249999996,0.24003612010000003,0.24750000000000022
2.658294840983596,3.321772851600001,2.0972586099999995,1.6475000000000002
2.4114279720116043,0.4390661761000002,1.2159186880999997,4.159999999999999
2.438376763053651,2.8858535225000006,1.1198277160999996,1.94
