Rg,Rgx2,Rgy2,Rgz2
2.5269582551557908,1.0778429903999995,0.34767503289999996,4.959999999999999
2.2172438830448944,1.6951544369000004,2.973516000000001,0.2475
2.0963256003064026,0.7126419599999998,2.0719390624999994,1.6099999999999999
2.3334349435113895,0.9200893956,3.677329240000001,0.8474999999999999
2.2768319082663964,2.7713383984000006,1.8651251401000006,0.5474999999999998
2.6296805984187515,3.3491110641000006,2.7186089856000013,0.8475000000000001
1.7378210910505145,1.0316589601,0.9608631844,1.0275000000000007
1.7651777306832306,0.7986434209000004,1.0897089999999998,1.2274999999999996
2.859865738002398,0.34750001690000004,1.8038320224999995,6.027499999999999
2.8312161351970286,2.3275259081,4.360758896099999,1.3275000000000001
2.120545754516983,0.9370651641000007,2.1996491329000003,1.3599999999999997
1.7371164411460736,1.2198140624999996,1.0577594676,0.74
2.1257322025363403,0.4101345599999998,2.261102836900001,1.8475000000000001
2.436345360083418,1.37926544,3.929013273600001,0.6274999999999998
2.121552859039812,1.2493560361,2.4916304976000005,0.7599999999999997
2.879376935727589,2.0065703155999994,3.9967412224000007,2.2875
1.848555298604832,0.3875427716,2.369613920399999,0.6599999999999997
2.0033445759030073,2.0543894769,1.1115000129000001,0.8474999999999999
2.3176909837594835,4.131463788100001,0.9402277081000001,0.3
2.4673575771865743,0.9150116281000003,3.962841785600001,1.2100000000000004
2.352702608065881,1.7477757123999997,0.8874338495999998,2.9
2.0437375452831508,1.0481533136000003,2.8387098403999995,0.2899999999999999
1.7026627917764574,1.6998466224999997,0.68921396,0.51
2.7360833927715,3.6026468081000003,1.7235055241000006,2.1599999999999997
2.3067130149197146,1.8910214416,2.3799034916,1.05
2.4439733186964214,3.5619430161000003,1.5835625664,0.8275000000000006
2.3741447769038855,0.5901073296000001,3.536456092099999,1.5099999999999998
2.101004074484388,1.3122724289,0.7619456921,2.34
2.43861079340267,3.3761895600999985,1.780633041600001,0.7899999999999999
2.3066589938697053,3.0526133184,1.9780623956000003,0.29
1.7790587701647183,0.4900361200999998,0.9475139875999998,1.7275000000000005
2.634000568412999,2.42274525,0.7277137444000003,3.7875
2.0008589472773934,2.3727683044,1.1406682225,0.48999999999999994
1.7020117610933245,1.1893265625,0.5475174723999998,1.1600000000000001
2.25289602318882,2.7164799409000002,1.8990605504000002,0.45999999999999996
2.489266529883853,1.3480846723999997,0.9608631844000002,3.8875
