Rg,Rgx2,Rgy2,Rgz2
1.6113845718511768,0.6065602384,0.5,1.4900000000000007
1.3241770529653505,0.63508989,1.0283549776000003,0.09000000000000004
1.631556801983921,0.8286329955999999,1.2933446025,0.54
1.4131565312094763,0.9416029375999999,0.6279084440999999,0.4274999999999999
2.304971013440299,4.2743057584,0.8510856144,0.1875
2.2068417300749053,2.8351086900000007,0.6475417316000002,1.3875
1.8983544750388426,1.6277289103999997,0.5285208025000001,1.4475000000000002
1.724146167933566,0.9171827584000001,1.3079972500000001,0.7475000000000002
1.3247701002438124,0.7600114921000002,0.4475043264000001,0.5475000000000002
1.7668666114056264,1.1703130816000002,1.2515045409000003,0.7
1.2512787190710148,0.48777489639999977,0.7904235363999997,0.2875
1.0012853074423893,0.34750001690000004,0.22757224999999992,0.4275000000000001
2.3930459568090203,4.345249922499999,0.6414190288999999,0.7399999999999998
2.0520671723167343,0.34803176360000004,0.8154479160999996,3.047499999999998
1.5859956278943521,0.5276359555999999,1.0477461761000004,0.9399999999999998
1.7367408720934738,0.8934316164,0.8828372404000001,1.2399999999999998
2.16077006171411,1.2260982595999999,2.515329,0.9275000000000005
1.6083552096785085,0.1876313316,1.9391751488999993,0.46000000000000013
1.3791047317734793,0.34007123359999997,1.2743586276000003,0.2875
2.31956895204691,3.5396374289000008,0.9307626943999997,0.9099999999999999
1.8258693826503585,0.7475549080999999,1.5387440944000006,1.0475000000000003
1.2983997121456858,0.4877748964000001,0.8105669161,0.3875
1.5498640374239283,0.6414190288999998,0.7331595055999998,1.0275000000000003
2.573557649830289,3.3146856281,2.6610133488999996,0.6474999999999995
1.9920490210835675,0.6,2.6082593024,0.76
2.447754814927345,3.0150651124,1.9164385216,1.0599999999999998
1.6297942753918357,1.2286723776000001,1.0875570024999994,0.3399999999999999
1.973542854462502,1.25,1.7573713984000006,0.8875
1.7426024465723673,0.9187385103999997,1.5904247764000004,0.5275000000000003
2.7522588624800535,2.4583775625,0.6565512836,4.459999999999999
1.4674588716553523,1.3958277956,0.21010774439999982,0.5475
2.175811759183225,0.5285208025000002,1.8781360088999997,2.3275000000000006
1.9777514112749364,2.2159254464000027,1.0480751983999999,0.6474999999999999
1.5156466634410544,0.3100000484000001,0.3871847600000001,1.6
1.6660829552576306,1.4875444889,0.6607879249,0.6275000000000001
1.756991049749543,0.6113749264000002,0.5281426225000001,1.9475000000000002
