Rg,Rgx2,Rgy2,Rgz2
1.8027756377319946,0.41,2.2,0.6399999999999999
1.93778223750761,2.5,0.1275,1.1274999999999995
1.7014699527173556,0.8275000000000002,1.3275000000000001,0.7399999999999999
2.0149441679609885,1.95,0.51,1.6
2.309761892490219,1.7474999999999998,0.44750000000000023,3.139999999999998
1.8641351882307247,0.36,1.7875,1.3274999999999992
1.6926310879810758,1.0875,1.5275,0.25
2.3462736413300127,1.3475,1.61,2.547499999999998
1.5083103128998356,0.5875,0.7275000000000004,0.96
1.8894443627691184,1.56,0.25,1.7599999999999998
1.752141546793523,0.5599999999999999,1.3,1.2099999999999995
2.3947860029656094,3.1875,0.9475,1.6
1.5874507866387542,0.48999999999999994,1.34,0.6899999999999997
2.3717082451262845,3.31,0.7274999999999998,1.5875
2.247220505424423,1.45,0.6600000000000001,2.9400000000000004
1.9480759738778157,1.3475,1.8475000000000001,0.6
2.105943968865269,0.8275000000000002,1.0474999999999997,2.5599999999999996
2.333452377915607,2.9900000000000007,1.6275000000000006,0.8275000000000002
1.617096162879623,1.0275000000000003,0.8399999999999999,0.7475000000000003
1.857417562100671,0.61,2.5,0.33999999999999997
2.479919353527449,2.01,2.0,2.1400000000000006
2.3484037131634756,4.327500000000001,0.45999999999999996,0.7274999999999997
2.6267851073127395,0.5899999999999999,4.7,1.6099999999999999
1.9013153341831543,1.4,0.22749999999999995,1.9875
2.2836374493338476,2.1599999999999997,1.5275000000000003,1.5275000000000005
2.8887713651308577,4.41,0.8474999999999996,3.0875
2.0260799589354814,1.0475,2.8100000000000014,0.24750000000000005
2.091650066335189,1.2274999999999998,1.4600000000000002,1.6875
1.5540270267920053,0.4400000000000001,0.6875,1.2875
2.6391286440793293,1.1275,1.9474999999999998,3.8899999999999997
2.303258561256204,1.85,0.7275000000000001,2.7275
1.6763054614240211,1.0100000000000002,0.48999999999999994,1.31
2.083266665599966,1.0,0.24000000000000007,3.1
1.8533752992850638,1.9274999999999998,0.24750000000000005,1.2599999999999996
2.2405356502408083,3.960000000000001,0.5600000000000002,0.5
1.7916472867168918,1.2600000000000002,1.2600000000000002,0.6899999999999998
