Rg,Rgx2,Rgy2,Rgz2
1.0464224768228176,0.22749999999999995,0.24000000000000013,0.6275000000000003
1.407124727947029,0.24000000000000013,0.9,0.8399999999999999
1.2389511693363866,0.7474999999999997,0.3399999999999999,0.44750000000000023
1.6109003693587012,1.04,1.0275000000000003,0.5275
1.3874436925511608,0.3875,1.0475,0.48999999999999994
1.8055470085267789,1.55,0.2,1.5099999999999996
1.996246477767713,0.7475000000000003,2.61,0.6275000000000003
1.2727922061357855,0.71,0.4,0.51
1.4611639196202457,0.5599999999999999,1.0274999999999999,0.5474999999999997
1.9634153916071861,1.8275000000000001,1.1400000000000001,0.8875
1.5313392831113553,0.6875,1.01,0.6474999999999997
1.5491933384829668,0.8099999999999999,0.65,0.9399999999999998
1.9013153341831543,1.6275000000000002,1.3475000000000004,0.6399999999999999
1.5636495771111891,0.8900000000000003,1.2275000000000005,0.3275
1.3711309200802089,0.76,0.7600000000000003,0.36
2.363260459619295,0.22749999999999998,0.7475000000000003,4.610000000000001
1.5508062419270823,0.8899999999999999,0.3875,1.1275000000000002
1.9506409203131163,0.42750000000000005,2.9275000000000007,0.45
1.4949916387726052,0.4474999999999999,0.6399999999999999,1.1474999999999997
1.5795568998931315,1.2399999999999998,0.5275000000000002,0.7275000000000001
1.6537835408541226,1.1275,0.9474999999999998,0.6599999999999999
1.911805429430516,1.1474999999999997,1.86,0.6475
1.8721645226849055,1.7875,0.48999999999999994,1.2275000000000005
0.9746794344808963,0.25,0.30999999999999994,0.39
1.721917535772257,0.6475,0.8275000000000002,1.4900000000000015
1.504991694329241,1.0474999999999999,0.2899999999999999,0.9274999999999999
1.9519221295943134,1.0099999999999998,0.6600000000000003,2.1399999999999997
1.4053469322555197,0.7399999999999999,1.0475,0.1875
1.9183326093250879,1.8900000000000006,0.23999999999999994,1.55
1.7306068299876782,0.5275000000000001,1.4400000000000002,1.0275000000000005
1.1291589790636214,0.3875,0.12749999999999995,0.76
2.466779276708802,2.2275,0.34750000000000025,3.5100000000000007
1.5297058540778357,1.2900000000000005,0.23999999999999994,0.8099999999999998
1.7131841699011816,0.24750000000000005,1.36,1.3275000000000006
1.8452642087245936,0.6275000000000002,2.3274999999999997,0.45
1.7058722109231979,1.9899999999999998,0.36,0.5599999999999998
